QRX 0.0.7.1 Final Release Audit
================================
[1/9] Cross-platform release-plan validation
PASS: linux-x64, linux-arm64, macos-x64, macos-arm64, windows-x64 plans
[2/9] GUI/Core RPC compatibility
QRX GUI/Core compatibility audit: PASS
Validated 29 GUI Core command names against qrx-cli dispatch.
Transport: HTTP JSON-RPC /rpc, network-specific ports 37660-37663.
Wallet session: local PEM verification + qrxd runtime walletpassphrasehex/walletlock parity.
[3/9] Network/RPC security invariants
SECURITY AUDIT: PASS: Core RPC defaults to IPv4 loopback
SECURITY AUDIT: PASS: Non-loopback RPC requires explicit opt-in plus credentials
SECURITY AUDIT: PASS: GUI-managed qrxd explicitly binds RPC to loopback
SECURITY AUDIT: PASS: BTC wallet sidecar is stdin/stdout only; no TCP server listener

Live socket snapshot (Linux):
SECURITY AUDIT: PASS: no live QRX RPC listener detected on 0.0.0.0

Expected design:
  Wallet/Core RPC: 127.0.0.1:37660-37663 only by default.
  BTC Light sidecar: local stdin/stdout process, no inbound TCP listener.
  QRX P2P: separate listener and may use 0.0.0.0 so peers can reach the node.

Remote RPC is an advanced/manual server feature only. It requires:
  --allow-remote-rpc --rpc-user <user> --rpc-password <strong-secret>
and should still be protected by a host firewall/VPN. Do not expose it directly to the Internet.
[4/9] 0.0.6 regression surface
PASS: file src/qrxdb_verify_tool.c
PASS: file src/qrxdb_salvage_tool.c
PASS: file src/qrxdb_compact_tool.c
PASS: file src/qrxdb_snapshot_tool.c
PASS: file src/storage/qrxdb_shutdown.c
PASS: file src/storage/qrxdb_shutdown.h
PASS: file src/openssl_applink.c
PASS: file scripts/build-linux-x64-static.sh
PASS: file scripts/build-macos-static.sh
PASS: file scripts/build-windows-x64-static.ps1
PASS: file scripts/build-openssl-3.6.2-linux-static.sh
PASS: CMakeLists.txt :: option(QRX_REQUIRE_PQC
PASS: CMakeLists.txt :: VERSION_LESS "3.5.0"
PASS: CMakeLists.txt :: src/openssl_applink.c
PASS: src/qrx_cli.c :: qrx_detect_network
PASS: src/qrx_cli.c :: getenv("QRX_NETWORK")
PASS: src/qrx_cli.c :: current_network
PASS: src/qrxd.c :: qrx_write_current_network
PASS: src/qrx.c :: invalid nonce: expected lane nonce + 1
PASS: src/qrx.c :: amount plus fee
PASS: all 59 legacy 0.0.6 CLI commands still present
PASS: 0.0.6 server dashboard RPC handlers still present
PASS: 0.0.6 mobile-wallet raw-TX pipeline still present
RESULT: QRX Core 0.0.6 regression feature audit PASSED
[5/9] Python tooling/wallet/build tests
test_confirm_requires_prefunded_inventory (test_arbitrage_engine.ArbitrageTests.test_confirm_requires_prefunded_inventory) ... ok
test_deterministic_id (test_arbitrage_engine.ArbitrageTests.test_deterministic_id) ... ok
test_explicit_approval_creates_ioc_plan (test_arbitrage_engine.ArbitrageTests.test_explicit_approval_creates_ioc_plan) ... ok
test_insufficient_depth_is_rejected_safely (test_arbitrage_engine.ArbitrageTests.test_insufficient_depth_is_rejected_safely) ... ok
test_paper_trade_is_persisted (test_arbitrage_engine.ArbitrageTests.test_paper_trade_is_persisted) ... ok
test_pending_live_opportunities_reserve_daily_risk (test_arbitrage_engine.ArbitrageTests.test_pending_live_opportunities_reserve_daily_risk) ... ok
test_profitable_executable_depth_is_accepted (test_arbitrage_engine.ArbitrageTests.test_profitable_executable_depth_is_accepted) ... ok
test_quantity_and_exposure_limits (test_arbitrage_engine.ArbitrageTests.test_quantity_and_exposure_limits) ... ok
test_stale_book_is_rejected (test_arbitrage_engine.ArbitrageTests.test_stale_book_is_rejected) ... ok
test_stale_oracle_is_rejected (test_arbitrage_engine.ArbitrageTests.test_stale_oracle_is_rejected) ... ok
test_unapproved_plan_cannot_be_broadcast (test_arbitrage_engine.ArbitrageTests.test_unapproved_plan_cannot_be_broadcast) ... ok
test_vwap_uses_depth_not_top_ticker (test_arbitrage_engine.ArbitrageTests.test_vwap_uses_depth_not_top_ticker) ... ok
test_all_seven_csvs_and_manifest (test_complete_ledger.LedgerTests.test_all_seven_csvs_and_manifest) ... ok
test_core_snapshot_is_unbounded_verified_and_wallet_filtered (test_complete_ledger.LedgerTests.test_core_snapshot_is_unbounded_verified_and_wallet_filtered) ... ok
test_csv_formula_injection_is_data_not_formula (test_complete_ledger.LedgerTests.test_csv_formula_injection_is_data_not_formula) ... ok
test_german_profile_semicolon_decimal_comma_and_bom (test_complete_ledger.LedgerTests.test_german_profile_semicolon_decimal_comma_and_bom) ... ok
test_inclusive_to_date_and_exact_timestamp_filter (test_complete_ledger.LedgerTests.test_inclusive_to_date_and_exact_timestamp_filter) ... ok
test_international_profile_is_rfc_csv (test_complete_ledger.LedgerTests.test_international_profile_is_rfc_csv) ... ok
test_kraken_period_reads_immutable_event_journal (test_complete_ledger.LedgerTests.test_kraken_period_reads_immutable_event_journal) ... ok
test_manifest_hashes_match (test_complete_ledger.LedgerTests.test_manifest_hashes_match) ... ok
test_negative_numeric_profit_remains_numeric (test_complete_ledger.LedgerTests.test_negative_numeric_profit_remains_numeric) ... ok
test_paper_profit_is_not_reported_as_realized (test_complete_ledger.LedgerTests.test_paper_profit_is_not_reported_as_realized) ... ok
test_period_filter_uses_block_timestamp_and_fails_if_unknown (test_complete_ledger.LedgerTests.test_period_filter_uses_block_timestamp_and_fails_if_unknown) ... ok
test_source_warning_fails_closed_without_manifest (test_complete_ledger.LedgerTests.test_source_warning_fails_closed_without_manifest) ... ok
test_year_and_quarter_periods_are_half_open_utc (test_complete_ledger.LedgerTests.test_year_and_quarter_periods_are_half_open_utc) ... ok
test_arbitrage_gateway_forces_supported_tif (test_kraken_gateway.KrakenGatewayTests.test_arbitrage_gateway_forces_supported_tif) ... ok
test_atom_conversion (test_kraken_gateway.KrakenGatewayTests.test_atom_conversion) ... ok
test_client_order_id_is_short_uuid_shape_and_deterministic (test_kraken_gateway.KrakenGatewayTests.test_client_order_id_is_short_uuid_shape_and_deterministic) ... ok
test_gateway_db_persists_pending_signed_report (test_kraken_gateway.KrakenGatewayTests.test_gateway_db_persists_pending_signed_report) ... ok
test_gateway_keeps_immutable_status_event_history (test_kraken_gateway.KrakenGatewayTests.test_gateway_keeps_immutable_status_event_history) ... ok
test_market_aliases (test_kraken_gateway.KrakenGatewayTests.test_market_aliases) ... ok
test_pair_catalog_uses_assetpairs_precision (test_kraken_gateway.KrakenGatewayTests.test_pair_catalog_uses_assetpairs_precision) ... ok
test_regular_gtc_order_does_not_get_short_deadline (test_kraken_gateway.KrakenGatewayTests.test_regular_gtc_order_does_not_get_short_deadline) ... ok
test_signature_matches_kraken_documented_vector (test_kraken_gateway.KrakenGatewayTests.test_signature_matches_kraken_documented_vector) ... ok
test_top_level_permission_shape_is_accepted (test_kraken_gateway.KrakenGatewayTests.test_top_level_permission_shape_is_accepted) ... ok
test_withdraw_permission_is_refused (test_kraken_gateway.KrakenGatewayTests.test_withdraw_permission_is_refused) ... ok
test_all_plan_dispatches_every_target_without_network (test_multi_target_build.MultiTargetBuildTests.test_all_plan_dispatches_every_target_without_network) ... ok
test_all_supported_plans_are_complete_and_ordered (test_multi_target_build.MultiTargetBuildTests.test_all_supported_plans_are_complete_and_ordered) ... ok
test_ci_matrix_has_five_native_targets (test_multi_target_build.MultiTargetBuildTests.test_ci_matrix_has_five_native_targets) ... ok
test_host_target_detects_current_linux_architecture (test_multi_target_build.MultiTargetBuildTests.test_host_target_detects_current_linux_architecture) ... ok
test_package_metadata_is_valid (test_multi_target_build.MultiTargetBuildTests.test_package_metadata_is_valid) ... ok
test_tauri_is_built_after_sidecars (test_multi_target_build.MultiTargetBuildTests.test_tauri_is_built_after_sidecars) ... ok
test_btc_capability_declares_shared_service (test_wallet_cli.WalletCliTests.test_btc_capability_declares_shared_service) ... ok
test_btc_passphrase_is_stdin_only (test_wallet_cli.WalletCliTests.test_btc_passphrase_is_stdin_only) ... ok
test_capabilities_cover_core_and_phase4f2 (test_wallet_cli.WalletCliTests.test_capabilities_cover_core_and_phase4f2) ... ok
test_default_datadir_matches_tauri_layout (test_wallet_cli.WalletCliTests.test_default_datadir_matches_tauri_layout) ... ok
test_paths_match_tauri_layout (test_wallet_cli.WalletCliTests.test_paths_match_tauri_layout) ... ok
test_resource_resolution_supports_build_bundle (test_wallet_cli.WalletCliTests.test_resource_resolution_supports_build_bundle) ... ok
test_complete_export_uses_local_core_snapshot (test_wallet_feature_parity.WalletFeatureParityTests.test_complete_export_uses_local_core_snapshot) ... ok
test_no_one_million_trade_cap_remains (test_wallet_feature_parity.WalletFeatureParityTests.test_no_one_million_trade_cap_remains) ... ok
test_period_controls_exist_in_both_wallets (test_wallet_feature_parity.WalletFeatureParityTests.test_period_controls_exist_in_both_wallets) ... ok
test_tauri_and_cli_share_rust_bdk_service (test_wallet_feature_parity.WalletFeatureParityTests.test_tauri_and_cli_share_rust_bdk_service) ... ok
test_tauri_exposes_safe_full_cli_bridge (test_wallet_feature_parity.WalletFeatureParityTests.test_tauri_exposes_safe_full_cli_bridge) ... ok

----------------------------------------------------------------------
Ran 53 tests in 0.077s

OK
[6/9] Front-end JavaScript syntax
[7/9] Native-host Core clean build + CTests
-- The C compiler identification is GNU 14.2.0
-- Detecting C compiler ABI info
-- Detecting C compiler ABI info - done
-- Check for working C compiler: /usr/bin/cc - skipped
-- Detecting C compile features
-- Detecting C compile features - done
-- Found OpenSSL: /usr/lib/x86_64-linux-gnu/libcrypto.so (found version "3.5.6")
-- Performing Test CMAKE_HAVE_LIBC_PTHREAD
-- Performing Test CMAKE_HAVE_LIBC_PTHREAD - Success
-- Found Threads: TRUE
-- Detected OpenSSL version: 3.5.6
-- OpenSSL include dir: /usr/include
-- OpenSSL crypto lib : /usr/lib/x86_64-linux-gnu/libcrypto.so
-- Configuring done (0.3s)
-- Generating done (0.0s)
-- Build files have been written to: /mnt/data/qrx_security_hardening/build/final-audit-host
[  2%] Building C object CMakeFiles/qrxcore.dir/src/qrx.c.o
[  5%] Building C object CMakeFiles/qrxcore.dir/src/chain_params.c.o
[  7%] Building C object CMakeFiles/qrxcore.dir/src/qrxdb.c.o
[ 10%] Building C object CMakeFiles/qrxcore.dir/src/core_frontend.c.o
[ 12%] Building C object CMakeFiles/qrxcore.dir/src/mempool/qrx_velocity_mempool.c.o
[ 15%] Building C object CMakeFiles/qrxcore.dir/src/mempool/qrx_velocity_scheduler.c.o
[ 17%] Building C object CMakeFiles/qrxcore.dir/src/mempool/qrx_velocity_mvcc.c.o
/mnt/data/qrx_security_hardening/qrx-core/src/core_frontend.c: In function 'ensure_wallet':
/mnt/data/qrx_security_hardening/qrx-core/src/core_frontend.c:189:28: warning: '/wallets/' directive output may be truncated writing 9 bytes into a region of size between 1 and 4096 [-Wformat-truncation=]
  189 |     snprintf(out,out_sz,"%s/wallets/%s",root,wallet);
      |                            ^~~~~~~~~
In file included from /usr/include/stdio.h:970,
                 from /mnt/data/qrx_security_hardening/qrx-core/src/core_frontend.c:7:
In function 'snprintf',
    inlined from 'shared_wallet_dir_from_network_base' at /mnt/data/qrx_security_hardening/qrx-core/src/core_frontend.c:189:5,
    inlined from 'ensure_wallet' at /mnt/data/qrx_security_hardening/qrx-core/src/core_frontend.c:194:8:
/usr/include/x86_64-linux-gnu/bits/stdio2.h:68:10: note: '__builtin___snprintf_chk' output 10 or more bytes (assuming 4105) into a destination of size 4096
   68 |   return __builtin___snprintf_chk (__s, __n, __USE_FORTIFY_LEVEL - 1,
      |          ^~~~~~~~~~~~~~~~~~~~~~~~~~~~~~~~~~~~~~~~~~~~~~~~~~~~~~~~~~~~
   69 |                                    __glibc_objsize (__s), __fmt,
      |                                    ~~~~~~~~~~~~~~~~~~~~~~~~~~~~~
   70 |                                    __va_arg_pack ());
      |                                    ~~~~~~~~~~~~~~~~~
/mnt/data/qrx_security_hardening/qrx-core/src/core_frontend.c: In function 'ensure_wallet':
/mnt/data/qrx_security_hardening/qrx-core/src/core_frontend.c:206:37: warning: '/address.txt' directive output may be truncated writing 12 bytes into a region of size between 1 and 4096 [-Wformat-truncation=]
  206 |     snprintf(apath,sizeof(apath),"%s/address.txt",wdir);
      |                                     ^~~~~~~~~~~~
In function 'snprintf',
    inlined from 'ensure_wallet' at /mnt/data/qrx_security_hardening/qrx-core/src/core_frontend.c:206:5:
/usr/include/x86_64-linux-gnu/bits/stdio2.h:68:10: note: '__builtin___snprintf_chk' output between 13 and 4108 bytes into a destination of size 4096
   68 |   return __builtin___snprintf_chk (__s, __n, __USE_FORTIFY_LEVEL - 1,
      |          ^~~~~~~~~~~~~~~~~~~~~~~~~~~~~~~~~~~~~~~~~~~~~~~~~~~~~~~~~~~~
   69 |                                    __glibc_objsize (__s), __fmt,
      |                                    ~~~~~~~~~~~~~~~~~~~~~~~~~~~~~
   70 |                                    __va_arg_pack ());
      |                                    ~~~~~~~~~~~~~~~~~
/mnt/data/qrx_security_hardening/qrx-core/src/core_frontend.c: In function 'ensure_wallet':
/mnt/data/qrx_security_hardening/qrx-core/src/core_frontend.c:212:64: warning: '%s' directive output may be truncated writing likely 7 or more bytes into a region of size between 0 and 4095 [-Wformat-truncation=]
  212 |             snprintf(legacy_address,sizeof(legacy_address),"%s/%s/wallets/%s/address.txt",root,legacy_networks[i],wallet);
      |                                                                ^~
/mnt/data/qrx_security_hardening/qrx-core/src/core_frontend.c:212:60: note: assuming directive output of 7 bytes
  212 |             snprintf(legacy_address,sizeof(legacy_address),"%s/%s/wallets/%s/address.txt",root,legacy_networks[i],wallet);
      |                                                            ^~~~~~~~~~~~~~~~~~~~~~~~~~~~~~
In function 'snprintf',
    inlined from 'ensure_wallet' at /mnt/data/qrx_security_hardening/qrx-core/src/core_frontend.c:212:13:
/usr/include/x86_64-linux-gnu/bits/stdio2.h:68:10: note: '__builtin___snprintf_chk' output 23 or more bytes (assuming 4125) into a destination of size 4096
   68 |   return __builtin___snprintf_chk (__s, __n, __USE_FORTIFY_LEVEL - 1,
      |          ^~~~~~~~~~~~~~~~~~~~~~~~~~~~~~~~~~~~~~~~~~~~~~~~~~~~~~~~~~~~
   69 |                                    __glibc_objsize (__s), __fmt,
      |                                    ~~~~~~~~~~~~~~~~~~~~~~~~~~~~~
   70 |                                    __va_arg_pack ());
      |                                    ~~~~~~~~~~~~~~~~~
/mnt/data/qrx_security_hardening/qrx-core/src/core_frontend.c: In function 'ensure_wallet':
/mnt/data/qrx_security_hardening/qrx-core/src/core_frontend.c:224:37: warning: '/address.txt' directive output may be truncated writing 12 bytes into a region of size between 1 and 4096 [-Wformat-truncation=]
  224 |     snprintf(apath,sizeof(apath),"%s/address.txt",wdir);
      |                                     ^~~~~~~~~~~~
In function 'snprintf',
    inlined from 'ensure_wallet' at /mnt/data/qrx_security_hardening/qrx-core/src/core_frontend.c:224:5:
/usr/include/x86_64-linux-gnu/bits/stdio2.h:68:10: note: '__builtin___snprintf_chk' output between 13 and 4108 bytes into a destination of size 4096
   68 |   return __builtin___snprintf_chk (__s, __n, __USE_FORTIFY_LEVEL - 1,
      |          ^~~~~~~~~~~~~~~~~~~~~~~~~~~~~~~~~~~~~~~~~~~~~~~~~~~~~~~~~~~~
   69 |                                    __glibc_objsize (__s), __fmt,
      |                                    ~~~~~~~~~~~~~~~~~~~~~~~~~~~~~
   70 |                                    __va_arg_pack ());
      |                                    ~~~~~~~~~~~~~~~~~
/mnt/data/qrx_security_hardening/qrx-core/src/core_frontend.c: In function 'ensure_chain':
/mnt/data/qrx_security_hardening/qrx-core/src/core_frontend.c:92:49: warning: '/snapshots' directive output may be truncated writing 10 bytes into a region of size between 1 and 4096 [-Wformat-truncation=]
   92 |         snprintf(snapshots,sizeof(snapshots),"%s/snapshots",cdir);
      |                                                 ^~~~~~~~~~
In function 'snprintf',
    inlined from 'ensure_chain' at /mnt/data/qrx_security_hardening/qrx-core/src/core_frontend.c:92:9:
/usr/include/x86_64-linux-gnu/bits/stdio2.h:68:10: note: '__builtin___snprintf_chk' output between 11 and 4106 bytes into a destination of size 4096
   68 |   return __builtin___snprintf_chk (__s, __n, __USE_FORTIFY_LEVEL - 1,
      |          ^~~~~~~~~~~~~~~~~~~~~~~~~~~~~~~~~~~~~~~~~~~~~~~~~~~~~~~~~~~~
   69 |                                    __glibc_objsize (__s), __fmt,
      |                                    ~~~~~~~~~~~~~~~~~~~~~~~~~~~~~
   70 |                                    __va_arg_pack ());
      |                                    ~~~~~~~~~~~~~~~~~
/mnt/data/qrx_security_hardening/qrx-core/src/core_frontend.c: In function 'ensure_chain':
/mnt/data/qrx_security_hardening/qrx-core/src/core_frontend.c:93:37: warning: '/wal' directive output may be truncated writing 4 bytes into a region of size between 1 and 4096 [-Wformat-truncation=]
   93 |         snprintf(wal,sizeof(wal),"%s/wal",cdir);
      |                                     ^~~~
In function 'snprintf',
    inlined from 'ensure_chain' at /mnt/data/qrx_security_hardening/qrx-core/src/core_frontend.c:93:9:
/usr/include/x86_64-linux-gnu/bits/stdio2.h:68:10: note: '__builtin___snprintf_chk' output between 5 and 4100 bytes into a destination of size 4096
   68 |   return __builtin___snprintf_chk (__s, __n, __USE_FORTIFY_LEVEL - 1,
      |          ^~~~~~~~~~~~~~~~~~~~~~~~~~~~~~~~~~~~~~~~~~~~~~~~~~~~~~~~~~~~
   69 |                                    __glibc_objsize (__s), __fmt,
      |                                    ~~~~~~~~~~~~~~~~~~~~~~~~~~~~~
   70 |                                    __va_arg_pack ());
      |                                    ~~~~~~~~~~~~~~~~~
/mnt/data/qrx_security_hardening/qrx-core/src/core_frontend.c: In function 'ensure_chain':
/mnt/data/qrx_security_hardening/qrx-core/src/core_frontend.c:94:45: warning: '/indexes' directive output may be truncated writing 8 bytes into a region of size between 1 and 4096 [-Wformat-truncation=]
   94 |         snprintf(indexes,sizeof(indexes),"%s/indexes",cdir);
      |                                             ^~~~~~~~
In function 'snprintf',
    inlined from 'ensure_chain' at /mnt/data/qrx_security_hardening/qrx-core/src/core_frontend.c:94:9:
/usr/include/x86_64-linux-gnu/bits/stdio2.h:68:10: note: '__builtin___snprintf_chk' output between 9 and 4104 bytes into a destination of size 4096
   68 |   return __builtin___snprintf_chk (__s, __n, __USE_FORTIFY_LEVEL - 1,
      |          ^~~~~~~~~~~~~~~~~~~~~~~~~~~~~~~~~~~~~~~~~~~~~~~~~~~~~~~~~~~~
   69 |                                    __glibc_objsize (__s), __fmt,
      |                                    ~~~~~~~~~~~~~~~~~~~~~~~~~~~~~
   70 |                                    __va_arg_pack ());
      |                                    ~~~~~~~~~~~~~~~~~
/mnt/data/qrx_security_hardening/qrx-core/src/core_frontend.c: In function 'ensure_chain':
/mnt/data/qrx_security_hardening/qrx-core/src/core_frontend.c:108:35: warning: '/chain.conf' directive output may be truncated writing 11 bytes into a region of size between 1 and 4096 [-Wformat-truncation=]
  108 |     snprintf(conf,sizeof(conf),"%s/chain.conf",cdir);
      |                                   ^~~~~~~~~~~
In function 'snprintf',
    inlined from 'ensure_chain' at /mnt/data/qrx_security_hardening/qrx-core/src/core_frontend.c:108:5:
/usr/include/x86_64-linux-gnu/bits/stdio2.h:68:10: note: '__builtin___snprintf_chk' output between 12 and 4107 bytes into a destination of size 4096
   68 |   return __builtin___snprintf_chk (__s, __n, __USE_FORTIFY_LEVEL - 1,
      |          ^~~~~~~~~~~~~~~~~~~~~~~~~~~~~~~~~~~~~~~~~~~~~~~~~~~~~~~~~~~~
   69 |                                    __glibc_objsize (__s), __fmt,
      |                                    ~~~~~~~~~~~~~~~~~~~~~~~~~~~~~
   70 |                                    __va_arg_pack ());
      |                                    ~~~~~~~~~~~~~~~~~
/mnt/data/qrx_security_hardening/qrx-core/src/core_frontend.c: In function 'ensure_chain':
/mnt/data/qrx_security_hardening/qrx-core/src/core_frontend.c:172:37: warning: '/seednodes.txt' directive output may be truncated writing 14 bytes into a region of size between 1 and 4096 [-Wformat-truncation=]
  172 |     snprintf(seedf,sizeof(seedf),"%s/seednodes.txt",cdir);
      |                                     ^~~~~~~~~~~~~~
In function 'snprintf',
    inlined from 'ensure_chain' at /mnt/data/qrx_security_hardening/qrx-core/src/core_frontend.c:172:5:
/usr/include/x86_64-linux-gnu/bits/stdio2.h:68:10: note: '__builtin___snprintf_chk' output between 15 and 4110 bytes into a destination of size 4096
   68 |   return __builtin___snprintf_chk (__s, __n, __USE_FORTIFY_LEVEL - 1,
      |          ^~~~~~~~~~~~~~~~~~~~~~~~~~~~~~~~~~~~~~~~~~~~~~~~~~~~~~~~~~~~
   69 |                                    __glibc_objsize (__s), __fmt,
      |                                    ~~~~~~~~~~~~~~~~~~~~~~~~~~~~~
   70 |                                    __va_arg_pack ());
      |                                    ~~~~~~~~~~~~~~~~~
[ 17%] Built target qrx-wallet-cli
/mnt/data/qrx_security_hardening/qrx-core/src/qrx.c:129:9: warning: "QRX_PROTOCOL_VERSION" redefined
  129 | #define QRX_PROTOCOL_VERSION 6
      |         ^~~~~~~~~~~~~~~~~~~~
In file included from /mnt/data/qrx_security_hardening/qrx-core/src/qrx.c:3:
/mnt/data/qrx_security_hardening/qrx-core/src/protocol/qrx_protocol_version.h:2:9: note: this is the location of the previous definition
    2 | #define QRX_PROTOCOL_VERSION 2
      |         ^~~~~~~~~~~~~~~~~~~~
/mnt/data/qrx_security_hardening/qrx-core/src/mempool/qrx_velocity_mempool.c: In function 'mkdir_if_missing':
/mnt/data/qrx_security_hardening/qrx-core/src/mempool/qrx_velocity_mempool.c:50:5: warning: this 'if' clause does not guard... [-Wmisleading-indentation]
   50 |     if(mkdir(p,0700)==0 || errno==EEXIST) return 0; return -1;
      |     ^~
/mnt/data/qrx_security_hardening/qrx-core/src/mempool/qrx_velocity_mempool.c:50:53: note: ...this statement, but the latter is misleadingly indented as if it were guarded by the 'if'
   50 |     if(mkdir(p,0700)==0 || errno==EEXIST) return 0; return -1;
      |                                                     ^~~~~~
/mnt/data/qrx_security_hardening/qrx-core/src/mempool/qrx_velocity_mempool.c: In function 'field':
/mnt/data/qrx_security_hardening/qrx-core/src/mempool/qrx_velocity_mempool.c:72:5: warning: this 'if' clause does not guard... [-Wmisleading-indentation]
   72 |     if(!tx||!key||!out||out_sz==0)return -1; size_t kl=strlen(key); const char *p=tx;
      |     ^~
/mnt/data/qrx_security_hardening/qrx-core/src/mempool/qrx_velocity_mempool.c:72:46: note: ...this statement, but the latter is misleadingly indented as if it were guarded by the 'if'
   72 |     if(!tx||!key||!out||out_sz==0)return -1; size_t kl=strlen(key); const char *p=tx;
      |                                              ^~~~~~
/mnt/data/qrx_security_hardening/qrx-core/src/mempool/qrx_velocity_mempool.c: In function 'payload_field':
/mnt/data/qrx_security_hardening/qrx-core/src/mempool/qrx_velocity_mempool.c:77:5: warning: this 'if' clause does not guard... [-Wmisleading-indentation]
   77 |     if(!payload||!key||!out||!out_sz)return -1;size_t kl=strlen(key);const char *p=payload;
      |     ^~
/mnt/data/qrx_security_hardening/qrx-core/src/mempool/qrx_velocity_mempool.c:77:48: note: ...this statement, but the latter is misleadingly indented as if it were guarded by the 'if'
   77 |     if(!payload||!key||!out||!out_sz)return -1;size_t kl=strlen(key);const char *p=payload;
      |                                                ^~~~~~
/mnt/data/qrx_security_hardening/qrx-core/src/mempool/qrx_velocity_mempool.c: In function 'hash_tx':
/mnt/data/qrx_security_hardening/qrx-core/src/mempool/qrx_velocity_mempool.c:86:5: warning: this 'for' clause does not guard... [-Wmisleading-indentation]
   86 |     for(size_t i=0;i<64;i++)sprintf(out+i*2,"%02x",digest[i]);out[128]=0;return 0;
      |     ^~~
/mnt/data/qrx_security_hardening/qrx-core/src/mempool/qrx_velocity_mempool.c:86:63: note: ...this statement, but the latter is misleadingly indented as if it were guarded by the 'for'
   86 |     for(size_t i=0;i<64;i++)sprintf(out+i*2,"%02x",digest[i]);out[128]=0;return 0;
      |                                                               ^~~
/mnt/data/qrx_security_hardening/qrx-core/src/mempool/qrx_velocity_mempool.c: In function 'add_access':
/mnt/data/qrx_security_hardening/qrx-core/src/mempool/qrx_velocity_mempool.c:107:5: warning: this 'if' clause does not guard... [-Wmisleading-indentation]
  107 |     if(!value||!*value||e->access_count>=QRX_VELOCITY_MAX_ACCESS_KEYS)return;char *dst=e->access[e->access_count++];snprintf(dst,512,"%s%s",prefix?prefix:"",value);
      |     ^~
/mnt/data/qrx_security_hardening/qrx-core/src/mempool/qrx_velocity_mempool.c:107:78: note: ...this statement, but the latter is misleadingly indented as if it were guarded by the 'if'
  107 |     if(!value||!*value||e->access_count>=QRX_VELOCITY_MAX_ACCESS_KEYS)return;char *dst=e->access[e->access_count++];snprintf(dst,512,"%s%s",prefix?prefix:"",value);
      |                                                                              ^~~~
/mnt/data/qrx_security_hardening/qrx-core/src/mempool/qrx_velocity_mempool.c: In function 'qrx_velocity_tx_metadata':
/mnt/data/qrx_security_hardening/qrx-core/src/mempool/qrx_velocity_mempool.c:111:5: warning: this 'if' clause does not guard... [-Wmisleading-indentation]
  111 |     if(!tx||!e)return -1;memset(e,0,sizeof(*e));if(hash_tx(tx,e->txid)!=0)return -1;
      |     ^~
/mnt/data/qrx_security_hardening/qrx-core/src/mempool/qrx_velocity_mempool.c:111:26: note: ...this statement, but the latter is misleadingly indented as if it were guarded by the 'if'
  111 |     if(!tx||!e)return -1;memset(e,0,sizeof(*e));if(hash_tx(tx,e->txid)!=0)return -1;
      |                          ^~~~~~
/mnt/data/qrx_security_hardening/qrx-core/src/mempool/qrx_velocity_mempool.c: In function 'qrx_velocity_entries_conflict':
/mnt/data/qrx_security_hardening/qrx-core/src/mempool/qrx_velocity_mempool.c:127:5: warning: this 'if' clause does not guard... [-Wmisleading-indentation]
  127 |     if(!a||!b)return 1;for(uint32_t i=0;i<a->access_count;i++)for(uint32_t j=0;j<b->access_count;j++)if(!strcmp(a->access[i],b->access[j]))return 1;return 0;
      |     ^~
/mnt/data/qrx_security_hardening/qrx-core/src/mempool/qrx_velocity_mempool.c:127:24: note: ...this statement, but the latter is misleadingly indented as if it were guarded by the 'if'
  127 |     if(!a||!b)return 1;for(uint32_t i=0;i<a->access_count;i++)for(uint32_t j=0;j<b->access_count;j++)if(!strcmp(a->access[i],b->access[j]))return 1;return 0;
      |                        ^~~
/mnt/data/qrx_security_hardening/qrx-core/src/mempool/qrx_velocity_mempool.c: In function 'wal_append':
/mnt/data/qrx_security_hardening/qrx-core/src/mempool/qrx_velocity_mempool.c:147:5: warning: this 'if' clause does not guard... [-Wmisleading-indentation]
  147 |     if(fflush(f)!=0)return -1;p->wal_since_sync++;if(p->wal_since_sync>=64){if(durable(f)!=0)return -1;p->wal_since_sync=0;p->wal_syncs++;}
      |     ^~
/mnt/data/qrx_security_hardening/qrx-core/src/mempool/qrx_velocity_mempool.c:147:31: note: ...this statement, but the latter is misleadingly indented as if it were guarded by the 'if'
  147 |     if(fflush(f)!=0)return -1;p->wal_since_sync++;if(p->wal_since_sync>=64){if(durable(f)!=0)return -1;p->wal_since_sync=0;p->wal_syncs++;}
      |                               ^
/mnt/data/qrx_security_hardening/qrx-core/src/mempool/qrx_velocity_mempool.c: In function 'replay':
/mnt/data/qrx_security_hardening/qrx-core/src/mempool/qrx_velocity_mempool.c:164:9: warning: this 'else' clause does not guard... [-Wmisleading-indentation]
  164 |         else if(h.op==QV_WAL_REMOVE)remove_unlocked(p,h.txid,0);free(buf);p->stats.recovered_records++;}
      |         ^~~~
/mnt/data/qrx_security_hardening/qrx-core/src/mempool/qrx_velocity_mempool.c:164:65: note: ...this statement, but the latter is misleadingly indented as if it were guarded by the 'else'
  164 |         else if(h.op==QV_WAL_REMOVE)remove_unlocked(p,h.txid,0);free(buf);p->stats.recovered_records++;}
      |                                                                 ^~~~
/mnt/data/qrx_security_hardening/qrx-core/src/mempool/qrx_velocity_mempool.c: In function 'qrx_velocity_mempool_open':
/mnt/data/qrx_security_hardening/qrx-core/src/mempool/qrx_velocity_mempool.c:169:5: warning: this 'if' clause does not guard... [-Wmisleading-indentation]
  169 |     if(!p||!node_dir)return -1;memset(p,0,sizeof(*p));snprintf(p->node_dir,sizeof(p->node_dir),"%s",node_dir);mkdir_if_missing(node_dir);snprintf(p->wal_path,sizeof(p->wal_path),"%s/velocity_mempool.wal",node_dir);p->max_entries=max_entries?max_entries:QRX_MAX_MEMPOOL_TX;p->shards=(QrxVelocityShard*)calloc(QRX_VELOCITY_MEMPOOL_SHARDS,sizeof(QrxVelocityShard));if(!p->shards)return -1;
      |     ^~
/mnt/data/qrx_security_hardening/qrx-core/src/mempool/qrx_velocity_mempool.c:169:32: note: ...this statement, but the latter is misleadingly indented as if it were guarded by the 'if'
  169 |     if(!p||!node_dir)return -1;memset(p,0,sizeof(*p));snprintf(p->node_dir,sizeof(p->node_dir),"%s",node_dir);mkdir_if_missing(node_dir);snprintf(p->wal_path,sizeof(p->wal_path),"%s/velocity_mempool.wal",node_dir);p->max_entries=max_entries?max_entries:QRX_MAX_MEMPOOL_TX;p->shards=(QrxVelocityShard*)calloc(QRX_VELOCITY_MEMPOOL_SHARDS,sizeof(QrxVelocityShard));if(!p->shards)return -1;
      |                                ^~~~~~
/mnt/data/qrx_security_hardening/qrx-core/src/mempool/qrx_velocity_mempool.c: In function 'qrx_velocity_mempool_checkpoint':
/mnt/data/qrx_security_hardening/qrx-core/src/mempool/qrx_velocity_mempool.c:190:5: warning: this 'if' clause does not guard... [-Wmisleading-indentation]
  190 |     if(!p||!p->initialized)return -1;lock_pool(p);char tmp[1300];snprintf(tmp,sizeof(tmp),"%s.tmp",p->wal_path);FILE *f=fopen(tmp,"wb");if(!f){unlock_pool(p);return -1;}int rc=0;for(uint32_t s=0;s<QRX_VELOCITY_MEMPOOL_SHARDS&&!rc;s++)for(size_t i=0;i<p->shards[s].count;i++){QrxVelocityMempoolEntry *e=&p->shards[s].items[i];QvWalHeader h;memset(&h,0,sizeof(h));h.magic=QV_WAL_MAGIC;h.version=QV_WAL_VERSION;h.op=QV_WAL_ADD;h.payload_len=(uint32_t)e->tx_len;h.crc32=crc32_local(e->tx,e->tx_len);snprintf(h.txid,sizeof(h.txid),"%s",e->txid);if(fwrite(&h,sizeof(h),1,f)!=1||fwrite(e->tx,1,e->tx_len,f)!=e->tx_len)rc=-1;}if(!rc&&durable(f)!=0)rc=-1;fclose(f);if(!rc){if(p->wal_file){durable((FILE*)p->wal_file);fclose((FILE*)p->wal_file);p->wal_file=NULL;}
      |     ^~
/mnt/data/qrx_security_hardening/qrx-core/src/mempool/qrx_velocity_mempool.c:190:38: note: ...this statement, but the latter is misleadingly indented as if it were guarded by the 'if'
  190 |     if(!p||!p->initialized)return -1;lock_pool(p);char tmp[1300];snprintf(tmp,sizeof(tmp),"%s.tmp",p->wal_path);FILE *f=fopen(tmp,"wb");if(!f){unlock_pool(p);return -1;}int rc=0;for(uint32_t s=0;s<QRX_VELOCITY_MEMPOOL_SHARDS&&!rc;s++)for(size_t i=0;i<p->shards[s].count;i++){QrxVelocityMempoolEntry *e=&p->shards[s].items[i];QvWalHeader h;memset(&h,0,sizeof(h));h.magic=QV_WAL_MAGIC;h.version=QV_WAL_VERSION;h.op=QV_WAL_ADD;h.payload_len=(uint32_t)e->tx_len;h.crc32=crc32_local(e->tx,e->tx_len);snprintf(h.txid,sizeof(h.txid),"%s",e->txid);if(fwrite(&h,sizeof(h),1,f)!=1||fwrite(e->tx,1,e->tx_len,f)!=e->tx_len)rc=-1;}if(!rc&&durable(f)!=0)rc=-1;fclose(f);if(!rc){if(p->wal_file){durable((FILE*)p->wal_file);fclose((FILE*)p->wal_file);p->wal_file=NULL;}
      |                                      ^~~~~~~~~
/mnt/data/qrx_security_hardening/qrx-core/src/mempool/qrx_velocity_mempool.c: In function 'qrx_velocity_mempool_plan':
/mnt/data/qrx_security_hardening/qrx-core/src/mempool/qrx_velocity_mempool.c:200:5: warning: this 'if' clause does not guard... [-Wmisleading-indentation]
  200 |     if(!p||!p->initialized||!plan)return -1;memset(plan,0,sizeof(*plan));lock_pool(p);size_t total=total_count_unlocked(p);if(max&&total>max)total=max;QrxVelocityMempoolEntry **all=(QrxVelocityMempoolEntry**)malloc((total_count_unlocked(p)?total_count_unlocked(p):1)*sizeof(*all));if(!all){unlock_pool(p);return -1;}size_t n=0;for(uint32_t s=0;s<QRX_VELOCITY_MEMPOOL_SHARDS;s++)for(size_t i=0;i<p->shards[s].count;i++)all[n++]=&p->shards[s].items[i];qsort(all,n,sizeof(*all),cmp_entries);if(max&&n>max)n=max;
      |     ^~
/mnt/data/qrx_security_hardening/qrx-core/src/mempool/qrx_velocity_mempool.c:200:45: note: ...this statement, but the latter is misleadingly indented as if it were guarded by the 'if'
  200 |     if(!p||!p->initialized||!plan)return -1;memset(plan,0,sizeof(*plan));lock_pool(p);size_t total=total_count_unlocked(p);if(max&&total>max)total=max;QrxVelocityMempoolEntry **all=(QrxVelocityMempoolEntry**)malloc((total_count_unlocked(p)?total_count_unlocked(p):1)*sizeof(*all));if(!all){unlock_pool(p);return -1;}size_t n=0;for(uint32_t s=0;s<QRX_VELOCITY_MEMPOOL_SHARDS;s++)for(size_t i=0;i<p->shards[s].count;i++)all[n++]=&p->shards[s].items[i];qsort(all,n,sizeof(*all),cmp_entries);if(max&&n>max)n=max;
      |                                             ^~~~~~
/mnt/data/qrx_security_hardening/qrx-core/src/qrx.c: In function 'usage':
/mnt/data/qrx_security_hardening/qrx-core/src/qrx.c:327:10: warning: string length '4410' is greater than the length '4095' ISO C99 compilers are required to support [-Woverlength-strings]
  327 |          "  decay-bans <node-dir> [points]\n  state-check <chain-dir>\n  snapshot-state <chain-dir> [label]\n  reindex-state <chain-dir>\n  stake <chain-dir> <wallet-dir> <amount>\n  unstake <chain-dir> <wallet-dir> <amount> [unbonding-secs]\n  claim-unbonded <chain-dir> <wallet-dir>\n  delegate <chain-dir> <delegator-wallet-dir> <validator-address> <amount>\n  undelegate <chain-dir> <delegator-wallet-dir> <validator-address> <amount> [unbonding-secs]\n  claim-undelegated <chain-dir> <delegator-wallet-dir> <validator-address>\n  staking-status <chain-dir> [address]\n  validator-set <chain-dir>\n  reward-epoch <chain-dir> <reward-amount> [validator-commission-bps]\n  slash <chain-dir> <validator-address> <amount> <reason>\n");
      |          ^~~~~~~~~~~~~~~~~~~~~~~~~~~~~~~~~~~~~~~~~~~~~~~~~~~~~~~~~~~~~~~~~~~~~~~~~~~~~~~~~~~~~~~~~~~~~~~~~~~~~~~~~~~~~~~~~~~~~~~~~~~~~~~~~~~~~~~~~~~~~~~~~~~~~~~~~~~~~~~~~~~~~~~~~~~~~~~~~~~~~~~~~~~~~~~~~~~~~~~~~~~~~~~~~~~~~~~~~~~~~~~~~~~~~~~~~~~~~~~~~~~~~~~~~~~~~~~~~~~~~~~~~~~~~~~~~~~~~~~~~~~~~~~~~~~~~~~~~~~~~~~~~~~~~~~~~~~~~~~~~~~~~~~~~~~~~~~~~~~~~~~~~~~~~~~~~~~~~~~~~~~~~~~~~~~~~~~~~~~~~~~~~~~~~~~~~~~~~~~~~~~~~~~~~~~~~~~~~~~~~~~~~~~~~~~~~~~~~~~~~~~~~~~~~~~~~~~~~~~~~~~~~~~~~~~~~~~~~~~~~~~~~~~~~~~~~~~~~~~~~~~~~~~~~~~~~~~~~~~~~~~~~~~~~~~~~~~~~~~~~~~~~~~~~~~~~~~~~~~~~~~~~~~~~~~~~~~~~~~~~~~~~~~~~~~~~~~~~~~~~~~~~~~~~~~~~~~~~~~~~~~~~~~~~~~~~~~~~~~~~~~~~~~~~~~~~~~~~~~~~~~~~~~~~~~~~~~~~~~~~~~~~~~~~~~~~~~~~~~~~~~~~~~~~~~~~~~~~~~~~~~~
/mnt/data/qrx_security_hardening/qrx-core/src/qrx.c: In function 'hex_to_bytes':
/mnt/data/qrx_security_hardening/qrx-core/src/qrx.c:383:5: warning: this 'if' clause does not guard... [-Wmisleading-indentation]
  383 |     if (out_len) *out_len = m; return 0;
      |     ^~
/mnt/data/qrx_security_hardening/qrx-core/src/qrx.c:383:32: note: ...this statement, but the latter is misleadingly indented as if it were guarded by the 'if'
  383 |     if (out_len) *out_len = m; return 0;
      |                                ^~~~~~
/mnt/data/qrx_security_hardening/qrx-core/src/mempool/qrx_velocity_mempool.c: In function 'qrx_velocity_parallel_verify':
/mnt/data/qrx_security_hardening/qrx-core/src/mempool/qrx_velocity_mempool.c:280:5: warning: this 'if' clause does not guard... [-Wmisleading-indentation]
  280 |     if(!plan||!fn||!valid_mask)return -1;if(workers<1)workers=1;if(workers>64)workers=64;if(plan->count&&workers>plan->count)workers=(uint32_t)plan->count;if(!workers)workers=1;unsigned char *mask=(unsigned char*)calloc(plan->count?plan->count:1,1);if(!mask)return -1;VerifyWork w;memset(&w,0,sizeof(w));w.plan=plan;w.fn=fn;w.ctx=ctx;w.mask=mask;
      |     ^~
/mnt/data/qrx_security_hardening/qrx-core/src/mempool/qrx_velocity_mempool.c:280:42: note: ...this statement, but the latter is misleadingly indented as if it were guarded by the 'if'
  280 |     if(!plan||!fn||!valid_mask)return -1;if(workers<1)workers=1;if(workers>64)workers=64;if(plan->count&&workers>plan->count)workers=(uint32_t)plan->count;if(!workers)workers=1;unsigned char *mask=(unsigned char*)calloc(plan->count?plan->count:1,1);if(!mask)return -1;VerifyWork w;memset(&w,0,sizeof(w));w.plan=plan;w.fn=fn;w.ctx=ctx;w.mask=mask;
      |                                          ^~
/mnt/data/qrx_security_hardening/qrx-core/src/core_frontend.c: In function 'ensure_node_conf':
/mnt/data/qrx_security_hardening/qrx-core/src/core_frontend.c:244:646: warning: '/node.conf' directive output may be truncated writing 10 bytes into a region of size between 1 and 4096 [-Wformat-truncation=]
  244 | static int ensure_node_conf(const char *base, const QrxProfile *p, const char *wallet, const char *listen, const char **addnodes, int addnode_count, char *out_node, size_t out_node_sz, const char *chain_dir, const char *wallet_dir){ char ndir[PATH_MAX], nconf[PATH_MAX], peers[PATH_MAX], seedf[PATH_MAX], host[128]="0.0.0.0", port[32], ep[256], self[256]; char *argv_node[7]; snprintf(port,sizeof(port),"%d",p->default_port); if(listen&&*listen && qrx_parse_hostport(listen,host,sizeof(host),port,sizeof(port))!=0) return -1; snprintf(ndir,sizeof(ndir),"%s/nodes/%s",base,wallet); if(mkdir_p(ndir)!=0) return -1; snprintf(nconf,sizeof(nconf),"%s/node.conf",ndir); if(!path_exists(nconf)){ argv_node[0]="qrx"; argv_node[1]="node-init"; argv_node[2]=ndir; argv_node[3]=(char*)chain_dir; argv_node[4]=(char*)wallet_dir; argv_node[5]=host; argv_node[6]=port; if(qrx_backend_call(7,argv_node)!=0) return -1; }
      |                                                                                                                                                                                                                                                                                                                                                                                                                                                                                                                                                                                                                                                                      ^~~~~~~~~~
In function 'snprintf',
    inlined from 'ensure_node_conf' at /mnt/data/qrx_security_hardening/qrx-core/src/core_frontend.c:244:614:
/usr/include/x86_64-linux-gnu/bits/stdio2.h:68:10: note: '__builtin___snprintf_chk' output between 11 and 4106 bytes into a destination of size 4096
   68 |   return __builtin___snprintf_chk (__s, __n, __USE_FORTIFY_LEVEL - 1,
      |          ^~~~~~~~~~~~~~~~~~~~~~~~~~~~~~~~~~~~~~~~~~~~~~~~~~~~~~~~~~~~
   69 |                                    __glibc_objsize (__s), __fmt,
      |                                    ~~~~~~~~~~~~~~~~~~~~~~~~~~~~~
   70 |                                    __va_arg_pack ());
      |                                    ~~~~~~~~~~~~~~~~~
/mnt/data/qrx_security_hardening/qrx-core/src/core_frontend.c: In function 'ensure_node_conf':
/mnt/data/qrx_security_hardening/qrx-core/src/core_frontend.c:246:34: warning: '/peers.txt' directive output may be truncated writing 10 bytes into a region of size between 1 and 4096 [-Wformat-truncation=]
  246 |  snprintf(peers,sizeof(peers),"%s/peers.txt",ndir); snprintf(seedf,sizeof(seedf),"%s/seednodes.txt",ndir); snprintf(self,sizeof(self),"%s:%s",host,port); for(int i=0;p->seednodes[i];++i){ snprintf(ep,sizeof(ep),"%s",p->seednodes[i]); if(strcmp(ep,self)!=0){ append_unique_line(peers,ep); append_unique_line(seedf,ep);} }
      |                                  ^~~~~~~~~~
In function 'snprintf',
    inlined from 'ensure_node_conf' at /mnt/data/qrx_security_hardening/qrx-core/src/core_frontend.c:246:2:
/usr/include/x86_64-linux-gnu/bits/stdio2.h:68:10: note: '__builtin___snprintf_chk' output between 11 and 4106 bytes into a destination of size 4096
   68 |   return __builtin___snprintf_chk (__s, __n, __USE_FORTIFY_LEVEL - 1,
      |          ^~~~~~~~~~~~~~~~~~~~~~~~~~~~~~~~~~~~~~~~~~~~~~~~~~~~~~~~~~~~
   69 |                                    __glibc_objsize (__s), __fmt,
      |                                    ~~~~~~~~~~~~~~~~~~~~~~~~~~~~~
   70 |                                    __va_arg_pack ());
      |                                    ~~~~~~~~~~~~~~~~~
/mnt/data/qrx_security_hardening/qrx-core/src/core_frontend.c: In function 'ensure_node_conf':
/mnt/data/qrx_security_hardening/qrx-core/src/core_frontend.c:246:85: warning: '/seednodes.txt' directive output may be truncated writing 14 bytes into a region of size between 1 and 4096 [-Wformat-truncation=]
  246 |  snprintf(peers,sizeof(peers),"%s/peers.txt",ndir); snprintf(seedf,sizeof(seedf),"%s/seednodes.txt",ndir); snprintf(self,sizeof(self),"%s:%s",host,port); for(int i=0;p->seednodes[i];++i){ snprintf(ep,sizeof(ep),"%s",p->seednodes[i]); if(strcmp(ep,self)!=0){ append_unique_line(peers,ep); append_unique_line(seedf,ep);} }
      |                                                                                     ^~~~~~~~~~~~~~
In function 'snprintf',
    inlined from 'ensure_node_conf' at /mnt/data/qrx_security_hardening/qrx-core/src/core_frontend.c:246:53:
/usr/include/x86_64-linux-gnu/bits/stdio2.h:68:10: note: '__builtin___snprintf_chk' output between 15 and 4110 bytes into a destination of size 4096
   68 |   return __builtin___snprintf_chk (__s, __n, __USE_FORTIFY_LEVEL - 1,
      |          ^~~~~~~~~~~~~~~~~~~~~~~~~~~~~~~~~~~~~~~~~~~~~~~~~~~~~~~~~~~~
   69 |                                    __glibc_objsize (__s), __fmt,
      |                                    ~~~~~~~~~~~~~~~~~~~~~~~~~~~~~
   70 |                                    __va_arg_pack ());
      |                                    ~~~~~~~~~~~~~~~~~
/mnt/data/qrx_security_hardening/qrx-core/src/qrx.c: In function 'strip_address_recovery_extension':
/mnt/data/qrx_security_hardening/qrx-core/src/qrx.c:718:9: warning: this 'if' clause does not guard... [-Wmisleading-indentation]
  718 |         if(!e) break; p=e+1;
      |         ^~
/mnt/data/qrx_security_hardening/qrx-core/src/qrx.c:718:23: note: ...this statement, but the latter is misleadingly indented as if it were guarded by the 'if'
  718 |         if(!e) break; p=e+1;
      |                       ^
/mnt/data/qrx_security_hardening/qrx-core/src/mempool/qrx_velocity_mvcc.c: In function 'field':
/mnt/data/qrx_security_hardening/qrx-core/src/mempool/qrx_velocity_mvcc.c:29:5: warning: this 'if' clause does not guard... [-Wmisleading-indentation]
   29 |     if(!tx||!key||!out||out_sz==0)return -1; size_t kl=strlen(key); const char *p=tx;
      |     ^~
/mnt/data/qrx_security_hardening/qrx-core/src/mempool/qrx_velocity_mvcc.c:29:46: note: ...this statement, but the latter is misleadingly indented as if it were guarded by the 'if'
   29 |     if(!tx||!key||!out||out_sz==0)return -1; size_t kl=strlen(key); const char *p=tx;
      |                                              ^~~~~~
/mnt/data/qrx_security_hardening/qrx-core/src/mempool/qrx_velocity_mvcc.c: In function 'parse_ll':
/mnt/data/qrx_security_hardening/qrx-core/src/mempool/qrx_velocity_mvcc.c:34:5: warning: this 'if' clause does not guard... [-Wmisleading-indentation]
   34 |     if(!s||!*s||!out)return -1; errno=0; char *end=NULL; long long v=strtoll(s,&end,10);
      |     ^~
In file included from /mnt/data/qrx_security_hardening/qrx-core/src/mempool/qrx_velocity_mvcc.c:3:
/mnt/data/qrx_security_hardening/qrx-core/src/mempool/qrx_velocity_mvcc.c:34:33: note: ...this statement, but the latter is misleadingly indented as if it were guarded by the 'if'
   34 |     if(!s||!*s||!out)return -1; errno=0; char *end=NULL; long long v=strtoll(s,&end,10);
      |                                 ^~~~~
/mnt/data/qrx_security_hardening/qrx-core/src/mempool/qrx_velocity_mvcc.c:35:5: warning: this 'if' clause does not guard... [-Wmisleading-indentation]
   35 |     if(errno||!end||*end)return -1; if(positive ? v<=0 : v<0)return -1; *out=v; return 0;
      |     ^~
/mnt/data/qrx_security_hardening/qrx-core/src/mempool/qrx_velocity_mvcc.c:35:37: note: ...this statement, but the latter is misleadingly indented as if it were guarded by the 'if'
   35 |     if(errno||!end||*end)return -1; if(positive ? v<=0 : v<0)return -1; *out=v; return 0;
      |                                     ^~
/mnt/data/qrx_security_hardening/qrx-core/src/qrx.c: In function 'restore_recovery_address_extension':
/mnt/data/qrx_security_hardening/qrx-core/src/mempool/qrx_velocity_mvcc.c: In function 'kv_reserve':
/mnt/data/qrx_security_hardening/qrx-core/src/mempool/qrx_velocity_mvcc.c:45:5: warning: this 'if' clause does not guard... [-Wmisleading-indentation]
   45 |     if(need<=*cap)return 0; size_t nc=*cap?*cap*2:16; while(nc<need)nc*=2;
      |     ^~
/mnt/data/qrx_security_hardening/qrx-core/src/mempool/qrx_velocity_mvcc.c:45:29: note: ...this statement, but the latter is misleadingly indented as if it were guarded by the 'if'
   45 |     if(need<=*cap)return 0; size_t nc=*cap?*cap*2:16; while(nc<need)nc*=2;
      |                             ^~~~~~
/mnt/data/qrx_security_hardening/qrx-core/src/qrx.c:799:9: warning: this 'for' clause does not guard... [-Wmisleading-indentation]
  799 |         for(int j=0;j<4;j++)free(vals[j]);free(addr);
      |         ^~~
/mnt/data/qrx_security_hardening/qrx-core/src/mempool/qrx_velocity_mvcc.c: In function 'kv_find':
/mnt/data/qrx_security_hardening/qrx-core/src/mempool/qrx_velocity_mvcc.c:62:5: warning: this 'for' clause does not guard... [-Wmisleading-indentation]
   62 |     for(size_t i=count;i>0;i--)if(!strcmp(arr[i-1].key,key))return arr[i-1].value; return NULL;
      |     ^~~
/mnt/data/qrx_security_hardening/qrx-core/src/mempool/qrx_velocity_mvcc.c:62:84: note: ...this statement, but the latter is misleadingly indented as if it were guarded by the 'for'
   62 |     for(size_t i=count;i>0;i--)if(!strcmp(arr[i-1].key,key))return arr[i-1].value; return NULL;
      |                                                                                    ^~~~~~
/mnt/data/qrx_security_hardening/qrx-core/src/mempool/qrx_velocity_mvcc.c: In function 'strset_add':
/mnt/data/qrx_security_hardening/qrx-core/src/mempool/qrx_velocity_mvcc.c:68:5: warning: this 'if' clause does not guard... [-Wmisleading-indentation]
   68 |     if(!arr||!count||!cap||!value||!*value)return -1;for(size_t i=0;i<*count;i++)if(!strcmp((*arr)[i],value))return 0;
      |     ^~
/mnt/data/qrx_security_hardening/qrx-core/src/mempool/qrx_velocity_mvcc.c:68:54: note: ...this statement, but the latter is misleadingly indented as if it were guarded by the 'if'
   68 |     if(!arr||!count||!cap||!value||!*value)return -1;for(size_t i=0;i<*count;i++)if(!strcmp((*arr)[i],value))return 0;
      |                                                      ^~~
/mnt/data/qrx_security_hardening/qrx-core/src/qrx.c:799:43: note: ...this statement, but the latter is misleadingly indented as if it were guarded by the 'for'
  799 |         for(int j=0;j<4;j++)free(vals[j]);free(addr);
      |                                           ^~~~
/mnt/data/qrx_security_hardening/qrx-core/src/mempool/qrx_velocity_mvcc.c: In function 'snapshot_get':
/mnt/data/qrx_security_hardening/qrx-core/src/mempool/qrx_velocity_mvcc.c:77:5: warning: this 'if' clause does not guard... [-Wmisleading-indentation]
   77 |     if(ws_track_read(ws,key))return -1;const char *ov=kv_find(overlay,overlay_count,key); if(ov){snprintf(out,out_sz,"%s",ov);if(found)*found=1;return 0;}
      |     ^~
/mnt/data/qrx_security_hardening/qrx-core/src/mempool/qrx_velocity_mvcc.c:77:40: note: ...this statement, but the latter is misleadingly indented as if it were guarded by the 'if'
   77 |     if(ws_track_read(ws,key))return -1;const char *ov=kv_find(overlay,overlay_count,key); if(ov){snprintf(out,out_sz,"%s",ov);if(found)*found=1;return 0;}
      |                                        ^~~~~
/mnt/data/qrx_security_hardening/qrx-core/src/mempool/qrx_velocity_mvcc.c:79:5: warning: this 'if' clause does not guard... [-Wmisleading-indentation]
   79 |     if(out_sz)out[0]=0;if(found)*found=0;return 0;
      |     ^~
/mnt/data/qrx_security_hardening/qrx-core/src/mempool/qrx_velocity_mvcc.c:79:24: note: ...this statement, but the latter is misleadingly indented as if it were guarded by the 'if'
   79 |     if(out_sz)out[0]=0;if(found)*found=0;return 0;
      |                        ^~
/mnt/data/qrx_security_hardening/qrx-core/src/mempool/qrx_velocity_mvcc.c: In function 'payload_field_mvcc':
/mnt/data/qrx_security_hardening/qrx-core/src/mempool/qrx_velocity_mvcc.c:93:5: warning: this 'if' clause does not guard... [-Wmisleading-indentation]
   93 |     if(!payload||!key||!out||!out_sz)return -1;size_t kl=strlen(key);const char *p=payload;
      |     ^~
/mnt/data/qrx_security_hardening/qrx-core/src/mempool/qrx_velocity_mvcc.c:93:48: note: ...this statement, but the latter is misleadingly indented as if it were guarded by the 'if'
   93 |     if(!payload||!key||!out||!out_sz)return -1;size_t kl=strlen(key);const char *p=payload;
      |                                                ^~~~~~
/mnt/data/qrx_security_hardening/qrx-core/src/mempool/qrx_velocity_mvcc.c: In function 'prepare_common_nontransfer':
/mnt/data/qrx_security_hardening/qrx-core/src/mempool/qrx_velocity_mvcc.c:123:5: warning: this 'if' clause does not guard... [-Wmisleading-indentation]
  123 |     if(ws_put(ws,k_payload,tx))goto oom;snprintf(tmp,sizeof(tmp),"height=%lld\ntype=velocity-%s-mvcc\ncommitted=1\n",height,type);if(ws_put(ws,k_consensus,tmp))goto oom;
      |     ^~
/mnt/data/qrx_security_hardening/qrx-core/src/mempool/qrx_velocity_mvcc.c:123:41: note: ...this statement, but the latter is misleadingly indented as if it were guarded by the 'if'
  123 |     if(ws_put(ws,k_payload,tx))goto oom;snprintf(tmp,sizeof(tmp),"height=%lld\ntype=velocity-%s-mvcc\ncommitted=1\n",height,type);if(ws_put(ws,k_consensus,tmp))goto oom;
      |                                         ^~~~~~~~
/mnt/data/qrx_security_hardening/qrx-core/src/mempool/qrx_velocity_mvcc.c: In function 'prepare_agent_stateful':
/mnt/data/qrx_security_hardening/qrx-core/src/mempool/qrx_velocity_mvcc.c:146:13: warning: this 'if' clause does not guard... [-Wmisleading-indentation]
  146 |             if(payload_field_mvcc(payload,"agent_ed25519_pub_hex",ed,sizeof(ed))||payload_field_mvcc(payload,"agent_mldsa65_pub_b64",ml,sizeof(ml)))goto bad;APUT("ed25519_pub_hex",ed);APUT("mldsa65_pub_b64",ml);
      |             ^~
/mnt/data/qrx_security_hardening/qrx-core/src/mempool/qrx_velocity_mvcc.c:141:19: note: ...this statement, but the latter is misleadingly indented as if it were guarded by the 'if'
  141 | #define APUT(F,V) do{agent_key(k,sizeof(k),agent,(F));if(ws_put(ws,k,(V)))goto oom;}while(0)
      |                   ^~
/mnt/data/qrx_security_hardening/qrx-core/src/mempool/qrx_velocity_mvcc.c:146:158: note: in expansion of macro 'APUT'
  146 |             if(payload_field_mvcc(payload,"agent_ed25519_pub_hex",ed,sizeof(ed))||payload_field_mvcc(payload,"agent_mldsa65_pub_b64",ml,sizeof(ml)))goto bad;APUT("ed25519_pub_hex",ed);APUT("mldsa65_pub_b64",ml);
      |                                                                                                                                                              ^~~~
[ 20%] Building C object CMakeFiles/qrxcore.dir/src/bitcoin/qrx_btc_spv.c.o
In file included from /mnt/data/qrx_security_hardening/qrx-core/src/mempool/qrx_velocity_mvcc.c:174:
/mnt/data/qrx_security_hardening/qrx-core/src/mempool/qrx_velocity_dynamic.inc: In function 'mvcc_token_list_contains_ci':
/mnt/data/qrx_security_hardening/qrx-core/src/mempool/qrx_velocity_dynamic.inc:26:5: warning: this 'if' clause does not guard... [-Wmisleading-indentation]
   26 |     if(!list||!needle||!*needle)return 0;const char *cur=list;size_t nl=strlen(needle);
      |     ^~
/mnt/data/qrx_security_hardening/qrx-core/src/mempool/qrx_velocity_dynamic.inc:26:42: note: ...this statement, but the latter is misleadingly indented as if it were guarded by the 'if'
   26 |     if(!list||!needle||!*needle)return 0;const char *cur=list;size_t nl=strlen(needle);
      |                                          ^~~~~
/mnt/data/qrx_security_hardening/qrx-core/src/mempool/qrx_velocity_dynamic.inc:28:9: warning: this 'if' clause does not guard... [-Wmisleading-indentation]
   28 |         if(n==1&&cur[0]=='*')return 1;if(n==nl){size_t i=0;for(;i<n;i++)if(mvcc_ascii_tolower((unsigned char)cur[i])!=mvcc_ascii_tolower((unsigned char)needle[i]))break;if(i==n)return 1;}cur=*end?end+1:end;
      |         ^~
/mnt/data/qrx_security_hardening/qrx-core/src/mempool/qrx_velocity_dynamic.inc:28:39: note: ...this statement, but the latter is misleadingly indented as if it were guarded by the 'if'
   28 |         if(n==1&&cur[0]=='*')return 1;if(n==nl){size_t i=0;for(;i<n;i++)if(mvcc_ascii_tolower((unsigned char)cur[i])!=mvcc_ascii_tolower((unsigned char)needle[i]))break;if(i==n)return 1;}cur=*end?end+1:end;
      |                                       ^~
/mnt/data/qrx_security_hardening/qrx-core/src/mempool/qrx_velocity_dynamic.inc: In function 'mvcc_sha3_512_hex':
/mnt/data/qrx_security_hardening/qrx-core/src/mempool/qrx_velocity_dynamic.inc:35:5: warning: this 'for' clause does not guard... [-Wmisleading-indentation]
   35 |     for(size_t i=0;i<64;i++)sprintf(out+i*2,"%02x",d[i]);out[128]=0;return 0;
      |     ^~~
/mnt/data/qrx_security_hardening/qrx-core/src/mempool/qrx_velocity_dynamic.inc:35:58: note: ...this statement, but the latter is misleadingly indented as if it were guarded by the 'for'
   35 |     for(size_t i=0;i<64;i++)sprintf(out+i*2,"%02x",d[i]);out[128]=0;return 0;
      |                                                          ^~~
/mnt/data/qrx_security_hardening/qrx-core/src/mempool/qrx_velocity_dynamic.inc: In function 'mvcc_mul_div_floor_nonneg':
/mnt/data/qrx_security_hardening/qrx-core/src/mempool/qrx_velocity_dynamic.inc:63:5: warning: this 'if' clause does not guard... [-Wmisleading-indentation]
   63 |     if(a<0||b<0||d<=0||!out)return -1;unsigned long long q=0,rem=0,ub=(unsigned long long)b,ud=(unsigned long long)d,base_q=ub/ud,base_r=ub%ud,ua=(unsigned long long)a;
      |     ^~
/mnt/data/qrx_security_hardening/qrx-core/src/mempool/qrx_velocity_dynamic.inc:63:39: note: ...this statement, but the latter is misleadingly indented as if it were guarded by the 'if'
   63 |     if(a<0||b<0||d<=0||!out)return -1;unsigned long long q=0,rem=0,ub=(unsigned long long)b,ud=(unsigned long long)d,base_q=ub/ud,base_r=ub%ud,ua=(unsigned long long)a;
      |                                       ^~~~~~~~
/mnt/data/qrx_security_hardening/qrx-core/src/mempool/qrx_velocity_dynamic.inc: In function 'mvcc_collect_candidates':
/mnt/data/qrx_security_hardening/qrx-core/src/mempool/qrx_velocity_dynamic.inc:120:9: warning: this 'if' clause does not guard... [-Wmisleading-indentation]
  120 |         if(mvcc_order_get(db,snap,overlay,overlay_count,ws,id,"kind",kind,sizeof(kind),&fk)||mvcc_order_get(db,snap,overlay,overlay_count,ws,id,"status",status,sizeof(status),&fs)||!fk||!fs)continue;if(strcmp(kind,"native"))continue;
      |         ^~
/mnt/data/qrx_security_hardening/qrx-core/src/mempool/qrx_velocity_dynamic.inc:120:200: note: ...this statement, but the latter is misleadingly indented as if it were guarded by the 'if'
  120 |         if(mvcc_order_get(db,snap,overlay,overlay_count,ws,id,"kind",kind,sizeof(kind),&fk)||mvcc_order_get(db,snap,overlay,overlay_count,ws,id,"status",status,sizeof(status),&fs)||!fk||!fs)continue;if(strcmp(kind,"native"))continue;
      |                                                                                                                                                                                                        ^~
/mnt/data/qrx_security_hardening/qrx-core/src/mempool/qrx_velocity_dynamic.inc: In function 'mvcc_settle_match':
/mnt/data/qrx_security_hardening/qrx-core/src/mempool/qrx_velocity_dynamic.inc:136:5: warning: this 'if' clause does not guard... [-Wmisleading-indentation]
  136 |     if(qty<=0||qty>buyer_rem_before||qty>seller_rem_before||buyer_lock<quote_amt||seller_lock<qty)return -1;long long buyer_rem=buyer_rem_before-qty,seller_rem=seller_rem_before-qty,buyer_filled=0,seller_filled=0;if(add_ll(buyer_filled_before,qty,&buyer_filled)||add_ll(seller_filled_before,qty,&seller_filled))return -1;
      |     ^~
/mnt/data/qrx_security_hardening/qrx-core/src/mempool/qrx_velocity_dynamic.inc:136:109: note: ...this statement, but the latter is misleadingly indented as if it were guarded by the 'if'
  136 |     if(qty<=0||qty>buyer_rem_before||qty>seller_rem_before||buyer_lock<quote_amt||seller_lock<qty)return -1;long long buyer_rem=buyer_rem_before-qty,seller_rem=seller_rem_before-qty,buyer_filled=0,seller_filled=0;if(add_ll(buyer_filled_before,qty,&buyer_filled)||add_ll(seller_filled_before,qty,&seller_filled))return -1;
      |                                                                                                             ^~~~
/mnt/data/qrx_security_hardening/qrx-core/src/mempool/qrx_velocity_dynamic.inc: In function 'mvcc_prepare_native_dynamic':
/mnt/data/qrx_security_hardening/qrx-core/src/mempool/qrx_velocity_dynamic.inc:169:9: warning: this 'if' clause does not guard... [-Wmisleading-indentation]
  169 |         if(mvcc_order_put(ws,target,"status","replaced")||mvcc_order_put_ll(ws,target,"updated_height",height)||mvcc_order_put_ll(ws,target,"locked_atoms",0)||mvcc_order_put(ws,target,"replacement_order_id",body_hash)||mvcc_order_put(ws,target,"last_tx",body_hash)||mvcc_stage_order_payload(ws,body_hash,agent,owner,payload,body_hash,target,height)||mvcc_order_put(ws,body_hash,"locked_asset",new_asset)||mvcc_order_put_ll(ws,body_hash,"locked_atoms",new_atoms)||mvcc_order_put(ws,body_hash,"settlement_version","1")||mvcc_match_taker(db,snap,overlay,overlay_count,ws,body_hash,height))goto bad;ws->status=QRX_MVCC_OK;return QRX_MVCC_OK;
      |         ^~
/mnt/data/qrx_security_hardening/qrx-core/src/mempool/qrx_velocity_dynamic.inc:169:596: note: ...this statement, but the latter is misleadingly indented as if it were guarded by the 'if'
  169 |         if(mvcc_order_put(ws,target,"status","replaced")||mvcc_order_put_ll(ws,target,"updated_height",height)||mvcc_order_put_ll(ws,target,"locked_atoms",0)||mvcc_order_put(ws,target,"replacement_order_id",body_hash)||mvcc_order_put(ws,target,"last_tx",body_hash)||mvcc_stage_order_payload(ws,body_hash,agent,owner,payload,body_hash,target,height)||mvcc_order_put(ws,body_hash,"locked_asset",new_asset)||mvcc_order_put_ll(ws,body_hash,"locked_atoms",new_atoms)||mvcc_order_put(ws,body_hash,"settlement_version","1")||mvcc_match_taker(db,snap,overlay,overlay_count,ws,body_hash,height))goto bad;ws->status=QRX_MVCC_OK;return QRX_MVCC_OK;
      |                                                                                                                                                                                                                                                                                                                                                                                                                                                                                                                                                                                                                    ^~
/mnt/data/qrx_security_hardening/qrx-core/src/mempool/qrx_velocity_mvcc.c: In function 'prepare_transfer':
/mnt/data/qrx_security_hardening/qrx-core/src/mempool/qrx_velocity_mvcc.c:205:5: warning: this 'if' clause does not guard... [-Wmisleading-indentation]
  205 |     if(ws_put_ll(ws,k_from,new_from))goto oom;if(strcmp(from,to)&&ws_put_ll(ws,k_to,new_to))goto oom;if(ws_put_ll(ws,k_nonce,nonce))goto oom;
      |     ^~
/mnt/data/qrx_security_hardening/qrx-core/src/mempool/qrx_velocity_mvcc.c:205:47: note: ...this statement, but the latter is misleadingly indented as if it were guarded by the 'if'
  205 |     if(ws_put_ll(ws,k_from,new_from))goto oom;if(strcmp(from,to)&&ws_put_ll(ws,k_to,new_to))goto oom;if(ws_put_ll(ws,k_nonce,nonce))goto oom;
      |                                               ^~
/mnt/data/qrx_security_hardening/qrx-core/src/mempool/qrx_velocity_mvcc.c:208:5: warning: this 'if' clause does not guard... [-Wmisleading-indentation]
  208 |     if(ws_put(ws,k_payload,tx))goto oom;snprintf(tmp,sizeof(tmp),"height=%lld\ntype=velocity-transfer-fast-mvcc\ncommitted=1\n",height);if(ws_put(ws,k_consensus,tmp))goto oom;
      |     ^~
/mnt/data/qrx_security_hardening/qrx-core/src/mempool/qrx_velocity_mvcc.c:208:41: note: ...this statement, but the latter is misleadingly indented as if it were guarded by the 'if'
  208 |     if(ws_put(ws,k_payload,tx))goto oom;snprintf(tmp,sizeof(tmp),"height=%lld\ntype=velocity-transfer-fast-mvcc\ncommitted=1\n",height);if(ws_put(ws,k_consensus,tmp))goto oom;
      |                                         ^~~~~~~~
/mnt/data/qrx_security_hardening/qrx-core/src/mempool/qrx_velocity_mvcc.c: In function 'ws_attempt_free':
/mnt/data/qrx_security_hardening/qrx-core/src/mempool/qrx_velocity_mvcc.c:253:5: warning: this 'if' clause does not guard... [-Wmisleading-indentation]
  253 |     if(!ws)return;kv_free(ws->writes,ws->write_count);strset_free(ws->reads,ws->read_count);strset_free(ws->read_prefixes,ws->read_prefix_count);memset(ws,0,sizeof(*ws));
      |     ^~
/mnt/data/qrx_security_hardening/qrx-core/src/mempool/qrx_velocity_mvcc.c:253:19: note: ...this statement, but the latter is misleadingly indented as if it were guarded by the 'if'
  253 |     if(!ws)return;kv_free(ws->writes,ws->write_count);strset_free(ws->reads,ws->read_count);strset_free(ws->read_prefixes,ws->read_prefix_count);memset(ws,0,sizeof(*ws));
      |                   ^~~~~~~
/mnt/data/qrx_security_hardening/qrx-core/src/mempool/qrx_velocity_mvcc.c: In function 'ws_runtime_conflict':
/mnt/data/qrx_security_hardening/qrx-core/src/mempool/qrx_velocity_mvcc.c:273:9: warning: this 'if' clause does not guard... [-Wmisleading-indentation]
  273 |         if(!strcmp(current->read_prefixes[p],"velocity:order:")&&current->dynamic_scope[0]&&prior->dynamic_scope[0]&&!mvcc_ieq(current->dynamic_scope,prior->dynamic_scope))continue;return 1;
      |         ^~
/mnt/data/qrx_security_hardening/qrx-core/src/mempool/qrx_velocity_mvcc.c:273:182: note: ...this statement, but the latter is misleadingly indented as if it were guarded by the 'if'
  273 |         if(!strcmp(current->read_prefixes[p],"velocity:order:")&&current->dynamic_scope[0]&&prior->dynamic_scope[0]&&!mvcc_ieq(current->dynamic_scope,prior->dynamic_scope))continue;return 1;
      |                                                                                                                                                                                      ^~~~~~
/mnt/data/qrx_security_hardening/qrx-core/src/mempool/qrx_velocity_mvcc.c: In function 'merge_final_ws':
/mnt/data/qrx_security_hardening/qrx-core/src/mempool/qrx_velocity_mvcc.c:282:5: warning: this 'if' clause does not guard... [-Wmisleading-indentation]
  282 |     if(add_ll(out->fee_delta_total,ws->fee_delta,&out->fee_delta_total))return -1;out->prepared++;
      |     ^~
/mnt/data/qrx_security_hardening/qrx-core/src/mempool/qrx_velocity_mvcc.c:282:83: note: ...this statement, but the latter is misleadingly indented as if it were guarded by the 'if'
  282 |     if(add_ll(out->fee_delta_total,ws->fee_delta,&out->fee_delta_total))return -1;out->prepared++;
      |                                                                                   ^~~
/mnt/data/qrx_security_hardening/qrx-core/src/mempool/qrx_velocity_mvcc.c: In function 'qrx_velocity_mvcc_prepare_batch':
/mnt/data/qrx_security_hardening/qrx-core/src/mempool/qrx_velocity_mvcc.c:311:5: warning: this 'if' clause does not guard... [-Wmisleading-indentation]
  311 |     if(!db||!plan||!out)return QRX_MVCC_ERROR;memset(out,0,sizeof(*out));if(stats)memset(stats,0,sizeof(*stats));if(workers<1)workers=1;if(workers>64)workers=64;
      |     ^~
/mnt/data/qrx_security_hardening/qrx-core/src/mempool/qrx_velocity_mvcc.c:311:47: note: ...this statement, but the latter is misleadingly indented as if it were guarded by the 'if'
  311 |     if(!db||!plan||!out)return QRX_MVCC_ERROR;memset(out,0,sizeof(*out));if(stats)memset(stats,0,sizeof(*stats));if(workers<1)workers=1;if(workers>64)workers=64;
      |                                               ^~~~~~
/mnt/data/qrx_security_hardening/qrx-core/src/mempool/qrx_velocity_mvcc.c: In function 'qrx_velocity_mvcc_commit':
/mnt/data/qrx_security_hardening/qrx-core/src/mempool/qrx_velocity_mvcc.c:339:5: warning: this 'if' clause does not guard... [-Wmisleading-indentation]
  339 |     if(!db||!prepared)return QRX_MVCC_ERROR;uint64_t t0=mvcc_now_us();prepared->conflict_rechecks++;
      |     ^~
/mnt/data/qrx_security_hardening/qrx-core/src/mempool/qrx_velocity_mvcc.c:339:45: note: ...this statement, but the latter is misleadingly indented as if it were guarded by the 'if'
  339 |     if(!db||!prepared)return QRX_MVCC_ERROR;uint64_t t0=mvcc_now_us();prepared->conflict_rechecks++;
      |                                             ^~~~~~~~
/mnt/data/qrx_security_hardening/qrx-core/src/qrx.c: In function 'mempool_prune_cmd':
/mnt/data/qrx_security_hardening/qrx-core/src/qrx.c:1682:5: warning: this 'if' clause does not guard... [-Wmisleading-indentation]
 1682 |     if(max_txs<1)max_txs=MEMPOOL_MAX_TXS; QrxVelocityMempool pool; QrxVelocityPlan plan; int removed=0;
      |     ^~
/mnt/data/qrx_security_hardening/qrx-core/src/qrx.c:1682:43: note: ...this statement, but the latter is misleadingly indented as if it were guarded by the 'if'
 1682 |     if(max_txs<1)max_txs=MEMPOOL_MAX_TXS; QrxVelocityMempool pool; QrxVelocityPlan plan; int removed=0;
      |                                           ^~~~~~~~~~~~~~~~~~
[ 22%] Building C object CMakeFiles/qrxcore.dir/src/consensus/qrx_finality.c.o
[ 25%] Building C object CMakeFiles/qrxcore.dir/src/consensus/qrx_finality_state.c.o
/mnt/data/qrx_security_hardening/qrx-core/src/qrxdb.c: In function 'scan_valid_tail':
/mnt/data/qrx_security_hardening/qrx-core/src/qrxdb.c:380:5: warning: this 'if' clause does not guard... [-Wmisleading-indentation]
  380 |     if(last_good) *last_good = off; if(last_gen) *last_gen = gen; return 0;
      |     ^~
/mnt/data/qrx_security_hardening/qrx-core/src/qrxdb.c:380:37: note: ...this statement, but the latter is misleadingly indented as if it were guarded by the 'if'
  380 |     if(last_good) *last_good = off; if(last_gen) *last_gen = gen; return 0;
      |                                     ^~
/mnt/data/qrx_security_hardening/qrx-core/src/qrxdb.c: In function 'wal_txn_add_put':
/mnt/data/qrx_security_hardening/qrx-core/src/qrxdb.c:444:5: warning: this 'if' clause does not guard... [-Wmisleading-indentation]
  444 |     if(vlen) memcpy(p->value,value,vlen); p->value[vlen]=0;
      |     ^~
/mnt/data/qrx_security_hardening/qrx-core/src/qrxdb.c:444:43: note: ...this statement, but the latter is misleadingly indented as if it were guarded by the 'if'
  444 |     if(vlen) memcpy(p->value,value,vlen); p->value[vlen]=0;
      |                                           ^
/mnt/data/qrx_security_hardening/qrx-core/src/qrx.c: In function 'agent_apply_tx':
/mnt/data/qrx_security_hardening/qrx-core/src/qrxdb.c: In function 'qrxdb_get_view_at':
/mnt/data/qrx_security_hardening/qrx-core/src/qrxdb.c:681:5: warning: this 'if' clause does not guard... [-Wmisleading-indentation]
  681 |     if(!db || !db->map || !key || !view) return -1; memset(view,0,sizeof(*view)); uint32_t target=(uint32_t)strlen(key);
      |     ^~
/mnt/data/qrx_security_hardening/qrx-core/src/qrxdb.c:681:53: note: ...this statement, but the latter is misleadingly indented as if it were guarded by the 'if'
  681 |     if(!db || !db->map || !key || !view) return -1; memset(view,0,sizeof(*view)); uint32_t target=(uint32_t)strlen(key);
      |                                                     ^~~~~~
/mnt/data/qrx_security_hardening/qrx-core/src/qrxdb.c: In function 'qrxdb_scan_prefix':
/mnt/data/qrx_security_hardening/qrx-core/src/qrxdb.c:701:9: warning: this 'if' clause does not guard... [-Wmisleading-indentation]
  701 |         if(hdr.value_len) memcpy(vs,v,hdr.value_len); vs[hdr.value_len]=0;
      |         ^~
/mnt/data/qrx_security_hardening/qrx-core/src/qrxdb.c:701:55: note: ...this statement, but the latter is misleadingly indented as if it were guarded by the 'if'
  701 |         if(hdr.value_len) memcpy(vs,v,hdr.value_len); vs[hdr.value_len]=0;
      |                                                       ^~
/mnt/data/qrx_security_hardening/qrx-core/src/qrxdb.c: In function 'qrxdb_snapshot':
/mnt/data/qrx_security_hardening/qrx-core/src/qrxdb.c:769:5: warning: this 'if' clause does not guard... [-Wmisleading-indentation]
  769 |     if(!db || !snapshot_name) return -1; if(qrxdb_sync(db)!=0) return -1;
      |     ^~
/mnt/data/qrx_security_hardening/qrx-core/src/qrxdb.c:769:42: note: ...this statement, but the latter is misleadingly indented as if it were guarded by the 'if'
  769 |     if(!db || !snapshot_name) return -1; if(qrxdb_sync(db)!=0) return -1;
      |                                          ^~
/mnt/data/qrx_security_hardening/qrx-core/src/qrx.c:2146:9: warning: this 'if' clause does not guard... [-Wmisleading-indentation]
 2146 |         if (ed) free(ed); if (ml) free(ml); free(perm); free(max_trade); free(daily); free(markets); free(exp);
      |         ^~
/mnt/data/qrx_security_hardening/qrx-core/src/qrx.c:2146:27: note: ...this statement, but the latter is misleadingly indented as if it were guarded by the 'if'
 2146 |         if (ed) free(ed); if (ml) free(ml); free(perm); free(max_trade); free(daily); free(markets); free(exp);
      |                           ^~
/mnt/data/qrx_security_hardening/qrx-core/src/qrxdb.c: In function 'qrxdb_snapshot_verify_signature':
/mnt/data/qrx_security_hardening/qrx-core/src/qrxdb.c:847:5: warning: this 'if' clause does not guard... [-Wmisleading-indentation]
  847 |     if(qrxdb_sha3_512_file(snapf,snap_hash)!=0) goto done; qrxdb_hex64(snap_hash,snap_hash_hex); if(strcmp(snap_hash_hex,snapshot_hash_meta)!=0) goto done;
      |     ^~
/mnt/data/qrx_security_hardening/qrx-core/src/qrxdb.c:847:60: note: ...this statement, but the latter is misleadingly indented as if it were guarded by the 'if'
  847 |     if(qrxdb_sha3_512_file(snapf,snap_hash)!=0) goto done; qrxdb_hex64(snap_hash,snap_hash_hex); if(strcmp(snap_hash_hex,snapshot_hash_meta)!=0) goto done;
      |                                                            ^~~~~~~~~~~
/mnt/data/qrx_security_hardening/qrx-core/src/qrxdb.c:850:5: warning: this 'if' clause does not guard... [-Wmisleading-indentation]
  850 |     if(ed)EVP_PKEY_free(ed); if(ml)EVP_PKEY_free(ml); free(edsigb); free(mlsigb);
      |     ^~
/mnt/data/qrx_security_hardening/qrx-core/src/qrxdb.c:850:30: note: ...this statement, but the latter is misleadingly indented as if it were guarded by the 'if'
  850 |     if(ed)EVP_PKEY_free(ed); if(ml)EVP_PKEY_free(ml); free(edsigb); free(mlsigb);
      |                              ^~
/mnt/data/qrx_security_hardening/qrx-core/src/qrx.c: In function 'asset_id_valid':
/mnt/data/qrx_security_hardening/qrx-core/src/qrx.c:2361:5: warning: this 'if' clause does not guard... [-Wmisleading-indentation]
 2361 |     if (!asset) return 0; size_t n = strlen(asset); if (n < 2 || n > 24) return 0;
      |     ^~
/mnt/data/qrx_security_hardening/qrx-core/src/qrx.c:2361:27: note: ...this statement, but the latter is misleadingly indented as if it were guarded by the 'if'
 2361 |     if (!asset) return 0; size_t n = strlen(asset); if (n < 2 || n > 24) return 0;
      |                           ^~~~~~
[ 27%] Building C object CMakeFiles/qrxcore.dir/src/consensus/qrx_slashing.c.o
/mnt/data/qrx_security_hardening/qrx-core/src/bitcoin/qrx_btc_spv.c: In function 'bn_to_compact':
/mnt/data/qrx_security_hardening/qrx-core/src/qrx.c: In function 'asset_register_cmd':
/mnt/data/qrx_security_hardening/qrx-core/src/qrx.c:2383:5: warning: this 'if' clause does not guard... [-Wmisleading-indentation]
 2383 |     if(!strcmp(a,"QUB")) die("QUB is built in"); validate_simple_payload_value(name,"asset name");
      |     ^~
/mnt/data/qrx_security_hardening/qrx-core/src/qrx.c:2383:50: note: ...this statement, but the latter is misleadingly indented as if it were guarded by the 'if'
 2383 |     if(!strcmp(a,"QUB")) die("QUB is built in"); validate_simple_payload_value(name,"asset name");
      |                                                  ^~~~~~~~~~~~~~~~~~~~~~~~~~~~~
/mnt/data/qrx_security_hardening/qrx-core/src/bitcoin/qrx_btc_spv.c:65:5: warning: this 'if' clause does not guard... [-Wmisleading-indentation]
   65 |     if(!bn||BN_is_zero(bn))return 0;int size=(BN_num_bits(bn)+7)/8;uint32_t compact=0;
      |     ^~
/mnt/data/qrx_security_hardening/qrx-core/src/bitcoin/qrx_btc_spv.c:65:37: note: ...this statement, but the latter is misleadingly indented as if it were guarded by the 'if'
   65 |     if(!bn||BN_is_zero(bn))return 0;int size=(BN_num_bits(bn)+7)/8;uint32_t compact=0;
      |                                     ^~~
[ 30%] Building C object CMakeFiles/qrxcore.dir/src/economics/qrx_economics.c.o
/mnt/data/qrx_security_hardening/qrx-core/src/qrx.c: In function 'asset_balance_set':
/mnt/data/qrx_security_hardening/qrx-core/src/qrx.c:2408:5: warning: this 'if' clause does not guard... [-Wmisleading-indentation]
 2408 |     if(value<0) return -1; char a[32]; asset_id_normalize(asset,a,sizeof(a));
      |     ^~
/mnt/data/qrx_security_hardening/qrx-core/src/qrx.c:2408:28: note: ...this statement, but the latter is misleadingly indented as if it were guarded by the 'if'
 2408 |     if(value<0) return -1; char a[32]; asset_id_normalize(asset,a,sizeof(a));
      |                            ^~~~
/mnt/data/qrx_security_hardening/qrx-core/src/qrx.c: In function 'asset_credit_cmd':
/mnt/data/qrx_security_hardening/qrx-core/src/bitcoin/qrx_btc_spv.c: In function 'stage_best_chain':
/mnt/data/qrx_security_hardening/qrx-core/src/bitcoin/qrx_btc_spv.c:154:5: warning: this 'for' clause does not guard... [-Wmisleading-indentation]
  154 |     for(size_t i=0;i<pn;i++)free(path[i]);free(path);return 1;
      |     ^~~
/mnt/data/qrx_security_hardening/qrx-core/src/bitcoin/qrx_btc_spv.c:154:43: note: ...this statement, but the latter is misleadingly indented as if it were guarded by the 'for'
  154 |     for(size_t i=0;i<pn;i++)free(path[i]);free(path);return 1;
      |                                           ^~~~
/mnt/data/qrx_security_hardening/qrx-core/src/qrx.c:2425:5: warning: this 'if' clause does not guard... [-Wmisleading-indentation]
 2425 |     if(asset_balance_adjust(chain_dir,a,address,amount))die("asset credit failed"); printf("%lld\n",asset_balance_get(chain_dir,a,address)); return 0;
      |     ^~
/mnt/data/qrx_security_hardening/qrx-core/src/qrx.c:2425:85: note: ...this statement, but the latter is misleadingly indented as if it were guarded by the 'if'
 2425 |     if(asset_balance_adjust(chain_dir,a,address,amount))die("asset credit failed"); printf("%lld\n",asset_balance_get(chain_dir,a,address)); return 0;
      |                                                                                     ^~~~~~
/mnt/data/qrx_security_hardening/qrx-core/src/qrx.c: In function 'asset_balance_cmd':
/mnt/data/qrx_security_hardening/qrx-core/src/qrx.c:2429:5: warning: this 'if' clause does not guard... [-Wmisleading-indentation]
 2429 |     if(!asset_exists(chain_dir,asset))die("asset is not registered"); printf("%lld\n",asset_balance_get(chain_dir,asset,address)); return 0;
      |     ^~
/mnt/data/qrx_security_hardening/qrx-core/src/qrx.c:2429:71: note: ...this statement, but the latter is misleadingly indented as if it were guarded by the 'if'
 2429 |     if(!asset_exists(chain_dir,asset))die("asset is not registered"); printf("%lld\n",asset_balance_get(chain_dir,asset,address)); return 0;
      |                                                                       ^~~~~~
/mnt/data/qrx_security_hardening/qrx-core/src/qrx.c: In function 'parse_native_market':
/mnt/data/qrx_security_hardening/qrx-core/src/qrx.c:2443:5: warning: this 'if' clause does not guard... [-Wmisleading-indentation]
 2443 |     if(!market||!*market)return -1;const char *slash=strchr(market,'/');if(!slash||strchr(slash+1,'/'))return -1;size_t bl=(size_t)(slash-market),ql=strlen(slash+1);if(!bl||!ql||bl>=bsz||ql>=qsz)return -1;
      |     ^~
/mnt/data/qrx_security_hardening/qrx-core/src/qrx.c:2443:36: note: ...this statement, but the latter is misleadingly indented as if it were guarded by the 'if'
 2443 |     if(!market||!*market)return -1;const char *slash=strchr(market,'/');if(!slash||strchr(slash+1,'/'))return -1;size_t bl=(size_t)(slash-market),ql=strlen(slash+1);if(!bl||!ql||bl>=bsz||ql>=qsz)return -1;
      |                                    ^~~~~
/mnt/data/qrx_security_hardening/qrx-core/src/qrx.c:2445:5: warning: this 'if' clause does not guard... [-Wmisleading-indentation]
 2445 |     if(!asset_id_valid(base)||!asset_id_valid(quote)||!strcmp(base,quote))return -1;if(!asset_exists(chain_dir,base)||!asset_exists(chain_dir,quote))return -2;return 0;
      |     ^~
/mnt/data/qrx_security_hardening/qrx-core/src/qrx.c:2445:85: note: ...this statement, but the latter is misleadingly indented as if it were guarded by the 'if'
 2445 |     if(!asset_id_valid(base)||!asset_id_valid(quote)||!strcmp(base,quote))return -1;if(!asset_exists(chain_dir,base)||!asset_exists(chain_dir,quote))return -2;return 0;
      |                                                                                     ^~
/mnt/data/qrx_security_hardening/qrx-core/src/qrx.c: In function 'mul_div_floor_nonneg':
/mnt/data/qrx_security_hardening/qrx-core/src/qrx.c:2450:5: warning: this 'if' clause does not guard... [-Wmisleading-indentation]
 2450 |     if(a<0||b<0||d<=0||!out)return -1; unsigned long long q=0,rem=0,ub=(unsigned long long)b,ud=(unsigned long long)d,base_q=ub/ud,base_r=ub%ud,ua=(unsigned long long)a;
      |     ^~
/mnt/data/qrx_security_hardening/qrx-core/src/qrx.c:2450:40: note: ...this statement, but the latter is misleadingly indented as if it were guarded by the 'if'
 2450 |     if(a<0||b<0||d<=0||!out)return -1; unsigned long long q=0,rem=0,ub=(unsigned long long)b,ud=(unsigned long long)d,base_q=ub/ud,base_r=ub%ud,ua=(unsigned long long)a;
      |                                        ^~~~~~~~
/mnt/data/qrx_security_hardening/qrx-core/src/qrx.c:2452:9: warning: this 'if' clause does not guard... [-Wmisleading-indentation]
 2452 |         if(q>(unsigned long long)LLONG_MAX/2ULL)return -1;q*=2ULL;rem*=2ULL;if(rem>=ud){rem-=ud;if(q>=(unsigned long long)LLONG_MAX)return -1;q++;}
      |         ^~
/mnt/data/qrx_security_hardening/qrx-core/src/qrx.c:2452:59: note: ...this statement, but the latter is misleadingly indented as if it were guarded by the 'if'
 2452 |         if(q>(unsigned long long)LLONG_MAX/2ULL)return -1;q*=2ULL;rem*=2ULL;if(rem>=ud){rem-=ud;if(q>=(unsigned long long)LLONG_MAX)return -1;q++;}
      |                                                           ^
/mnt/data/qrx_security_hardening/qrx-core/src/qrx.c: In function 'agent_usage_current':
/mnt/data/qrx_security_hardening/qrx-core/src/qrx.c:2474:5: warning: this 'if' clause does not guard... [-Wmisleading-indentation]
 2474 |     if (bucket_out) *bucket_out = bucket; if (epoch_blocks_out) *epoch_blocks_out = epoch_blocks; return kv_get_ll_bin(path, key);
      |     ^~
/mnt/data/qrx_security_hardening/qrx-core/src/bitcoin/qrx_btc_spv.c: At top level:
/mnt/data/qrx_security_hardening/qrx-core/src/bitcoin/qrx_btc_spv.c:25:13: warning: 'seterrf' defined but not used [-Wunused-function]
   25 | static void seterrf(char *err,size_t sz,const char *fmt,unsigned long long v){if(err&&sz)snprintf(err,sz,fmt,v);}
      |             ^~~~~~~
/mnt/data/qrx_security_hardening/qrx-core/src/qrx.c:2474:43: note: ...this statement, but the latter is misleadingly indented as if it were guarded by the 'if'
 2474 |     if (bucket_out) *bucket_out = bucket; if (epoch_blocks_out) *epoch_blocks_out = epoch_blocks; return kv_get_ll_bin(path, key);
      |                                           ^~
/mnt/data/qrx_security_hardening/qrx-core/src/qrx.c: In function 'agent_usage_add':
/mnt/data/qrx_security_hardening/qrx-core/src/qrx.c:2478:5: warning: this 'if' clause does not guard... [-Wmisleading-indentation]
 2478 |     if (quantity_atoms <= 0) return 0; long long bucket = 0; long long cur = agent_usage_current(chain_dir, agent, &bucket, NULL), next = 0;
      |     ^~
/mnt/data/qrx_security_hardening/qrx-core/src/qrx.c:2478:40: note: ...this statement, but the latter is misleadingly indented as if it were guarded by the 'if'
 2478 |     if (quantity_atoms <= 0) return 0; long long bucket = 0; long long cur = agent_usage_current(chain_dir, agent, &bucket, NULL), next = 0;
      |                                        ^~~~
/mnt/data/qrx_security_hardening/qrx-core/src/qrx.c: In function 'agent_assert_trade_authorized':
/mnt/data/qrx_security_hardening/qrx-core/src/qrx.c:2497:5: warning: this 'if' clause does not guard... [-Wmisleading-indentation]
 2497 |     if (!stored_owner || !*stored_owner) die("trading agent is not registered"); if (!owner || strcmp(owner, stored_owner) != 0) die("trading agent owner mismatch");
      |     ^~
[ 32%] Building C object CMakeFiles/qrxcore.dir/src/treasury/qrx_dev_addresses.c.o
/mnt/data/qrx_security_hardening/qrx-core/src/qrx.c:2497:82: note: ...this statement, but the latter is misleadingly indented as if it were guarded by the 'if'
 2497 |     if (!stored_owner || !*stored_owner) die("trading agent is not registered"); if (!owner || strcmp(owner, stored_owner) != 0) die("trading agent owner mismatch");
      |                                                                                  ^~
/mnt/data/qrx_security_hardening/qrx-core/src/qrx.c:2498:5: warning: this 'if' clause does not guard... [-Wmisleading-indentation]
 2498 |     if (!status || strcmp(status, "active") != 0) die("trading agent is not active"); long long expires = parse_positive_ll_strict(expires_s, "agent expires_height"); if (current_height_from_chain(chain_dir) >= expires) die("trading agent authorization expired");
      |     ^~
/mnt/data/qrx_security_hardening/qrx-core/src/qrx.c:2498:87: note: ...this statement, but the latter is misleadingly indented as if it were guarded by the 'if'
 2498 |     if (!status || strcmp(status, "active") != 0) die("trading agent is not active"); long long expires = parse_positive_ll_strict(expires_s, "agent expires_height"); if (current_height_from_chain(chain_dir) >= expires) die("trading agent authorization expired");
      |                                                                                       ^~~~
/mnt/data/qrx_security_hardening/qrx-core/src/qrx.c:2502:5: warning: this 'if' clause does not guard... [-Wmisleading-indentation]
 2502 |     if (!stored_ed || !tx_ed_pub_hex || strcmp(stored_ed, tx_ed_pub_hex) != 0) die("agent ed25519 key differs from owner-authorized key"); if (!stored_ml || !tx_ml_pub_b64 || strcmp(stored_ml, tx_ml_pub_b64) != 0) die("agent ML-DSA key differs from owner-authorized key");
      |     ^~
/mnt/data/qrx_security_hardening/qrx-core/src/qrx.c:2502:140: note: ...this statement, but the latter is misleadingly indented as if it were guarded by the 'if'
 2502 |     if (!stored_ed || !tx_ed_pub_hex || strcmp(stored_ed, tx_ed_pub_hex) != 0) die("agent ed25519 key differs from owner-authorized key"); if (!stored_ml || !tx_ml_pub_b64 || strcmp(stored_ml, tx_ml_pub_b64) != 0) die("agent ML-DSA key differs from owner-authorized key");
      |                                                                                                                                            ^~
/mnt/data/qrx_security_hardening/qrx-core/src/qrx.c: In function 'validate_trade_fields_common':
/mnt/data/qrx_security_hardening/qrx-core/src/qrx.c:2518:9: warning: this 'if' clause does not guard... [-Wmisleading-indentation]
 2518 |         if(!market||!side||!otype||!qty_s||!price_s||!order_exp_s)die("trading payload missing order fields");validate_simple_payload_value(market,"market");validate_simple_payload_value(side,"side");validate_simple_payload_value(otype,"order_type");if(strcasecmp(side,"BUY")&&strcasecmp(side,"SELL"))die("side must be BUY or SELL");if(strcasecmp(otype,"LIMIT")&&strcasecmp(otype,"MARKET"))die("order_type must be LIMIT or MARKET");
      |         ^~
/mnt/data/qrx_security_hardening/qrx-core/src/qrx.c:2518:111: note: ...this statement, but the latter is misleadingly indented as if it were guarded by the 'if'
 2518 |         if(!market||!side||!otype||!qty_s||!price_s||!order_exp_s)die("trading payload missing order fields");validate_simple_payload_value(market,"market");validate_simple_payload_value(side,"side");validate_simple_payload_value(otype,"order_type");if(strcasecmp(side,"BUY")&&strcasecmp(side,"SELL"))die("side must be BUY or SELL");if(strcasecmp(otype,"LIMIT")&&strcasecmp(otype,"MARKET"))die("order_type must be LIMIT or MARKET");
      |                                                                                                               ^~~~~~~~~~~~~~~~~~~~~~~~~~~~~
/mnt/data/qrx_security_hardening/qrx-core/src/qrx.c: In function 'order_write_from_payload':
/mnt/data/qrx_security_hardening/qrx-core/src/qrx.c:2535:5: warning: this 'if' clause does not guard... [-Wmisleading-indentation]
 2535 |     if(order_db_set_field(chain_dir,order_id,"owner",owner)||order_db_set_field(chain_dir,order_id,"agent",agent)||order_db_set_field(chain_dir,order_id,"kind",kind)||order_db_set_field(chain_dir,order_id,"status",status)||order_db_set_field(chain_dir,order_id,"created_height",hbuf)||order_db_set_field(chain_dir,order_id,"updated_height",hbuf)||order_db_set_field(chain_dir,order_id,"last_tx",body_hash?body_hash:order_id))return -1;if(replaces&&*replaces&&order_db_set_field(chain_dir,order_id,"replaces",replaces))return -1;
      |     ^~
/mnt/data/qrx_security_hardening/qrx-core/src/qrx.c:2535:436: note: ...this statement, but the latter is misleadingly indented as if it were guarded by the 'if'
 2535 |     if(order_db_set_field(chain_dir,order_id,"owner",owner)||order_db_set_field(chain_dir,order_id,"agent",agent)||order_db_set_field(chain_dir,order_id,"kind",kind)||order_db_set_field(chain_dir,order_id,"status",status)||order_db_set_field(chain_dir,order_id,"created_height",hbuf)||order_db_set_field(chain_dir,order_id,"updated_height",hbuf)||order_db_set_field(chain_dir,order_id,"last_tx",body_hash?body_hash:order_id))return -1;if(replaces&&*replaces&&order_db_set_field(chain_dir,order_id,"replaces",replaces))return -1;
      |                                                                                                                                                                                                                                                                                                                                                                                                                                                    ^~
/mnt/data/qrx_security_hardening/qrx-core/src/qrx.c: In function 'collect_match_candidates':
/mnt/data/qrx_security_hardening/qrx-core/src/qrx.c:2729:21: warning: this 'if' clause does not guard... [-Wmisleading-indentation]
 2729 |                     if(kind)free(kind);if(status)free(status);if(omarket)free(omarket);if(side)free(side);if(sv)free(sv);
      |                     ^~
/mnt/data/qrx_security_hardening/qrx-core/src/qrx.c:2729:40: note: ...this statement, but the latter is misleadingly indented as if it were guarded by the 'if'
 2729 |                     if(kind)free(kind);if(status)free(status);if(omarket)free(omarket);if(side)free(side);if(sv)free(sv);
      |                                        ^~
/mnt/data/qrx_security_hardening/qrx-core/src/qrx.c: In function 'trade_apply_tx':
/mnt/data/qrx_security_hardening/qrx-core/src/qrx.c:2748:5: warning: this 'if' clause does not guard... [-Wmisleading-indentation]
 2748 |     if(!body_hash||!*body_hash)return -1;long long h=current_height_from_chain(chain_dir);
      |     ^~
/mnt/data/qrx_security_hardening/qrx-core/src/qrx.c:2748:42: note: ...this statement, but the latter is misleadingly indented as if it were guarded by the 'if'
 2748 |     if(!body_hash||!*body_hash)return -1;long long h=current_height_from_chain(chain_dir);
      |                                          ^~~~
/mnt/data/qrx_security_hardening/qrx-core/src/qrx.c: In function 'order_status_cmd':
/mnt/data/qrx_security_hardening/qrx-core/src/qrx.c:2756:5: warning: this 'if' clause does not guard... [-Wmisleading-indentation]
 2756 |     if(!order_id||!*order_id)die("missing order id");const char *fields[]={"owner","agent","kind","venue","market","side","order_type","quantity_atoms","filled_atoms","remaining_atoms","limit_price_atoms","status","created_height","updated_height","order_expires_height","client_order_id","time_in_force","arbitrage_id","source_order_id","replaces","replacement_order_id","settlement_version","locked_asset","locked_atoms","external_filled_atoms","external_avg_price_atoms","external_venue_fee_atoms","venue_order_id","execution_gateway","execution_report_sequence","last_execution_report","last_trade_id","crosschain_session_id","hashlock_hex","btc_redeem_pubkey_hex","btc_refund_pubkey_hex","btc_refund_csv_blocks","qrx_refund_height","last_tx",NULL};int found=0;printf("order_id=%s\n",order_id);for(int i=0;fields[i];++i){char *v=order_db_get_field(chain_dir,order_id,fields[i]);if(v){printf("%s=%s\n",fields[i],v);found=1;free(v);}}if(!found)die("order not found");return 0;
      |     ^~
/mnt/data/qrx_security_hardening/qrx-core/src/qrx.c:2756:54: note: ...this statement, but the latter is misleadingly indented as if it were guarded by the 'if'
 2756 |     if(!order_id||!*order_id)die("missing order id");const char *fields[]={"owner","agent","kind","venue","market","side","order_type","quantity_atoms","filled_atoms","remaining_atoms","limit_price_atoms","status","created_height","updated_height","order_expires_height","client_order_id","time_in_force","arbitrage_id","source_order_id","replaces","replacement_order_id","settlement_version","locked_asset","locked_atoms","external_filled_atoms","external_avg_price_atoms","external_venue_fee_atoms","venue_order_id","execution_gateway","execution_report_sequence","last_execution_report","last_trade_id","crosschain_session_id","hashlock_hex","btc_redeem_pubkey_hex","btc_refund_pubkey_hex","btc_refund_csv_blocks","qrx_refund_height","last_tx",NULL};int found=0;printf("order_id=%s\n",order_id);for(int i=0;fields[i];++i){char *v=order_db_get_field(chain_dir,order_id,fields[i]);if(v){printf("%s=%s\n",fields[i],v);found=1;free(v);}}if(!found)die("order not found");return 0;
      |                                                      ^~~~~
/mnt/data/qrx_security_hardening/qrx-core/src/qrx.c: In function 'list_trades_cmd':
/mnt/data/qrx_security_hardening/qrx-core/src/qrx.c:2781:25: warning: this 'if' clause does not guard... [-Wmisleading-indentation]
 2781 |                         if(q)free(q);if(p)free(p);if(qa)free(qa);if(sq)free(sq);if(maker)free(maker);if(taker)free(taker);if(buyer)free(buyer);if(seller)free(seller);shown++;
      |                         ^~
/mnt/data/qrx_security_hardening/qrx-core/src/qrx.c:2781:38: note: ...this statement, but the latter is misleadingly indented as if it were guarded by the 'if'
 2781 |                         if(q)free(q);if(p)free(p);if(qa)free(qa);if(sq)free(sq);if(maker)free(maker);if(taker)free(taker);if(buyer)free(buyer);if(seller)free(seller);shown++;
      |                                      ^~
In file included from /usr/include/stdio.h:970,
                 from /mnt/data/qrx_security_hardening/qrx-core/src/mempool/qrx_velocity_mempool.c:6:
In function 'snprintf',
    inlined from 'add_access' at /mnt/data/qrx_security_hardening/qrx-core/src/mempool/qrx_velocity_mempool.c:107:117,
    inlined from 'qrx_velocity_tx_metadata' at /mnt/data/qrx_security_hardening/qrx-core/src/mempool/qrx_velocity_mempool.c:117:122:
/usr/include/x86_64-linux-gnu/bits/stdio2.h:68:10: warning: '__builtin___snprintf_chk' argument 7 may overlap destination object 'e' [-Wrestrict]
   68 |   return __builtin___snprintf_chk (__s, __n, __USE_FORTIFY_LEVEL - 1,
      |          ^~~~~~~~~~~~~~~~~~~~~~~~~~~~~~~~~~~~~~~~~~~~~~~~~~~~~~~~~~~~
   69 |                                    __glibc_objsize (__s), __fmt,
      |                                    ~~~~~~~~~~~~~~~~~~~~~~~~~~~~~
   70 |                                    __va_arg_pack ());
      |                                    ~~~~~~~~~~~~~~~~~
/mnt/data/qrx_security_hardening/qrx-core/src/mempool/qrx_velocity_mempool.c: In function 'qrx_velocity_tx_metadata':
/mnt/data/qrx_security_hardening/qrx-core/src/mempool/qrx_velocity_mempool.c:110:70: note: destination object referenced by 'restrict'-qualified argument 1 was declared here
  110 | int qrx_velocity_tx_metadata(const char *tx,QrxVelocityMempoolEntry *e){
      |                                             ~~~~~~~~~~~~~~~~~~~~~~~~~^
/mnt/data/qrx_security_hardening/qrx-core/src/qrx.c: In function 'gateway_db_set_field':
/mnt/data/qrx_security_hardening/qrx-core/src/qrx.c:2810:5: warning: this 'if' clause does not guard... [-Wmisleading-indentation]
 2810 |     if(velocity_qrxdb_put(chain_dir,qkey,value?value:""))return -1;gateway_registry_path(chain_dir,path,sizeof(path));if(gateway_make_key(key,sizeof(key),gateway,field))return -1;return text_db_set(path,key,value?value:"");
      |     ^~
/mnt/data/qrx_security_hardening/qrx-core/src/qrx.c:2810:68: note: ...this statement, but the latter is misleadingly indented as if it were guarded by the 'if'
 2810 |     if(velocity_qrxdb_put(chain_dir,qkey,value?value:""))return -1;gateway_registry_path(chain_dir,path,sizeof(path));if(gateway_make_key(key,sizeof(key),gateway,field))return -1;return text_db_set(path,key,value?value:"");
      |                                                                    ^~~~~~~~~~~~~~~~~~~~~
/mnt/data/qrx_security_hardening/qrx-core/src/qrx.c: In function 'gateway_apply_tx':
/mnt/data/qrx_security_hardening/qrx-core/src/qrx.c:2841:5: warning: this 'if' clause does not guard... [-Wmisleading-indentation]
 2841 |     if(qrxdb_init(&db,chain_dir)!=0)return -1;if(qrxdb_batch_begin(&db,&b)!=0){qrxdb_close(&db);return -1;}
      |     ^~
/mnt/data/qrx_security_hardening/qrx-core/src/qrx.c:2841:47: note: ...this statement, but the latter is misleadingly indented as if it were guarded by the 'if'
 2841 |     if(qrxdb_init(&db,chain_dir)!=0)return -1;if(qrxdb_batch_begin(&db,&b)!=0){qrxdb_close(&db);return -1;}
      |                                               ^~
/mnt/data/qrx_security_hardening/qrx-core/src/qrx.c: In function 'validate_execution_report_tx':
/mnt/data/qrx_security_hardening/qrx-core/src/qrx.c:2877:5: warning: this 'if' clause does not guard... [-Wmisleading-indentation]
 2877 |     if(!kind||strcmp(kind,"external"))die("execution report target is not an external order");if(!order_owner||strcmp(order_owner,owner))die("execution report owner mismatch");if(!order_venue||!gw_venue||strcasecmp(order_venue,gw_venue))die("gateway venue does not match external order venue");
      |     ^~
/mnt/data/qrx_security_hardening/qrx-core/src/qrx.c:2877:95: note: ...this statement, but the latter is misleadingly indented as if it were guarded by the 'if'
 2877 |     if(!kind||strcmp(kind,"external"))die("execution report target is not an external order");if(!order_owner||strcmp(order_owner,owner))die("execution report owner mismatch");if(!order_venue||!gw_venue||strcasecmp(order_venue,gw_venue))die("gateway venue does not match external order venue");
      |                                                                                               ^~
/mnt/data/qrx_security_hardening/qrx-core/src/qrx.c:2881:5: warning: this 'if' clause does not guard... [-Wmisleading-indentation]
 2881 |     if(seq!=prev_seq+1)die("execution report sequence mismatch");if(filled<prev_filled||filled>qty)die("invalid cumulative external fill quantity");if(filled>0&&price<=0)die("filled execution report requires avg_price_atoms > 0");
      |     ^~
/mnt/data/qrx_security_hardening/qrx-core/src/qrx.c:2881:66: note: ...this statement, but the latter is misleadingly indented as if it were guarded by the 'if'
 2881 |     if(seq!=prev_seq+1)die("execution report sequence mismatch");if(filled<prev_filled||filled>qty)die("invalid cumulative external fill quantity");if(filled>0&&price<=0)die("filled execution report requires avg_price_atoms > 0");
      |                                                                  ^~
/mnt/data/qrx_security_hardening/qrx-core/src/qrx.c:2882:5: warning: this 'if' clause does not guard... [-Wmisleading-indentation]
 2882 |     if(!strcasecmp(status,"PARTIALLY_FILLED")&&(filled<=0||filled>=qty))die("PARTIALLY_FILLED requires 0 < filled < quantity");if(!strcasecmp(status,"FILLED")&&filled!=qty)die("FILLED requires filled_quantity_atoms == order quantity");
      |     ^~
/mnt/data/qrx_security_hardening/qrx-core/src/qrx.c:2882:128: note: ...this statement, but the latter is misleadingly indented as if it were guarded by the 'if'
 2882 |     if(!strcasecmp(status,"PARTIALLY_FILLED")&&(filled<=0||filled>=qty))die("PARTIALLY_FILLED requires 0 < filled < quantity");if(!strcasecmp(status,"FILLED")&&filled!=qty)die("FILLED requires filled_quantity_atoms == order quantity");
      |                                                                                                                                ^~
In file included from /mnt/data/qrx_security_hardening/qrx-core/src/qrx.c:2912:
/mnt/data/qrx_security_hardening/qrx-core/src/velocity/qrx_crosschain.inc: In function 'crosschain_hex_exact':
/mnt/data/qrx_security_hardening/qrx-core/src/velocity/qrx_crosschain.inc:23:5: warning: this 'if' clause does not guard... [-Wmisleading-indentation]
   23 |     if(!s) return 0; size_t n=strlen(s); if(n<min_len||n>max_len) return 0;
      |     ^~
/mnt/data/qrx_security_hardening/qrx-core/src/velocity/qrx_crosschain.inc:23:22: note: ...this statement, but the latter is misleadingly indented as if it were guarded by the 'if'
   23 |     if(!s) return 0; size_t n=strlen(s); if(n<min_len||n>max_len) return 0;
      |                      ^~~~~~
/mnt/data/qrx_security_hardening/qrx-core/src/velocity/qrx_crosschain.inc: In function 'crosschain_btc_htlc_script':
/mnt/data/qrx_security_hardening/qrx-core/src/velocity/qrx_crosschain.inc:83:5: warning: this 'for' clause does not guard... [-Wmisleading-indentation]
   83 |     for(size_t i=0;i<off;i++) sprintf(script_hex+i*2,"%02x",script[i]); script_hex[off*2]=0;
      |     ^~~
/mnt/data/qrx_security_hardening/qrx-core/src/velocity/qrx_crosschain.inc:83:73: note: ...this statement, but the latter is misleadingly indented as if it were guarded by the 'for'
   83 |     for(size_t i=0;i<off;i++) sprintf(script_hex+i*2,"%02x",script[i]); script_hex[off*2]=0;
      |                                                                         ^~~~~~~~~~
/mnt/data/qrx_security_hardening/qrx-core/src/velocity/qrx_crosschain.inc: In function 'crosschain_p2wsh_address':
/mnt/data/qrx_security_hardening/qrx-core/src/velocity/qrx_crosschain.inc:102:5: warning: this 'for' clause does not guard... [-Wmisleading-indentation]
  102 |     for(const char *p=hrp;*p;p++) vals[vn++]=(unsigned char)(*p>>5); vals[vn++]=0; for(const char *p=hrp;*p;p++) vals[vn++]=(unsigned char)(*p&31); for(size_t i=0;i<dlen;i++) vals[vn++]=data[i]; for(int i=0;i<6;i++)vals[vn++]=0;
      |     ^~~
/mnt/data/qrx_security_hardening/qrx-core/src/velocity/qrx_crosschain.inc:102:70: note: ...this statement, but the latter is misleadingly indented as if it were guarded by the 'for'
  102 |     for(const char *p=hrp;*p;p++) vals[vn++]=(unsigned char)(*p>>5); vals[vn++]=0; for(const char *p=hrp;*p;p++) vals[vn++]=(unsigned char)(*p&31); for(size_t i=0;i<dlen;i++) vals[vn++]=data[i]; for(int i=0;i<6;i++)vals[vn++]=0;
      |                                                                      ^~~~
/mnt/data/qrx_security_hardening/qrx-core/src/velocity/qrx_crosschain.inc: In function 'validate_crosschain_order_fields':
/mnt/data/qrx_security_hardening/qrx-core/src/velocity/qrx_crosschain.inc:123:5: warning: this 'if' clause does not guard... [-Wmisleading-indentation]
  123 |     if(!crosschain_market_valid(market))die("Phase 3D supports canonical BTC/QUB cross-chain market only");if(strcasecmp(otype,"LIMIT"))die("cross-chain Phase 3D supports LIMIT orders only");if(strcasecmp(side,"BUY")&&strcasecmp(side,"SELL"))die("cross-chain side must be BUY or SELL");
      |     ^~
/mnt/data/qrx_security_hardening/qrx-core/src/velocity/qrx_crosschain.inc:123:108: note: ...this statement, but the latter is misleadingly indented as if it were guarded by the 'if'
  123 |     if(!crosschain_market_valid(market))die("Phase 3D supports canonical BTC/QUB cross-chain market only");if(strcasecmp(otype,"LIMIT"))die("cross-chain Phase 3D supports LIMIT orders only");if(strcasecmp(side,"BUY")&&strcasecmp(side,"SELL"))die("cross-chain side must be BUY or SELL");
      |                                                                                                            ^~
/mnt/data/qrx_security_hardening/qrx-core/src/velocity/qrx_crosschain.inc:125:5: warning: this 'if' clause does not guard... [-Wmisleading-indentation]
  125 |     if(oe<=h||oe>te)die("invalid cross-chain order expiry");agent_assert_trade_authorized(chain_dir,agent,owner,QRX_CROSSCHAIN_MARKET,"TRADE_CROSSCHAIN",qty,1,ed,ml);
      |     ^~
/mnt/data/qrx_security_hardening/qrx-core/src/velocity/qrx_crosschain.inc:125:61: note: ...this statement, but the latter is misleadingly indented as if it were guarded by the 'if'
  125 |     if(oe<=h||oe>te)die("invalid cross-chain order expiry");agent_assert_trade_authorized(chain_dir,agent,owner,QRX_CROSSCHAIN_MARKET,"TRADE_CROSSCHAIN",qty,1,ed,ml);
      |                                                             ^~~~~~~~~~~~~~~~~~~~~~~~~~~~~
/mnt/data/qrx_security_hardening/qrx-core/src/velocity/qrx_crosschain.inc:127:9: warning: this 'if' clause does not guard... [-Wmisleading-indentation]
  127 |         if(!crosschain_hashlock_valid(hash))die("BTC/QUB BUY requires a 32-byte SHA-256 hashlock");if(!crosschain_compressed_pubkey_valid(redeem))die("BTC/QUB BUY requires compressed btc_redeem_pubkey_hex");if(strcmp(refund,"-")||strcmp(csvs,"0"))die("BUY must use btc_refund_pubkey_hex=- and btc_refund_csv_blocks=0");long long qrh=parse_positive_ll_strict(qrhs,"qrx_refund_height");if(qrh<=oe)die("qrx_refund_height must be later than order expiry");long long lock=quote_for_quantity(qty,price);if(qrx_balance_get_authoritative(chain_dir,owner)<lock)die("insufficient owner QUB for cross-chain reserve");
      |         ^~
/mnt/data/qrx_security_hardening/qrx-core/src/velocity/qrx_crosschain.inc:127:100: note: ...this statement, but the latter is misleadingly indented as if it were guarded by the 'if'
  127 |         if(!crosschain_hashlock_valid(hash))die("BTC/QUB BUY requires a 32-byte SHA-256 hashlock");if(!crosschain_compressed_pubkey_valid(redeem))die("BTC/QUB BUY requires compressed btc_redeem_pubkey_hex");if(strcmp(refund,"-")||strcmp(csvs,"0"))die("BUY must use btc_refund_pubkey_hex=- and btc_refund_csv_blocks=0");long long qrh=parse_positive_ll_strict(qrhs,"qrx_refund_height");if(qrh<=oe)die("qrx_refund_height must be later than order expiry");long long lock=quote_for_quantity(qty,price);if(qrx_balance_get_authoritative(chain_dir,owner)<lock)die("insufficient owner QUB for cross-chain reserve");
      |                                                                                                    ^~
/mnt/data/qrx_security_hardening/qrx-core/src/velocity/qrx_crosschain.inc:129:9: warning: this 'if' clause does not guard... [-Wmisleading-indentation]
  129 |         if(strcmp(hash,"-")||strcmp(redeem,"-")||strcmp(qrhs,"0"))die("SELL must use hashlock=- btc_redeem_pubkey_hex=- qrx_refund_height=0");if(!crosschain_compressed_pubkey_valid(refund))die("BTC/QUB SELL requires compressed btc_refund_pubkey_hex");long long csv=parse_positive_ll_strict(csvs,"btc_refund_csv_blocks");if(csv>QRX_CROSSCHAIN_MAX_CSV_BLOCKS)die("btc_refund_csv_blocks too large");
      |         ^~
/mnt/data/qrx_security_hardening/qrx-core/src/velocity/qrx_crosschain.inc:129:143: note: ...this statement, but the latter is misleadingly indented as if it were guarded by the 'if'
  129 |         if(strcmp(hash,"-")||strcmp(redeem,"-")||strcmp(qrhs,"0"))die("SELL must use hashlock=- btc_redeem_pubkey_hex=- qrx_refund_height=0");if(!crosschain_compressed_pubkey_valid(refund))die("BTC/QUB SELL requires compressed btc_refund_pubkey_hex");long long csv=parse_positive_ll_strict(csvs,"btc_refund_csv_blocks");if(csv>QRX_CROSSCHAIN_MAX_CSV_BLOCKS)die("btc_refund_csv_blocks too large");
      |                                                                                                                                               ^~
/mnt/data/qrx_security_hardening/qrx-core/src/velocity/qrx_crosschain.inc: In function 'validate_crosschain_action':
/mnt/data/qrx_security_hardening/qrx-core/src/velocity/qrx_crosschain.inc:138:5: warning: this 'else' clause does not guard... [-Wmisleading-indentation]
  138 |     else die("unsupported cross-chain action");free(status);free(buyer);free(seller);free(sid);
      |     ^~~~
/mnt/data/qrx_security_hardening/qrx-core/src/velocity/qrx_crosschain.inc:138:48: note: ...this statement, but the latter is misleadingly indented as if it were guarded by the 'else'
  138 |     else die("unsupported cross-chain action");free(status);free(buyer);free(seller);free(sid);
      |                                                ^~~~
/mnt/data/qrx_security_hardening/qrx-core/src/velocity/qrx_crosschain.inc: In function 'crosschain_stage_order':
/mnt/data/qrx_security_hardening/qrx-core/src/velocity/qrx_crosschain.inc:142:5: warning: this 'if' clause does not guard... [-Wmisleading-indentation]
  142 |     if(atomic_stage_order_payload(b,body_hash,agent,owner,"crosschain","open",payload,body_hash,NULL,h))return -1;char *qs=payload_get_field(payload,"quantity_atoms"),*side=payload_get_field(payload,"side"),*ps=payload_get_field(payload,"limit_price_atoms");long long qty=parse_positive_ll_strict(qs,"quantity_atoms"),price=parse_positive_ll_strict(ps,"limit_price_atoms");int rc=atomic_stage_agent_usage(b,chain_dir,agent,qty);rc|=velocity_batch_put_order(b,body_hash,"settlement_version",QRX_CROSSCHAIN_SETTLEMENT_VERSION);
      |     ^~
/mnt/data/qrx_security_hardening/qrx-core/src/velocity/qrx_crosschain.inc:142:115: note: ...this statement, but the latter is misleadingly indented as if it were guarded by the 'if'
  142 |     if(atomic_stage_order_payload(b,body_hash,agent,owner,"crosschain","open",payload,body_hash,NULL,h))return -1;char *qs=payload_get_field(payload,"quantity_atoms"),*side=payload_get_field(payload,"side"),*ps=payload_get_field(payload,"limit_price_atoms");long long qty=parse_positive_ll_strict(qs,"quantity_atoms"),price=parse_positive_ll_strict(ps,"limit_price_atoms");int rc=atomic_stage_agent_usage(b,chain_dir,agent,qty);rc|=velocity_batch_put_order(b,body_hash,"settlement_version",QRX_CROSSCHAIN_SETTLEMENT_VERSION);
      |                                                                                                                   ^~~~
In file included from /mnt/data/qrx_security_hardening/qrx-core/src/qrx.c:2913:
/mnt/data/qrx_security_hardening/qrx-core/src/velocity/qrx_btc_spv.inc: In function 'btc_spv_session_required_confirmations':
/mnt/data/qrx_security_hardening/qrx-core/src/velocity/qrx_btc_spv.inc:22:5: warning: this 'if' clause does not guard... [-Wmisleading-indentation]
   22 |     if(n<1)n=QRX_BTC_SPV_DEFAULT_CONFIRMATIONS;if(n>QRX_BTC_SPV_MAX_CONFIRMATIONS_POLICY)n=QRX_BTC_SPV_MAX_CONFIRMATIONS_POLICY;return n;
      |     ^~
/mnt/data/qrx_security_hardening/qrx-core/src/velocity/qrx_btc_spv.inc:22:48: note: ...this statement, but the latter is misleadingly indented as if it were guarded by the 'if'
   22 |     if(n<1)n=QRX_BTC_SPV_DEFAULT_CONFIRMATIONS;if(n>QRX_BTC_SPV_MAX_CONFIRMATIONS_POLICY)n=QRX_BTC_SPV_MAX_CONFIRMATIONS_POLICY;return n;
      |                                                ^~
/mnt/data/qrx_security_hardening/qrx-core/src/velocity/qrx_btc_spv.inc: In function 'btc_spv_funding_security_current':
/mnt/data/qrx_security_hardening/qrx-core/src/velocity/qrx_btc_spv.inc:28:5: warning: this 'if' clause does not guard... [-Wmisleading-indentation]
   28 |     if(conf_out)*conf_out=0;if(active_out)*active_out=0;if(safe_out)*safe_out=0;
      |     ^~
/mnt/data/qrx_security_hardening/qrx-core/src/velocity/qrx_btc_spv.inc:28:29: note: ...this statement, but the latter is misleadingly indented as if it were guarded by the 'if'
   28 |     if(conf_out)*conf_out=0;if(active_out)*active_out=0;if(safe_out)*safe_out=0;
      |                             ^~
/mnt/data/qrx_security_hardening/qrx-core/src/qrx.c: In function 'sign_cmd_from':
/mnt/data/qrx_security_hardening/qrx-core/src/qrx.c:2993:9: warning: this 'if' clause does not guard... [-Wmisleading-indentation]
 2993 |         if(!child_addr) die("source address is not controlled by this wallet"); child_addr[strcspn(child_addr,"\r\n")]=0;
      |         ^~
/mnt/data/qrx_security_hardening/qrx-core/src/qrx.c:2993:81: note: ...this statement, but the latter is misleadingly indented as if it were guarded by the 'if'
 2993 |         if(!child_addr) die("source address is not controlled by this wallet"); child_addr[strcspn(child_addr,"\r\n")]=0;
      |                                                                                 ^~~~~~~~~~
/mnt/data/qrx_security_hardening/qrx-core/src/qrx.c: In function 'verify_tx_text':
/mnt/data/qrx_security_hardening/qrx-core/src/qrx.c:3221:5: warning: this 'if' clause does not guard... [-Wmisleading-indentation]
 3221 |     if (current == LLONG_MAX) die("nonce overflow"); if (n != current + 1) die("invalid nonce: expected lane nonce + 1");
      |     ^~
/mnt/data/qrx_security_hardening/qrx-core/src/qrx.c:3221:54: note: ...this statement, but the latter is misleadingly indented as if it were guarded by the 'if'
 3221 |     if (current == LLONG_MAX) die("nonce overflow"); if (n != current + 1) die("invalid nonce: expected lane nonce + 1");
      |                                                      ^~
/mnt/data/qrx_security_hardening/qrx-core/src/qrx.c:3232:5: warning: this 'if' clause does not guard... [-Wmisleading-indentation]
 3232 |     if(tx_version) free(tx_version); free(network_id); free(genesis_hash); free(protocol_version); free(from); free(to); free(amount); free(fee); free(nonce); free(timestamp); if(memo) free(memo); if(tx_type) free(tx_type); if(lane_id) free(lane_id); if(expiry_height) free(expiry_height); if(payload) free(payload); free(ed_pub_hex); free(ml_pub_b64); if(body_hash_algo) free(body_hash_algo); if(body_hash_sha3) free(body_hash_sha3); if(body_hash_sha256_legacy) free(body_hash_sha256_legacy); if(body_hash_legacy) free(body_hash_legacy); free(sig1_hex); free(sig2_hex); free(exp_net); free(exp_gen); free(exp_ver); free(body); free(mlpem); free(mlpemstr); free(sig1); free(sig2); EVP_PKEY_free(ed_pub); EVP_PKEY_free(ml_pub);
      |     ^~
/mnt/data/qrx_security_hardening/qrx-core/src/qrx.c:3232:38: note: ...this statement, but the latter is misleadingly indented as if it were guarded by the 'if'
 3232 |     if(tx_version) free(tx_version); free(network_id); free(genesis_hash); free(protocol_version); free(from); free(to); free(amount); free(fee); free(nonce); free(timestamp); if(memo) free(memo); if(tx_type) free(tx_type); if(lane_id) free(lane_id); if(expiry_height) free(expiry_height); if(payload) free(payload); free(ed_pub_hex); free(ml_pub_b64); if(body_hash_algo) free(body_hash_algo); if(body_hash_sha3) free(body_hash_sha3); if(body_hash_sha256_legacy) free(body_hash_sha256_legacy); if(body_hash_legacy) free(body_hash_legacy); free(sig1_hex); free(sig2_hex); free(exp_net); free(exp_gen); free(exp_ver); free(body); free(mlpem); free(mlpemstr); free(sig1); free(sig2); EVP_PKEY_free(ed_pub); EVP_PKEY_free(ml_pub);
      |                                      ^~~~
/mnt/data/qrx_security_hardening/qrx-core/src/qrx.c: In function 'velocity_stateless_verify_cb':
/mnt/data/qrx_security_hardening/qrx-core/src/qrx.c:3253:5: warning: this 'if' clause does not guard... [-Wmisleading-indentation]
 3253 |     if(tx_version)free(tx_version);if(network_id)free(network_id);if(genesis_hash)free(genesis_hash);if(protocol_version)free(protocol_version);if(from)free(from);if(to)free(to);if(amount)free(amount);if(fee)free(fee);if(nonce)free(nonce);if(timestamp)free(timestamp);if(memo)free(memo);if(tx_type)free(tx_type);if(lane_id)free(lane_id);if(expiry_height)free(expiry_height);if(payload)free(payload);if(ed_pub_hex)free(ed_pub_hex);if(ml_pub_b64)free(ml_pub_b64);if(body_hash_algo)free(body_hash_algo);if(body_hash_sha3)free(body_hash_sha3);if(body_hash_legacy)free(body_hash_legacy);if(sig1_hex)free(sig1_hex);if(sig2_hex)free(sig2_hex);if(exp_net)free(exp_net);if(exp_gen)free(exp_gen);if(exp_ver)free(exp_ver);if(body)free(body);if(mlpem)free(mlpem);if(mlpemstr)free(mlpemstr);if(sig1)free(sig1);if(sig2)free(sig2);EVP_PKEY_free(ed_pub);EVP_PKEY_free(ml_pub);return rc;
      |     ^~
/mnt/data/qrx_security_hardening/qrx-core/src/qrx.c:3253:36: note: ...this statement, but the latter is misleadingly indented as if it were guarded by the 'if'
 3253 |     if(tx_version)free(tx_version);if(network_id)free(network_id);if(genesis_hash)free(genesis_hash);if(protocol_version)free(protocol_version);if(from)free(from);if(to)free(to);if(amount)free(amount);if(fee)free(fee);if(nonce)free(nonce);if(timestamp)free(timestamp);if(memo)free(memo);if(tx_type)free(tx_type);if(lane_id)free(lane_id);if(expiry_height)free(expiry_height);if(payload)free(payload);if(ed_pub_hex)free(ed_pub_hex);if(ml_pub_b64)free(ml_pub_b64);if(body_hash_algo)free(body_hash_algo);if(body_hash_sha3)free(body_hash_sha3);if(body_hash_legacy)free(body_hash_legacy);if(sig1_hex)free(sig1_hex);if(sig2_hex)free(sig2_hex);if(exp_net)free(exp_net);if(exp_gen)free(exp_gen);if(exp_ver)free(exp_ver);if(body)free(body);if(mlpem)free(mlpem);if(mlpemstr)free(mlpemstr);if(sig1)free(sig1);if(sig2)free(sig2);EVP_PKEY_free(ed_pub);EVP_PKEY_free(ml_pub);return rc;
      |                                    ^~
/mnt/data/qrx_security_hardening/qrx-core/src/qrx.c: In function 'velocity_mempool_plan_cmd':
/mnt/data/qrx_security_hardening/qrx-core/src/qrx.c:3259:5: warning: this 'if' clause does not guard... [-Wmisleading-indentation]
 3259 |     if(qrx_velocity_parallel_verify(&plan,workers>0?(uint32_t)workers:1,velocity_stateless_verify_cb,chain_dir,&mask,&vs)!=0)die("parallel signature verification failed");qrx_velocity_mempool_stats(&pool,&ms);
      |     ^~
/mnt/data/qrx_security_hardening/qrx-core/src/qrx.c:3259:172: note: ...this statement, but the latter is misleadingly indented as if it were guarded by the 'if'
 3259 |     if(qrx_velocity_parallel_verify(&plan,workers>0?(uint32_t)workers:1,velocity_stateless_verify_cb,chain_dir,&mask,&vs)!=0)die("parallel signature verification failed");qrx_velocity_mempool_stats(&pool,&ms);
      |                                                                                                                                                                            ^~~~~~~~~~~~~~~~~~~~~~~~~~
/mnt/data/qrx_security_hardening/qrx-core/src/qrx.c: In function 'velocity_mvcc_execute_cmd':
/mnt/data/qrx_security_hardening/qrx-core/src/qrx.c:3279:5: warning: this 'if' clause does not guard... [-Wmisleading-indentation]
 3279 |     if(max_txs<=0)max_txs=100;if(workers<=0)workers=4;if(workers>64)workers=64;
      |     ^~
/mnt/data/qrx_security_hardening/qrx-core/src/qrx.c:3279:31: note: ...this statement, but the latter is misleadingly indented as if it were guarded by the 'if'
 3279 |     if(max_txs<=0)max_txs=100;if(workers<=0)workers=4;if(workers>64)workers=64;
      |                               ^~
/mnt/data/qrx_security_hardening/qrx-core/src/qrx.c:3293:9: warning: this 'for' clause does not guard... [-Wmisleading-indentation]
 3293 |         for(size_t i=0;i<plan.count;i++)if(!valid||valid[i])qrx_velocity_mempool_remove(&pool,plan.txids[i]);qrx_velocity_mempool_checkpoint(&pool);
      |         ^~~
/mnt/data/qrx_security_hardening/qrx-core/src/qrx.c:3293:110: note: ...this statement, but the latter is misleadingly indented as if it were guarded by the 'for'
 3293 |         for(size_t i=0;i<plan.count;i++)if(!valid||valid[i])qrx_velocity_mempool_remove(&pool,plan.txids[i]);qrx_velocity_mempool_checkpoint(&pool);
      |                                                                                                              ^~~~~~~~~~~~~~~~~~~~~~~~~~~~~~~
/mnt/data/qrx_security_hardening/qrx-core/src/qrx.c: In function 'atomic_stage_agent':
/mnt/data/qrx_security_hardening/qrx-core/src/qrx.c:3325:96: warning: the address of 'hb' will always evaluate as 'true' [-Waddress]
 3325 | #define PUT_AGENT(F,V) do{velocity_agent_key(k,sizeof(k),agent,(F));rc|=qrxdb_batch_put(b,k,(V)?(V):"");}while(0)
      |                                                                                                ^
/mnt/data/qrx_security_hardening/qrx-core/src/qrx.c:3328:315: note: in expansion of macro 'PUT_AGENT'
 3328 |         PUT_AGENT("owner",owner);PUT_AGENT("status","active");if(ed)PUT_AGENT("ed25519_pub_hex",ed);if(ml)PUT_AGENT("mldsa65_pub_b64",ml);PUT_AGENT("permissions",perm);PUT_AGENT("max_trade_atoms",max_trade);PUT_AGENT("daily_limit_atoms",daily);PUT_AGENT("market_allowlist",markets);PUT_AGENT("expires_height",exp);PUT_AGENT("updated_height",hb);PUT_AGENT("last_tx",body_hash);
      |                                                                                                                                                                                                                                                                                                                           ^~~~~~~~~
/mnt/data/qrx_security_hardening/qrx-core/src/qrx.c: In function 'atomic_stage_agent_usage':
/mnt/data/qrx_security_hardening/qrx-core/src/qrx.c:3343:5: warning: this 'if' clause does not guard... [-Wmisleading-indentation]
 3343 |     if(qty<=0)return 0;long long bucket=0,cur=agent_usage_current(chain_dir,agent,&bucket,NULL),next=0;checked_add_ll(cur,qty,"agent usage",&next);char k[768];snprintf(k,sizeof(k),"velocity:agent_usage:%s:%lld",agent,bucket);return velocity_batch_put_ll(b,k,next);
      |     ^~
/mnt/data/qrx_security_hardening/qrx-core/src/qrx.c:3343:24: note: ...this statement, but the latter is misleadingly indented as if it were guarded by the 'if'
 3343 |     if(qty<=0)return 0;long long bucket=0,cur=agent_usage_current(chain_dir,agent,&bucket,NULL),next=0;checked_add_ll(cur,qty,"agent usage",&next);char k[768];snprintf(k,sizeof(k),"velocity:agent_usage:%s:%lld",agent,bucket);return velocity_batch_put_ll(b,k,next);
      |                        ^~~~
/mnt/data/qrx_security_hardening/qrx-core/src/qrx.c: In function 'peer_top_cmd':
/mnt/data/qrx_security_hardening/qrx-core/src/qrx.c:3672:5: warning: this 'if' clause does not guard... [-Wmisleading-indentation]
 3672 |     if (limit < 1) limit = 10; if (limit > 100) limit = 100;
      |     ^~
/mnt/data/qrx_security_hardening/qrx-core/src/qrx.c:3672:32: note: ...this statement, but the latter is misleadingly indented as if it were guarded by the 'if'
 3672 |     if (limit < 1) limit = 10; if (limit > 100) limit = 100;
      |                                ^~
/mnt/data/qrx_security_hardening/qrx-core/src/qrx.c: In function 'node_handle_client':
/mnt/data/qrx_security_hardening/qrx-core/src/qrx.c:3801:5: warning: this 'if' clause does not guard... [-Wmisleading-indentation]
 3801 |     if (ann_host) free(ann_host); if (ann_port) free(ann_port); free(msg); free(node_cfg);
      |     ^~
/mnt/data/qrx_security_hardening/qrx-core/src/qrx.c:3801:35: note: ...this statement, but the latter is misleadingly indented as if it were guarded by the 'if'
 3801 |     if (ann_host) free(ann_host); if (ann_port) free(ann_port); free(msg); free(node_cfg);
      |                                   ^~
/mnt/data/qrx_security_hardening/qrx-core/src/qrx.c: In function 'verify_vote_file_internal':
/mnt/data/qrx_security_hardening/qrx-core/src/qrxdb.c: In function 'wal_write_record.constprop':
/mnt/data/qrx_security_hardening/qrx-core/src/qrxdb.c:283:106: warning: 'state-' directive output may be truncated writing 6 bytes into a region of size between 0 and 1023 [-Wformat-truncation=]
  283 | static void wal_segment_path(QrxDB *db, uint64_t id, char *out, size_t out_sz){ snprintf(out,out_sz,"%s%sstate-%06llu.qwal",db->wal_dir,SEP,(unsigned long long)id); }
      |                                                                                                          ^~~~~~
In function 'wal_segment_path',
    inlined from 'wal_open_current' at /mnt/data/qrx_security_hardening/qrx-core/src/qrxdb.c:286:5,
    inlined from 'wal_rotate_if_needed' at /mnt/data/qrx_security_hardening/qrx-core/src/qrxdb.c:290:185,
    inlined from 'wal_rotate_if_needed' at /mnt/data/qrx_security_hardening/qrx-core/src/qrxdb.c:290:12,
    inlined from 'wal_write_record.constprop' at /mnt/data/qrx_security_hardening/qrx-core/src/qrxdb.c:300:8:
/mnt/data/qrx_security_hardening/qrx-core/src/qrxdb.c:283:101: note: directive argument in the range [1, 18446744073709551615]
  283 | static void wal_segment_path(QrxDB *db, uint64_t id, char *out, size_t out_sz){ snprintf(out,out_sz,"%s%sstate-%06llu.qwal",db->wal_dir,SEP,(unsigned long long)id); }
      |                                                                                                     ^~~~~~~~~~~~~~~~~~~~~~~
In file included from /usr/include/stdio.h:970,
                 from /mnt/data/qrx_security_hardening/qrx-core/src/qrxdb.c:8:
In function 'snprintf',
    inlined from 'wal_segment_path' at /mnt/data/qrx_security_hardening/qrx-core/src/qrxdb.c:283:81,
    inlined from 'wal_open_current' at /mnt/data/qrx_security_hardening/qrx-core/src/qrxdb.c:286:5,
    inlined from 'wal_rotate_if_needed' at /mnt/data/qrx_security_hardening/qrx-core/src/qrxdb.c:290:185,
    inlined from 'wal_rotate_if_needed' at /mnt/data/qrx_security_hardening/qrx-core/src/qrxdb.c:290:12,
    inlined from 'wal_write_record.constprop' at /mnt/data/qrx_security_hardening/qrx-core/src/qrxdb.c:300:8:
/usr/include/x86_64-linux-gnu/bits/stdio2.h:68:10: note: '__builtin___snprintf_chk' output between 19 and 1056 bytes into a destination of size 1024
   68 |   return __builtin___snprintf_chk (__s, __n, __USE_FORTIFY_LEVEL - 1,
      |          ^~~~~~~~~~~~~~~~~~~~~~~~~~~~~~~~~~~~~~~~~~~~~~~~~~~~~~~~~~~~
   69 |                                    __glibc_objsize (__s), __fmt,
      |                                    ~~~~~~~~~~~~~~~~~~~~~~~~~~~~~
   70 |                                    __va_arg_pack ());
      |                                    ~~~~~~~~~~~~~~~~~
/mnt/data/qrx_security_hardening/qrx-core/src/qrx.c:3924:5: warning: this 'if' clause does not guard... [-Wmisleading-indentation]
 3924 |     if (network_id) free(network_id); if (genesis_hash) free(genesis_hash); if (protocol_version) free(protocol_version); if (block_hash) free(block_hash); if (height_s) free(height_s); if (round_s) free(round_s); if (validator) free(validator); if (validator_power_s) free(validator_power_s); if (timestamp) free(timestamp); if (pub_hex) free(pub_hex); if (sig_hex) free(sig_hex); free(txt);
      |     ^~
/mnt/data/qrx_security_hardening/qrx-core/src/qrx.c:3924:39: note: ...this statement, but the latter is misleadingly indented as if it were guarded by the 'if'
 3924 |     if (network_id) free(network_id); if (genesis_hash) free(genesis_hash); if (protocol_version) free(protocol_version); if (block_hash) free(block_hash); if (height_s) free(height_s); if (round_s) free(round_s); if (validator) free(validator); if (validator_power_s) free(validator_power_s); if (timestamp) free(timestamp); if (pub_hex) free(pub_hex); if (sig_hex) free(sig_hex); free(txt);
      |                                       ^~
/mnt/data/qrx_security_hardening/qrx-core/src/qrx.c: In function 'vote_block_cmd':
/mnt/data/qrx_security_hardening/qrx-core/src/qrx.c:3941:9: warning: this 'if' clause does not guard... [-Wmisleading-indentation]
 3941 |         if (lh) free(lh); if (lr) free(lr); if (lbh) free(lbh); free(locktxt);
      |         ^~
/mnt/data/qrx_security_hardening/qrx-core/src/qrx.c:3941:27: note: ...this statement, but the latter is misleadingly indented as if it were guarded by the 'if'
 3941 |         if (lh) free(lh); if (lr) free(lr); if (lbh) free(lbh); free(locktxt);
      |                           ^~
/mnt/data/qrx_security_hardening/qrx-core/src/qrx.c: In function 'node_process_inbox_cmd':
/mnt/data/qrx_security_hardening/qrx-core/src/qrx.c:4064:17: warning: this 'if' clause does not guard... [-Wmisleading-indentation]
 4064 |                 if (height_s) free(height_s); if (validator) free(validator); free(txt);
      |                 ^~
/mnt/data/qrx_security_hardening/qrx-core/src/qrx.c:4064:47: note: ...this statement, but the latter is misleadingly indented as if it were guarded by the 'if'
 4064 |                 if (height_s) free(height_s); if (validator) free(validator); free(txt);
      |                                               ^~
/mnt/data/qrx_security_hardening/qrx-core/src/qrx.c:4077:46: warning: unused variable 'cap' [-Wunused-variable]
 4077 |                     char outbuf[8192]; FILE *cap = NULL;
      |                                              ^~~
/mnt/data/qrx_security_hardening/qrx-core/src/qrx.c:4077:26: warning: unused variable 'outbuf' [-Wunused-variable]
 4077 |                     char outbuf[8192]; FILE *cap = NULL;
      |                          ^~~~~~
/mnt/data/qrx_security_hardening/qrx-core/src/qrx.c: In function 'htlc_create_cmd':
/mnt/data/qrx_security_hardening/qrx-core/src/qrx.c:4444:54: warning: zero-length gnu_printf format string [-Wformat-zero-length]
 4444 |     snprintf(r->secret_hash, sizeof(r->secret_hash), "");
      |                                                      ^~
/mnt/data/qrx_security_hardening/qrx-core/src/qrx.c: In function 'shield_cmd':
/mnt/data/qrx_security_hardening/qrx-core/src/qrx.c:5088:50: warning: zero-length gnu_printf format string [-Wformat-zero-length]
 5088 |     snprintf(r->nullifier, sizeof(r->nullifier), "");
      |                                                  ^~
/mnt/data/qrx_security_hardening/qrx-core/src/qrxdb.c: In function 'wal_replay_all':
/mnt/data/qrx_security_hardening/qrx-core/src/qrxdb.c:283:106: warning: 'state-' directive output may be truncated writing 6 bytes into a region of size between 0 and 1023 [-Wformat-truncation=]
  283 | static void wal_segment_path(QrxDB *db, uint64_t id, char *out, size_t out_sz){ snprintf(out,out_sz,"%s%sstate-%06llu.qwal",db->wal_dir,SEP,(unsigned long long)id); }
      |                                                                                                          ^~~~~~
In function 'snprintf',
    inlined from 'wal_segment_path' at /mnt/data/qrx_security_hardening/qrx-core/src/qrxdb.c:283:81,
    inlined from 'wal_replay_all' at /mnt/data/qrx_security_hardening/qrx-core/src/qrxdb.c:528:48:
/usr/include/x86_64-linux-gnu/bits/stdio2.h:68:10: note: '__builtin___snprintf_chk' output between 19 and 1056 bytes into a destination of size 1024
   68 |   return __builtin___snprintf_chk (__s, __n, __USE_FORTIFY_LEVEL - 1,
      |          ^~~~~~~~~~~~~~~~~~~~~~~~~~~~~~~~~~~~~~~~~~~~~~~~~~~~~~~~~~~~
   69 |                                    __glibc_objsize (__s), __fmt,
      |                                    ~~~~~~~~~~~~~~~~~~~~~~~~~~~~~
   70 |                                    __va_arg_pack ());
      |                                    ~~~~~~~~~~~~~~~~~
/mnt/data/qrx_security_hardening/qrx-core/src/qrxdb.c: In function 'qrxdb_init':
/mnt/data/qrx_security_hardening/qrx-core/src/qrxdb.c:80:106: warning: '%s' directive output may be truncated writing 9 bytes into a region of size between 0 and 1023 [-Wformat-truncation=]
   80 | static void build_path(char *out, size_t out_sz, const char *a, const char *b){ snprintf(out,out_sz,"%s%s%s",a,SEP,b); }
      |                                                                                                          ^~
......
  559 |     build_path(db->data_path,sizeof(db->data_path),qrxdb,"state.qdb");
      |                                                          ~~~~~~~~~~~                                      
In function 'snprintf',
    inlined from 'build_path' at /mnt/data/qrx_security_hardening/qrx-core/src/qrxdb.c:80:81,
    inlined from 'qrxdb_init' at /mnt/data/qrx_security_hardening/qrx-core/src/qrxdb.c:559:5:
/usr/include/x86_64-linux-gnu/bits/stdio2.h:68:10: note: '__builtin___snprintf_chk' output between 11 and 1034 bytes into a destination of size 1024
   68 |   return __builtin___snprintf_chk (__s, __n, __USE_FORTIFY_LEVEL - 1,
      |          ^~~~~~~~~~~~~~~~~~~~~~~~~~~~~~~~~~~~~~~~~~~~~~~~~~~~~~~~~~~~
   69 |                                    __glibc_objsize (__s), __fmt,
      |                                    ~~~~~~~~~~~~~~~~~~~~~~~~~~~~~
   70 |                                    __va_arg_pack ());
      |                                    ~~~~~~~~~~~~~~~~~
/mnt/data/qrx_security_hardening/qrx-core/src/qrxdb.c: In function 'qrxdb_init':
/mnt/data/qrx_security_hardening/qrx-core/src/qrxdb.c:80:106: warning: '%s' directive output may be truncated writing 3 bytes into a region of size between 0 and 1023 [-Wformat-truncation=]
   80 | static void build_path(char *out, size_t out_sz, const char *a, const char *b){ snprintf(out,out_sz,"%s%s%s",a,SEP,b); }
      |                                                                                                          ^~
......
  560 |     build_path(db->wal_dir,sizeof(db->wal_dir),qrxdb,"wal");
      |                                                      ~~~~~                                                
In function 'snprintf',
    inlined from 'build_path' at /mnt/data/qrx_security_hardening/qrx-core/src/qrxdb.c:80:81,
    inlined from 'qrxdb_init' at /mnt/data/qrx_security_hardening/qrx-core/src/qrxdb.c:560:5:
/usr/include/x86_64-linux-gnu/bits/stdio2.h:68:10: note: '__builtin___snprintf_chk' output between 5 and 1028 bytes into a destination of size 1024
   68 |   return __builtin___snprintf_chk (__s, __n, __USE_FORTIFY_LEVEL - 1,
      |          ^~~~~~~~~~~~~~~~~~~~~~~~~~~~~~~~~~~~~~~~~~~~~~~~~~~~~~~~~~~~
   69 |                                    __glibc_objsize (__s), __fmt,
      |                                    ~~~~~~~~~~~~~~~~~~~~~~~~~~~~~
   70 |                                    __va_arg_pack ());
      |                                    ~~~~~~~~~~~~~~~~~
/mnt/data/qrx_security_hardening/qrx-core/src/qrxdb.c: In function 'qrxdb_init':
/mnt/data/qrx_security_hardening/qrx-core/src/qrxdb.c:80:106: warning: '%s' directive output may be truncated writing 15 bytes into a region of size between 0 and 1023 [-Wformat-truncation=]
   80 | static void build_path(char *out, size_t out_sz, const char *a, const char *b){ snprintf(out,out_sz,"%s%s%s",a,SEP,b); }
      |                                                                                                          ^~
......
  561 |     build_path(db->index_path,sizeof(db->index_path),qrxdb,"index" SEP "state.qix");
      |                                                            ~~~~~~~                                        
In function 'snprintf',
    inlined from 'build_path' at /mnt/data/qrx_security_hardening/qrx-core/src/qrxdb.c:80:81,
    inlined from 'qrxdb_init' at /mnt/data/qrx_security_hardening/qrx-core/src/qrxdb.c:561:5:
/usr/include/x86_64-linux-gnu/bits/stdio2.h:68:10: note: '__builtin___snprintf_chk' output between 17 and 1040 bytes into a destination of size 1024
   68 |   return __builtin___snprintf_chk (__s, __n, __USE_FORTIFY_LEVEL - 1,
      |          ^~~~~~~~~~~~~~~~~~~~~~~~~~~~~~~~~~~~~~~~~~~~~~~~~~~~~~~~~~~~
   69 |                                    __glibc_objsize (__s), __fmt,
      |                                    ~~~~~~~~~~~~~~~~~~~~~~~~~~~~~
   70 |                                    __va_arg_pack ());
      |                                    ~~~~~~~~~~~~~~~~~
/mnt/data/qrx_security_hardening/qrx-core/src/qrxdb.c: In function 'qrxdb_init':
/mnt/data/qrx_security_hardening/qrx-core/src/qrxdb.c:80:106: warning: '%s' directive output may be truncated writing 9 bytes into a region of size between 0 and 1023 [-Wformat-truncation=]
   80 | static void build_path(char *out, size_t out_sz, const char *a, const char *b){ snprintf(out,out_sz,"%s%s%s",a,SEP,b); }
      |                                                                                                          ^~
......
  562 |     build_path(db->snapshot_path,sizeof(db->snapshot_path),qrxdb,"snapshots");
      |                                                                  ~~~~~~~~~~~                              
In function 'snprintf',
    inlined from 'build_path' at /mnt/data/qrx_security_hardening/qrx-core/src/qrxdb.c:80:81,
    inlined from 'qrxdb_init' at /mnt/data/qrx_security_hardening/qrx-core/src/qrxdb.c:562:5:
/usr/include/x86_64-linux-gnu/bits/stdio2.h:68:10: note: '__builtin___snprintf_chk' output between 11 and 1034 bytes into a destination of size 1024
   68 |   return __builtin___snprintf_chk (__s, __n, __USE_FORTIFY_LEVEL - 1,
      |          ^~~~~~~~~~~~~~~~~~~~~~~~~~~~~~~~~~~~~~~~~~~~~~~~~~~~~~~~~~~~
   69 |                                    __glibc_objsize (__s), __fmt,
      |                                    ~~~~~~~~~~~~~~~~~~~~~~~~~~~~~
   70 |                                    __va_arg_pack ());
      |                                    ~~~~~~~~~~~~~~~~~
/mnt/data/qrx_security_hardening/qrx-core/src/qrxdb.c: In function 'qrxdb_init':
/mnt/data/qrx_security_hardening/qrx-core/src/qrxdb.c:80:106: warning: '%s' directive output may be truncated writing 3 bytes into a region of size between 0 and 1023 [-Wformat-truncation=]
   80 | static void build_path(char *out, size_t out_sz, const char *a, const char *b){ snprintf(out,out_sz,"%s%s%s",a,SEP,b); }
      |                                                                                                          ^~
......
  564 |     { char p[1024]; build_path(p,sizeof(p),qrxdb,"wal"); if(ensure_dir(p)!=0) return -1; build_path(p,sizeof(p),qrxdb,"index"); if(ensure_dir(p)!=0) return -1; build_path(p,sizeof(p),qrxdb,"snapshots"); if(ensure_dir(p)!=0) return -1; }
      |                                                  ~~~~~                                                    
In function 'snprintf',
    inlined from 'build_path' at /mnt/data/qrx_security_hardening/qrx-core/src/qrxdb.c:80:81,
    inlined from 'qrxdb_init' at /mnt/data/qrx_security_hardening/qrx-core/src/qrxdb.c:564:21:
/usr/include/x86_64-linux-gnu/bits/stdio2.h:68:10: note: '__builtin___snprintf_chk' output between 5 and 1028 bytes into a destination of size 1024
   68 |   return __builtin___snprintf_chk (__s, __n, __USE_FORTIFY_LEVEL - 1,
      |          ^~~~~~~~~~~~~~~~~~~~~~~~~~~~~~~~~~~~~~~~~~~~~~~~~~~~~~~~~~~~
   69 |                                    __glibc_objsize (__s), __fmt,
      |                                    ~~~~~~~~~~~~~~~~~~~~~~~~~~~~~
   70 |                                    __va_arg_pack ());
      |                                    ~~~~~~~~~~~~~~~~~
/mnt/data/qrx_security_hardening/qrx-core/src/qrxdb.c: In function 'qrxdb_init':
/mnt/data/qrx_security_hardening/qrx-core/src/qrxdb.c:80:106: warning: '%s' directive output may be truncated writing 5 bytes into a region of size between 0 and 1023 [-Wformat-truncation=]
   80 | static void build_path(char *out, size_t out_sz, const char *a, const char *b){ snprintf(out,out_sz,"%s%s%s",a,SEP,b); }
      |                                                                                                          ^~
......
  564 |     { char p[1024]; build_path(p,sizeof(p),qrxdb,"wal"); if(ensure_dir(p)!=0) return -1; build_path(p,sizeof(p),qrxdb,"index"); if(ensure_dir(p)!=0) return -1; build_path(p,sizeof(p),qrxdb,"snapshots"); if(ensure_dir(p)!=0) return -1; }
      |                                                                                                                       ~~~~~~~
In function 'snprintf',
    inlined from 'build_path' at /mnt/data/qrx_security_hardening/qrx-core/src/qrxdb.c:80:81,
    inlined from 'qrxdb_init' at /mnt/data/qrx_security_hardening/qrx-core/src/qrxdb.c:564:90:
/usr/include/x86_64-linux-gnu/bits/stdio2.h:68:10: note: '__builtin___snprintf_chk' output between 7 and 1030 bytes into a destination of size 1024
   68 |   return __builtin___snprintf_chk (__s, __n, __USE_FORTIFY_LEVEL - 1,
      |          ^~~~~~~~~~~~~~~~~~~~~~~~~~~~~~~~~~~~~~~~~~~~~~~~~~~~~~~~~~~~
   69 |                                    __glibc_objsize (__s), __fmt,
      |                                    ~~~~~~~~~~~~~~~~~~~~~~~~~~~~~
   70 |                                    __va_arg_pack ());
      |                                    ~~~~~~~~~~~~~~~~~
/mnt/data/qrx_security_hardening/qrx-core/src/qrxdb.c: In function 'qrxdb_init':
/mnt/data/qrx_security_hardening/qrx-core/src/qrxdb.c:80:106: warning: '%s' directive output may be truncated writing 9 bytes into a region of size between 0 and 1023 [-Wformat-truncation=]
   80 | static void build_path(char *out, size_t out_sz, const char *a, const char *b){ snprintf(out,out_sz,"%s%s%s",a,SEP,b); }
      |                                                                                                          ^~
......
  564 |     { char p[1024]; build_path(p,sizeof(p),qrxdb,"wal"); if(ensure_dir(p)!=0) return -1; build_path(p,sizeof(p),qrxdb,"index"); if(ensure_dir(p)!=0) return -1; build_path(p,sizeof(p),qrxdb,"snapshots"); if(ensure_dir(p)!=0) return -1; }
      |                                                                                                                                                                                              ~~~~~~~~~~~
In function 'snprintf',
    inlined from 'build_path' at /mnt/data/qrx_security_hardening/qrx-core/src/qrxdb.c:80:81,
    inlined from 'qrxdb_init' at /mnt/data/qrx_security_hardening/qrx-core/src/qrxdb.c:564:161:
/usr/include/x86_64-linux-gnu/bits/stdio2.h:68:10: note: '__builtin___snprintf_chk' output between 11 and 1034 bytes into a destination of size 1024
   68 |   return __builtin___snprintf_chk (__s, __n, __USE_FORTIFY_LEVEL - 1,
      |          ^~~~~~~~~~~~~~~~~~~~~~~~~~~~~~~~~~~~~~~~~~~~~~~~~~~~~~~~~~~~
   69 |                                    __glibc_objsize (__s), __fmt,
      |                                    ~~~~~~~~~~~~~~~~~~~~~~~~~~~~~
   70 |                                    __va_arg_pack ());
      |                                    ~~~~~~~~~~~~~~~~~
/mnt/data/qrx_security_hardening/qrx-core/src/qrxdb.c: In function 'qrxdb_init':
/mnt/data/qrx_security_hardening/qrx-core/src/qrxdb.c:283:106: warning: 'state-' directive output may be truncated writing 6 bytes into a region of size between 0 and 1023 [-Wformat-truncation=]
  283 | static void wal_segment_path(QrxDB *db, uint64_t id, char *out, size_t out_sz){ snprintf(out,out_sz,"%s%sstate-%06llu.qwal",db->wal_dir,SEP,(unsigned long long)id); }
      |                                                                                                          ^~~~~~
In function 'wal_segment_path',
    inlined from 'wal_open_current' at /mnt/data/qrx_security_hardening/qrx-core/src/qrxdb.c:286:5,
    inlined from 'qrxdb_init' at /mnt/data/qrx_security_hardening/qrx-core/src/qrxdb.c:572:8:
/mnt/data/qrx_security_hardening/qrx-core/src/qrxdb.c:283:101: note: directive argument in the range [1, 18446744073709551615]
  283 | static void wal_segment_path(QrxDB *db, uint64_t id, char *out, size_t out_sz){ snprintf(out,out_sz,"%s%sstate-%06llu.qwal",db->wal_dir,SEP,(unsigned long long)id); }
      |                                                                                                     ^~~~~~~~~~~~~~~~~~~~~~~
In function 'snprintf',
    inlined from 'wal_segment_path' at /mnt/data/qrx_security_hardening/qrx-core/src/qrxdb.c:283:81,
    inlined from 'wal_open_current' at /mnt/data/qrx_security_hardening/qrx-core/src/qrxdb.c:286:5,
    inlined from 'qrxdb_init' at /mnt/data/qrx_security_hardening/qrx-core/src/qrxdb.c:572:8:
/usr/include/x86_64-linux-gnu/bits/stdio2.h:68:10: note: '__builtin___snprintf_chk' output between 19 and 1056 bytes into a destination of size 1024
   68 |   return __builtin___snprintf_chk (__s, __n, __USE_FORTIFY_LEVEL - 1,
      |          ^~~~~~~~~~~~~~~~~~~~~~~~~~~~~~~~~~~~~~~~~~~~~~~~~~~~~~~~~~~~
   69 |                                    __glibc_objsize (__s), __fmt,
      |                                    ~~~~~~~~~~~~~~~~~~~~~~~~~~~~~
   70 |                                    __va_arg_pack ());
      |                                    ~~~~~~~~~~~~~~~~~
/mnt/data/qrx_security_hardening/qrx-core/src/qrxdb.c: In function 'qrxdb_batch_commit':
/mnt/data/qrx_security_hardening/qrx-core/src/qrxdb.c:283:106: warning: 'state-' directive output may be truncated writing 6 bytes into a region of size between 0 and 1023 [-Wformat-truncation=]
  283 | static void wal_segment_path(QrxDB *db, uint64_t id, char *out, size_t out_sz){ snprintf(out,out_sz,"%s%sstate-%06llu.qwal",db->wal_dir,SEP,(unsigned long long)id); }
      |                                                                                                          ^~~~~~
In function 'wal_segment_path',
    inlined from 'wal_open_current' at /mnt/data/qrx_security_hardening/qrx-core/src/qrxdb.c:286:5,
    inlined from 'wal_rotate_if_needed' at /mnt/data/qrx_security_hardening/qrx-core/src/qrxdb.c:290:185,
    inlined from 'wal_rotate_if_needed' at /mnt/data/qrx_security_hardening/qrx-core/src/qrxdb.c:290:12,
    inlined from 'wal_reserve_transaction' at /mnt/data/qrx_security_hardening/qrx-core/src/qrxdb.c:295:12,
    inlined from 'qrxdb_batch_commit' at /mnt/data/qrx_security_hardening/qrx-core/src/qrxdb.c:618:8:
/mnt/data/qrx_security_hardening/qrx-core/src/qrxdb.c:283:101: note: directive argument in the range [1, 18446744073709551615]
  283 | static void wal_segment_path(QrxDB *db, uint64_t id, char *out, size_t out_sz){ snprintf(out,out_sz,"%s%sstate-%06llu.qwal",db->wal_dir,SEP,(unsigned long long)id); }
      |                                                                                                     ^~~~~~~~~~~~~~~~~~~~~~~
In function 'snprintf',
    inlined from 'wal_segment_path' at /mnt/data/qrx_security_hardening/qrx-core/src/qrxdb.c:283:81,
    inlined from 'wal_open_current' at /mnt/data/qrx_security_hardening/qrx-core/src/qrxdb.c:286:5,
    inlined from 'wal_rotate_if_needed' at /mnt/data/qrx_security_hardening/qrx-core/src/qrxdb.c:290:185,
    inlined from 'wal_rotate_if_needed' at /mnt/data/qrx_security_hardening/qrx-core/src/qrxdb.c:290:12,
    inlined from 'wal_reserve_transaction' at /mnt/data/qrx_security_hardening/qrx-core/src/qrxdb.c:295:12,
    inlined from 'qrxdb_batch_commit' at /mnt/data/qrx_security_hardening/qrx-core/src/qrxdb.c:618:8:
/usr/include/x86_64-linux-gnu/bits/stdio2.h:68:10: note: '__builtin___snprintf_chk' output between 19 and 1056 bytes into a destination of size 1024
   68 |   return __builtin___snprintf_chk (__s, __n, __USE_FORTIFY_LEVEL - 1,
      |          ^~~~~~~~~~~~~~~~~~~~~~~~~~~~~~~~~~~~~~~~~~~~~~~~~~~~~~~~~~~~
   69 |                                    __glibc_objsize (__s), __fmt,
      |                                    ~~~~~~~~~~~~~~~~~~~~~~~~~~~~~
   70 |                                    __va_arg_pack ());
      |                                    ~~~~~~~~~~~~~~~~~
/mnt/data/qrx_security_hardening/qrx-core/src/qrxdb.c: In function 'qrxdb_batch_commit':
/mnt/data/qrx_security_hardening/qrx-core/src/qrxdb.c:283:106: warning: 'state-' directive output may be truncated writing 6 bytes into a region of size between 0 and 1023 [-Wformat-truncation=]
  283 | static void wal_segment_path(QrxDB *db, uint64_t id, char *out, size_t out_sz){ snprintf(out,out_sz,"%s%sstate-%06llu.qwal",db->wal_dir,SEP,(unsigned long long)id); }
      |                                                                                                          ^~~~~~
In function 'wal_segment_path',
    inlined from 'wal_open_current' at /mnt/data/qrx_security_hardening/qrx-core/src/qrxdb.c:286:5,
    inlined from 'wal_rotate_if_needed' at /mnt/data/qrx_security_hardening/qrx-core/src/qrxdb.c:290:185,
    inlined from 'wal_rotate_if_needed' at /mnt/data/qrx_security_hardening/qrx-core/src/qrxdb.c:290:12,
    inlined from 'wal_write_record' at /mnt/data/qrx_security_hardening/qrx-core/src/qrxdb.c:300:8,
    inlined from 'qrxdb_batch_commit' at /mnt/data/qrx_security_hardening/qrx-core/src/qrxdb.c:628:12:
/mnt/data/qrx_security_hardening/qrx-core/src/qrxdb.c:283:101: note: directive argument in the range [1, 18446744073709551615]
  283 | static void wal_segment_path(QrxDB *db, uint64_t id, char *out, size_t out_sz){ snprintf(out,out_sz,"%s%sstate-%06llu.qwal",db->wal_dir,SEP,(unsigned long long)id); }
      |                                                                                                     ^~~~~~~~~~~~~~~~~~~~~~~
In function 'snprintf',
    inlined from 'wal_segment_path' at /mnt/data/qrx_security_hardening/qrx-core/src/qrxdb.c:283:81,
    inlined from 'wal_open_current' at /mnt/data/qrx_security_hardening/qrx-core/src/qrxdb.c:286:5,
    inlined from 'wal_rotate_if_needed' at /mnt/data/qrx_security_hardening/qrx-core/src/qrxdb.c:290:185,
    inlined from 'wal_rotate_if_needed' at /mnt/data/qrx_security_hardening/qrx-core/src/qrxdb.c:290:12,
    inlined from 'wal_write_record' at /mnt/data/qrx_security_hardening/qrx-core/src/qrxdb.c:300:8,
    inlined from 'qrxdb_batch_commit' at /mnt/data/qrx_security_hardening/qrx-core/src/qrxdb.c:628:12:
/usr/include/x86_64-linux-gnu/bits/stdio2.h:68:10: note: '__builtin___snprintf_chk' output between 19 and 1056 bytes into a destination of size 1024
   68 |   return __builtin___snprintf_chk (__s, __n, __USE_FORTIFY_LEVEL - 1,
      |          ^~~~~~~~~~~~~~~~~~~~~~~~~~~~~~~~~~~~~~~~~~~~~~~~~~~~~~~~~~~~
   69 |                                    __glibc_objsize (__s), __fmt,
      |                                    ~~~~~~~~~~~~~~~~~~~~~~~~~~~~~
   70 |                                    __va_arg_pack ());
      |                                    ~~~~~~~~~~~~~~~~~
/mnt/data/qrx_security_hardening/qrx-core/src/qrx.c: In function 'propose_block_cmd':
/mnt/data/qrx_security_hardening/qrx-core/src/qrx.c:4099:82: warning: ignoring return value of 'fscanf' declared with attribute 'warn_unused_result' [-Wunused-result]
 4099 |     FILE *hfp = popen_qrx(height_cmd, "r"); long long cur_blocks = 0; if (hfp) { fscanf(hfp, "%lld", &cur_blocks); pclose_qrx(hfp); }
      |                                                                                  ^~~~~~~~~~~~~~~~~~~~~~~~~~~~~~~~
/mnt/data/qrx_security_hardening/qrx-core/src/qrx.c: In function 'mempool_status_cmd':
/mnt/data/qrx_security_hardening/qrx-core/src/qrx.c:1678:94: warning: ignoring return value of 'fscanf' declared with attribute 'warn_unused_result' [-Wunused-result]
 1678 |     FILE *fp = popen_qrx(cmd, "r"); if (!fp) die("mempool status failed"); long long count=0;fscanf(fp,"%lld",&count);pclose_qrx(fp);
      |                                                                                              ^~~~~~~~~~~~~~~~~~~~~~~~
/mnt/data/qrx_security_hardening/qrx-core/src/qrx.c: At top level:
/mnt/data/qrx_security_hardening/qrx-core/src/qrx.c:4704:13: warning: 'stealth_make_shared' defined but not used [-Wunused-function]
 4704 | static void stealth_make_shared(const char *scan_pub, const char *ephemeral_secret, char out[129]) {
      |             ^~~~~~~~~~~~~~~~~~~
/mnt/data/qrx_security_hardening/qrx-core/src/qrx.c:4684:13: warning: 'stealth_make_address_from_wallet' defined but not used [-Wunused-function]
 4684 | static void stealth_make_address_from_wallet(const char *wallet_addr, char out[512]) {
      |             ^~~~~~~~~~~~~~~~~~~~~~~~~~~~~~~~
/mnt/data/qrx_security_hardening/qrx-core/src/qrx.c:4229:12: warning: 'validator_is_active' defined but not used [-Wunused-function]
 4229 | static int validator_is_active(const char *chain_dir, const char *validator) {
      |            ^~~~~~~~~~~~~~~~~~~
/mnt/data/qrx_security_hardening/qrx-core/src/qrx.c:3862:18: warning: 'total_validator_power_all' defined but not used [-Wunused-function]
 3862 | static long long total_validator_power_all(const char *chain_dir) {
      |                  ^~~~~~~~~~~~~~~~~~~~~~~~~
/mnt/data/qrx_security_hardening/qrx-core/src/qrx.c:2885:12: warning: 'execution_report_apply_tx' defined but not used [-Wunused-function]
 2885 | static int execution_report_apply_tx(const char *chain_dir,const char *gateway,const char *owner,const char *payload,const char *body_hash){
      |            ^~~~~~~~~~~~~~~~~~~~~~~~~
/mnt/data/qrx_security_hardening/qrx-core/src/qrx.c:2839:12: warning: 'gateway_apply_tx' defined but not used [-Wunused-function]
 2839 | static int gateway_apply_tx(const char *chain_dir,const char *authority,const char *gateway,const char *tx_type,const char *payload,const char *body_hash){
      |            ^~~~~~~~~~~~~~~~
/mnt/data/qrx_security_hardening/qrx-core/src/qrx.c:2812:12: warning: 'gateway_db_set_ll' defined but not used [-Wunused-function]
 2812 | static int gateway_db_set_ll(const char *chain_dir,const char *gateway,const char *field,long long value){char v[64];snprintf(v,sizeof(v),"%lld",value);return gateway_db_set_field(chain_dir,gateway,field,v);}
      |            ^~~~~~~~~~~~~~~~~
/mnt/data/qrx_security_hardening/qrx-core/src/qrx.c:2747:12: warning: 'trade_apply_tx' defined but not used [-Wunused-function]
 2747 | static int trade_apply_tx(const char *chain_dir, const char *agent, const char *owner, const char *tx_type, const char *payload, const char *body_hash) {
      |            ^~~~~~~~~~~~~~
/mnt/data/qrx_security_hardening/qrx-core/src/qrx.c:2589:12: warning: 'update_order_after_fill' defined but not used [-Wunused-function]
 2589 | static int update_order_after_fill(const char *chain_dir,const char *order_id,long long fill_qty,long long new_locked){long long rem=order_db_get_ll(chain_dir,order_id,"remaining_atoms",0),filled=order_db_get_ll(chain_dir,order_id,"filled_atoms",0);if(fill_qty<=0||fill_qty>rem)return -1;long long nf=0;checked_add_ll(filled,fill_qty,"filled quantity",&nf);long long nr=rem-fill_qty;long long h=current_height_from_chain(chain_dir);if(order_db_set_ll(chain_dir,order_id,"filled_atoms",nf)||order_db_set_ll(chain_dir,order_id,"remaining_atoms",nr)||order_db_set_ll(chain_dir,order_id,"locked_atoms",new_locked)||order_db_set_ll(chain_dir,order_id,"updated_height",h)||order_db_set_field(chain_dir,order_id,"status",nr==0?"filled":"partially_filled"))return -1;return 0;}
      |            ^~~~~~~~~~~~~~~~~~~~~~~
/mnt/data/qrx_security_hardening/qrx-core/src/qrx.c:2585:12: warning: 'record_trade' defined but not used [-Wunused-function]
 2585 | static int record_trade(const char *chain_dir,const char *market,const char *maker,const char *taker,const char *buyer,const char *seller,long long qty,long long price,long long quote,long long seq,char *trade_id,size_t trade_id_sz){
      |            ^~~~~~~~~~~~
/mnt/data/qrx_security_hardening/qrx-core/src/qrx.c:2553:18: warning: 'next_trade_sequence' defined but not used [-Wunused-function]
 2553 | static long long next_trade_sequence(const char *chain_dir){
      |                  ^~~~~~~~~~~~~~~~~~~
/mnt/data/qrx_security_hardening/qrx-core/src/qrx.c:2124:12: warning: 'agent_apply_tx' defined but not used [-Wunused-function]
 2124 | static int agent_apply_tx(const char *chain_dir, const char *owner, const char *agent, const char *tx_type, const char *payload, const char *body_hash) {
      |            ^~~~~~~~~~~~~~
/mnt/data/qrx_security_hardening/qrx-core/src/qrx.c:1820:12: warning: 'velocity_set_lane_nonce' defined but not used [-Wunused-function]
 1820 | static int velocity_set_lane_nonce(const char *chain_dir, const char *address, long long lane, long long nonce) {
      |            ^~~~~~~~~~~~~~~~~~~~~~~
/mnt/data/qrx_security_hardening/qrx-core/src/qrx.c:1751:12: warning: 'fee_pool_add' defined but not used [-Wunused-function]
 1751 | static int fee_pool_add(const char *chain_dir, long long fee) {
      |            ^~~~~~~~~~~~
/mnt/data/qrx_security_hardening/qrx-core/src/qrx.c:1633:12: warning: 'db_set_str' defined but not used [-Wunused-function]
 1633 | static int db_set_str(const char *path, const char *key, const char *val) { return db_set_ll(path, key, atoll(val)); }
      |            ^~~~~~~~~~
/mnt/data/qrx_security_hardening/qrx-core/src/qrx.c:1630:12: warning: 'db_has_key' defined but not used [-Wunused-function]
 1630 | static int db_has_key(const char *path, const char *key) {
      |            ^~~~~~~~~~
/mnt/data/qrx_security_hardening/qrx-core/src/qrxdb.c: In function 'qrxdb_snapshot':
/mnt/data/qrx_security_hardening/qrx-core/src/qrxdb.c:770:69: warning: '.qsnap' directive output may be truncated writing 6 bytes into a region of size between 0 and 1023 [-Wformat-truncation=]
  770 |     char dstf[1024], metaf[1024]; snprintf(dstf,sizeof(dstf),"%s%s%s.qsnap",db->snapshot_path,SEP,snapshot_name); snprintf(metaf,sizeof(metaf),"%s%s%s.meta",db->snapshot_path,SEP,snapshot_name);
      |                                                                     ^~~~~~
In function 'snprintf',
    inlined from 'qrxdb_snapshot' at /mnt/data/qrx_security_hardening/qrx-core/src/qrxdb.c:770:35:
/usr/include/x86_64-linux-gnu/bits/stdio2.h:68:10: note: '__builtin___snprintf_chk' output 8 or more bytes (assuming 1031) into a destination of size 1024
   68 |   return __builtin___snprintf_chk (__s, __n, __USE_FORTIFY_LEVEL - 1,
      |          ^~~~~~~~~~~~~~~~~~~~~~~~~~~~~~~~~~~~~~~~~~~~~~~~~~~~~~~~~~~~
   69 |                                    __glibc_objsize (__s), __fmt,
      |                                    ~~~~~~~~~~~~~~~~~~~~~~~~~~~~~
   70 |                                    __va_arg_pack ());
      |                                    ~~~~~~~~~~~~~~~~~
/mnt/data/qrx_security_hardening/qrx-core/src/qrxdb.c: In function 'qrxdb_snapshot':
/mnt/data/qrx_security_hardening/qrx-core/src/qrxdb.c:770:151: warning: '.meta' directive output may be truncated writing 5 bytes into a region of size between 0 and 1023 [-Wformat-truncation=]
  770 |     char dstf[1024], metaf[1024]; snprintf(dstf,sizeof(dstf),"%s%s%s.qsnap",db->snapshot_path,SEP,snapshot_name); snprintf(metaf,sizeof(metaf),"%s%s%s.meta",db->snapshot_path,SEP,snapshot_name);
      |                                                                                                                                                       ^~~~~
In function 'snprintf',
    inlined from 'qrxdb_snapshot' at /mnt/data/qrx_security_hardening/qrx-core/src/qrxdb.c:770:115:
/usr/include/x86_64-linux-gnu/bits/stdio2.h:68:10: note: '__builtin___snprintf_chk' output 7 or more bytes (assuming 1030) into a destination of size 1024
   68 |   return __builtin___snprintf_chk (__s, __n, __USE_FORTIFY_LEVEL - 1,
      |          ^~~~~~~~~~~~~~~~~~~~~~~~~~~~~~~~~~~~~~~~~~~~~~~~~~~~~~~~~~~~
   69 |                                    __glibc_objsize (__s), __fmt,
      |                                    ~~~~~~~~~~~~~~~~~~~~~~~~~~~~~
   70 |                                    __va_arg_pack ());
      |                                    ~~~~~~~~~~~~~~~~~
/mnt/data/qrx_security_hardening/qrx-core/src/qrxdb.c: In function 'qrxdb_snapshot_signed':
/mnt/data/qrx_security_hardening/qrx-core/src/qrxdb.c:806:41: warning: '.meta' directive output may be truncated writing 5 bytes into a region of size between 0 and 1023 [-Wformat-truncation=]
  806 |     snprintf(metaf,sizeof(metaf),"%s%s%s.meta",db->snapshot_path,SEP,snapshot_name);
      |                                         ^~~~~
In function 'snprintf',
    inlined from 'qrxdb_snapshot_signed' at /mnt/data/qrx_security_hardening/qrx-core/src/qrxdb.c:806:5:
/usr/include/x86_64-linux-gnu/bits/stdio2.h:68:10: note: '__builtin___snprintf_chk' output 7 or more bytes (assuming 1030) into a destination of size 1024
   68 |   return __builtin___snprintf_chk (__s, __n, __USE_FORTIFY_LEVEL - 1,
      |          ^~~~~~~~~~~~~~~~~~~~~~~~~~~~~~~~~~~~~~~~~~~~~~~~~~~~~~~~~~~~
   69 |                                    __glibc_objsize (__s), __fmt,
      |                                    ~~~~~~~~~~~~~~~~~~~~~~~~~~~~~
   70 |                                    __va_arg_pack ());
      |                                    ~~~~~~~~~~~~~~~~~
/mnt/data/qrx_security_hardening/qrx-core/src/qrxdb.c: In function 'qrxdb_snapshot_signed':
/mnt/data/qrx_security_hardening/qrx-core/src/qrxdb.c:807:39: warning: '.sig' directive output may be truncated writing 4 bytes into a region of size between 0 and 1023 [-Wformat-truncation=]
  807 |     snprintf(sigf,sizeof(sigf),"%s%s%s.sig",db->snapshot_path,SEP,snapshot_name);
      |                                       ^~~~
In function 'snprintf',
    inlined from 'qrxdb_snapshot_signed' at /mnt/data/qrx_security_hardening/qrx-core/src/qrxdb.c:807:5:
/usr/include/x86_64-linux-gnu/bits/stdio2.h:68:10: note: '__builtin___snprintf_chk' output 6 or more bytes (assuming 1029) into a destination of size 1024
   68 |   return __builtin___snprintf_chk (__s, __n, __USE_FORTIFY_LEVEL - 1,
      |          ^~~~~~~~~~~~~~~~~~~~~~~~~~~~~~~~~~~~~~~~~~~~~~~~~~~~~~~~~~~~
   69 |                                    __glibc_objsize (__s), __fmt,
      |                                    ~~~~~~~~~~~~~~~~~~~~~~~~~~~~~
   70 |                                    __va_arg_pack ());
      |                                    ~~~~~~~~~~~~~~~~~
/mnt/data/qrx_security_hardening/qrx-core/src/qrxdb.c: In function 'qrxdb_snapshot_verify_signature':
/mnt/data/qrx_security_hardening/qrx-core/src/qrxdb.c:838:41: warning: '.meta' directive output may be truncated writing 5 bytes into a region of size between 0 and 1023 [-Wformat-truncation=]
  838 |     snprintf(metaf,sizeof(metaf),"%s%s%s.meta",db->snapshot_path,SEP,snapshot_name);
      |                                         ^~~~~
In function 'snprintf',
    inlined from 'qrxdb_snapshot_verify_signature' at /mnt/data/qrx_security_hardening/qrx-core/src/qrxdb.c:838:5:
/usr/include/x86_64-linux-gnu/bits/stdio2.h:68:10: note: '__builtin___snprintf_chk' output 7 or more bytes (assuming 1030) into a destination of size 1024
   68 |   return __builtin___snprintf_chk (__s, __n, __USE_FORTIFY_LEVEL - 1,
      |          ^~~~~~~~~~~~~~~~~~~~~~~~~~~~~~~~~~~~~~~~~~~~~~~~~~~~~~~~~~~~
   69 |                                    __glibc_objsize (__s), __fmt,
      |                                    ~~~~~~~~~~~~~~~~~~~~~~~~~~~~~
   70 |                                    __va_arg_pack ());
      |                                    ~~~~~~~~~~~~~~~~~
/mnt/data/qrx_security_hardening/qrx-core/src/qrxdb.c: In function 'qrxdb_snapshot_verify_signature':
/mnt/data/qrx_security_hardening/qrx-core/src/qrxdb.c:839:39: warning: '.sig' directive output may be truncated writing 4 bytes into a region of size between 0 and 1023 [-Wformat-truncation=]
  839 |     snprintf(sigf,sizeof(sigf),"%s%s%s.sig",db->snapshot_path,SEP,snapshot_name);
      |                                       ^~~~
In function 'snprintf',
    inlined from 'qrxdb_snapshot_verify_signature' at /mnt/data/qrx_security_hardening/qrx-core/src/qrxdb.c:839:5:
/usr/include/x86_64-linux-gnu/bits/stdio2.h:68:10: note: '__builtin___snprintf_chk' output 6 or more bytes (assuming 1029) into a destination of size 1024
   68 |   return __builtin___snprintf_chk (__s, __n, __USE_FORTIFY_LEVEL - 1,
      |          ^~~~~~~~~~~~~~~~~~~~~~~~~~~~~~~~~~~~~~~~~~~~~~~~~~~~~~~~~~~~
   69 |                                    __glibc_objsize (__s), __fmt,
      |                                    ~~~~~~~~~~~~~~~~~~~~~~~~~~~~~
   70 |                                    __va_arg_pack ());
      |                                    ~~~~~~~~~~~~~~~~~
/mnt/data/qrx_security_hardening/qrx-core/src/qrxdb.c: In function 'qrxdb_snapshot_verify_signature':
/mnt/data/qrx_security_hardening/qrx-core/src/qrxdb.c:840:41: warning: '.qsnap' directive output may be truncated writing 6 bytes into a region of size between 0 and 1023 [-Wformat-truncation=]
  840 |     snprintf(snapf,sizeof(snapf),"%s%s%s.qsnap",db->snapshot_path,SEP,snapshot_name);
      |                                         ^~~~~~
In function 'snprintf',
    inlined from 'qrxdb_snapshot_verify_signature' at /mnt/data/qrx_security_hardening/qrx-core/src/qrxdb.c:840:5:
/usr/include/x86_64-linux-gnu/bits/stdio2.h:68:10: note: '__builtin___snprintf_chk' output 8 or more bytes (assuming 1031) into a destination of size 1024
   68 |   return __builtin___snprintf_chk (__s, __n, __USE_FORTIFY_LEVEL - 1,
      |          ^~~~~~~~~~~~~~~~~~~~~~~~~~~~~~~~~~~~~~~~~~~~~~~~~~~~~~~~~~~~
   69 |                                    __glibc_objsize (__s), __fmt,
      |                                    ~~~~~~~~~~~~~~~~~~~~~~~~~~~~~
   70 |                                    __va_arg_pack ());
      |                                    ~~~~~~~~~~~~~~~~~
/mnt/data/qrx_security_hardening/qrx-core/src/qrxdb.c: In function 'qrxdb_compact':
/mnt/data/qrx_security_hardening/qrx-core/src/qrxdb.c:860:49: warning: '.tmp' directive output may be truncated writing 4 bytes into a region of size between 1 and 1024 [-Wformat-truncation=]
  860 |     char tmp[1024]; snprintf(tmp,sizeof(tmp),"%s.tmp",db->data_path);
      |                                                 ^~~~
In function 'snprintf',
    inlined from 'qrxdb_compact' at /mnt/data/qrx_security_hardening/qrx-core/src/qrxdb.c:860:21:
/usr/include/x86_64-linux-gnu/bits/stdio2.h:68:10: note: '__builtin___snprintf_chk' output between 5 and 1028 bytes into a destination of size 1024
   68 |   return __builtin___snprintf_chk (__s, __n, __USE_FORTIFY_LEVEL - 1,
      |          ^~~~~~~~~~~~~~~~~~~~~~~~~~~~~~~~~~~~~~~~~~~~~~~~~~~~~~~~~~~~
   69 |                                    __glibc_objsize (__s), __fmt,
      |                                    ~~~~~~~~~~~~~~~~~~~~~~~~~~~~~
   70 |                                    __va_arg_pack ());
      |                                    ~~~~~~~~~~~~~~~~~
/mnt/data/qrx_security_hardening/qrx-core/src/qrxdb.c: In function 'qrxdb_compact':
/mnt/data/qrx_security_hardening/qrx-core/src/qrxdb.c:283:106: warning: 'state-' directive output may be truncated writing 6 bytes into a region of size between 0 and 1023 [-Wformat-truncation=]
  283 | static void wal_segment_path(QrxDB *db, uint64_t id, char *out, size_t out_sz){ snprintf(out,out_sz,"%s%sstate-%06llu.qwal",db->wal_dir,SEP,(unsigned long long)id); }
      |                                                                                                          ^~~~~~
In function 'wal_segment_path',
    inlined from 'wal_open_current' at /mnt/data/qrx_security_hardening/qrx-core/src/qrxdb.c:286:5,
    inlined from 'qrxdb_compact' at /mnt/data/qrx_security_hardening/qrx-core/src/qrxdb.c:875:120:
/mnt/data/qrx_security_hardening/qrx-core/src/qrxdb.c:283:101: note: directive argument in the range [1, 18446744073709551615]
  283 | static void wal_segment_path(QrxDB *db, uint64_t id, char *out, size_t out_sz){ snprintf(out,out_sz,"%s%sstate-%06llu.qwal",db->wal_dir,SEP,(unsigned long long)id); }
      |                                                                                                     ^~~~~~~~~~~~~~~~~~~~~~~
In function 'snprintf',
    inlined from 'wal_segment_path' at /mnt/data/qrx_security_hardening/qrx-core/src/qrxdb.c:283:81,
    inlined from 'wal_open_current' at /mnt/data/qrx_security_hardening/qrx-core/src/qrxdb.c:286:5,
    inlined from 'qrxdb_compact' at /mnt/data/qrx_security_hardening/qrx-core/src/qrxdb.c:875:120:
/usr/include/x86_64-linux-gnu/bits/stdio2.h:68:10: note: '__builtin___snprintf_chk' output between 19 and 1056 bytes into a destination of size 1024
   68 |   return __builtin___snprintf_chk (__s, __n, __USE_FORTIFY_LEVEL - 1,
      |          ^~~~~~~~~~~~~~~~~~~~~~~~~~~~~~~~~~~~~~~~~~~~~~~~~~~~~~~~~~~~
   69 |                                    __glibc_objsize (__s), __fmt,
      |                                    ~~~~~~~~~~~~~~~~~~~~~~~~~~~~~
   70 |                                    __va_arg_pack ());
      |                                    ~~~~~~~~~~~~~~~~~
/mnt/data/qrx_security_hardening/qrx-core/src/qrx.c: In function 'htlc_load_all':
/mnt/data/qrx_security_hardening/qrx-core/src/qrx.c:4333:33: warning: '%s' directive output may be truncated writing up to 4095 bytes into a region of size 2048 [-Wformat-truncation=]
 4333 |     snprintf(buf, sizeof(buf), "%s", line);
      |                                 ^~
......
 4384 |         if (htlc_parse_line(line, &r) != 0) continue;
      |             ~~~~~~~~~~~~~~~~~~~~~~~~~
In file included from /usr/include/stdio.h:970,
                 from /usr/include/openssl/bio.h:28,
                 from /mnt/data/qrx_security_hardening/qrx-core/src/qrx.c:98:
In function 'snprintf',
    inlined from 'htlc_parse_line' at /mnt/data/qrx_security_hardening/qrx-core/src/qrx.c:4333:5,
    inlined from 'htlc_load_all' at /mnt/data/qrx_security_hardening/qrx-core/src/qrx.c:4384:13:
/usr/include/x86_64-linux-gnu/bits/stdio2.h:68:10: note: '__builtin_snprintf' output between 1 and 4096 bytes into a destination of size 2048
   68 |   return __builtin___snprintf_chk (__s, __n, __USE_FORTIFY_LEVEL - 1,
      |          ^~~~~~~~~~~~~~~~~~~~~~~~~~~~~~~~~~~~~~~~~~~~~~~~~~~~~~~~~~~~
   69 |                                    __glibc_objsize (__s), __fmt,
      |                                    ~~~~~~~~~~~~~~~~~~~~~~~~~~~~~
   70 |                                    __va_arg_pack ());
      |                                    ~~~~~~~~~~~~~~~~~
/mnt/data/qrx_security_hardening/qrx-core/src/qrx.c: In function 'htlc_load_all':
/mnt/data/qrx_security_hardening/qrx-core/src/qrx.c:4346:37: warning: '%s' directive output may be truncated writing up to 2047 bytes into a region of size 129 [-Wformat-truncation=]
 4337 |     char *cursor = buf;
      |                    ~~~               
......
 4346 |     snprintf(r->id, sizeof(r->id), "%s", fields[0] ? fields[0] : "");
      |                                     ^~
In function 'snprintf',
    inlined from 'htlc_parse_line' at /mnt/data/qrx_security_hardening/qrx-core/src/qrx.c:4346:5,
    inlined from 'htlc_load_all' at /mnt/data/qrx_security_hardening/qrx-core/src/qrx.c:4384:13:
/usr/include/x86_64-linux-gnu/bits/stdio2.h:68:10: note: '__builtin_snprintf' output between 1 and 2048 bytes into a destination of size 129
   68 |   return __builtin___snprintf_chk (__s, __n, __USE_FORTIFY_LEVEL - 1,
      |          ^~~~~~~~~~~~~~~~~~~~~~~~~~~~~~~~~~~~~~~~~~~~~~~~~~~~~~~~~~~~
   69 |                                    __glibc_objsize (__s), __fmt,
      |                                    ~~~~~~~~~~~~~~~~~~~~~~~~~~~~~
   70 |                                    __va_arg_pack ());
      |                                    ~~~~~~~~~~~~~~~~~
/mnt/data/qrx_security_hardening/qrx-core/src/qrx.c: In function 'htlc_load_all':
/mnt/data/qrx_security_hardening/qrx-core/src/qrx.c:4346:37: warning: '%s' directive output may be truncated writing up to 2047 bytes into a region of size 129 [-Wformat-truncation=]
 4337 |     char *cursor = buf;
      |                    ~~~               
......
 4346 |     snprintf(r->id, sizeof(r->id), "%s", fields[0] ? fields[0] : "");
      |                                     ^~
In function 'snprintf',
    inlined from 'htlc_parse_line' at /mnt/data/qrx_security_hardening/qrx-core/src/qrx.c:4346:5,
    inlined from 'htlc_load_all' at /mnt/data/qrx_security_hardening/qrx-core/src/qrx.c:4384:13:
/usr/include/x86_64-linux-gnu/bits/stdio2.h:68:10: note: '__builtin_snprintf' output between 1 and 2048 bytes into a destination of size 129
   68 |   return __builtin___snprintf_chk (__s, __n, __USE_FORTIFY_LEVEL - 1,
      |          ^~~~~~~~~~~~~~~~~~~~~~~~~~~~~~~~~~~~~~~~~~~~~~~~~~~~~~~~~~~~
   69 |                                    __glibc_objsize (__s), __fmt,
      |                                    ~~~~~~~~~~~~~~~~~~~~~~~~~~~~~
   70 |                                    __va_arg_pack ());
      |                                    ~~~~~~~~~~~~~~~~~
/mnt/data/qrx_security_hardening/qrx-core/src/qrx.c: In function 'shielded_load_all':
/mnt/data/qrx_security_hardening/qrx-core/src/qrx.c:4976:47: warning: '%s' directive output may be truncated writing up to 4095 bytes into a region of size 129 [-Wformat-truncation=]
 4967 |     char *cursor = buf;
      |                    ~~~                         
......
 4976 |     snprintf(r->note_id, sizeof(r->note_id), "%s", fields[0] ? fields[0] : "");
      |                                               ^~
In function 'snprintf',
    inlined from 'shielded_parse_line' at /mnt/data/qrx_security_hardening/qrx-core/src/qrx.c:4976:5,
    inlined from 'shielded_load_all' at /mnt/data/qrx_security_hardening/qrx-core/src/qrx.c:5001:13:
/usr/include/x86_64-linux-gnu/bits/stdio2.h:68:10: note: '__builtin_snprintf' output between 1 and 4096 bytes into a destination of size 129
   68 |   return __builtin___snprintf_chk (__s, __n, __USE_FORTIFY_LEVEL - 1,
      |          ^~~~~~~~~~~~~~~~~~~~~~~~~~~~~~~~~~~~~~~~~~~~~~~~~~~~~~~~~~~~
   69 |                                    __glibc_objsize (__s), __fmt,
      |                                    ~~~~~~~~~~~~~~~~~~~~~~~~~~~~~
   70 |                                    __va_arg_pack ());
      |                                    ~~~~~~~~~~~~~~~~~
/mnt/data/qrx_security_hardening/qrx-core/src/qrx.c: In function 'shielded_load_all':
/mnt/data/qrx_security_hardening/qrx-core/src/qrx.c:4976:47: warning: '%s' directive output may be truncated writing up to 4095 bytes into a region of size 129 [-Wformat-truncation=]
 4967 |     char *cursor = buf;
      |                    ~~~                         
......
 4976 |     snprintf(r->note_id, sizeof(r->note_id), "%s", fields[0] ? fields[0] : "");
      |                                               ^~
In function 'snprintf',
    inlined from 'shielded_parse_line' at /mnt/data/qrx_security_hardening/qrx-core/src/qrx.c:4976:5,
    inlined from 'shielded_load_all' at /mnt/data/qrx_security_hardening/qrx-core/src/qrx.c:5001:13:
/usr/include/x86_64-linux-gnu/bits/stdio2.h:68:10: note: '__builtin_snprintf' output between 1 and 4096 bytes into a destination of size 129
   68 |   return __builtin___snprintf_chk (__s, __n, __USE_FORTIFY_LEVEL - 1,
      |          ^~~~~~~~~~~~~~~~~~~~~~~~~~~~~~~~~~~~~~~~~~~~~~~~~~~~~~~~~~~~
   69 |                                    __glibc_objsize (__s), __fmt,
      |                                    ~~~~~~~~~~~~~~~~~~~~~~~~~~~~~
   70 |                                    __va_arg_pack ());
      |                                    ~~~~~~~~~~~~~~~~~
/mnt/data/qrx_security_hardening/qrx-core/src/qrx.c: In function 'stealth_load_all':
/mnt/data/qrx_security_hardening/qrx-core/src/qrx.c:4734:43: warning: '%s' directive output may be truncated writing up to 4095 bytes into a region of size 129 [-Wformat-truncation=]
 4725 |     char *cursor = buf;
      |                    ~~~                     
......
 4734 |     snprintf(r->tx_id, sizeof(r->tx_id), "%s", fields[0] ? fields[0] : "");
      |                                           ^~
In function 'snprintf',
    inlined from 'stealth_parse_line' at /mnt/data/qrx_security_hardening/qrx-core/src/qrx.c:4734:5,
    inlined from 'stealth_load_all' at /mnt/data/qrx_security_hardening/qrx-core/src/qrx.c:4759:13:
/usr/include/x86_64-linux-gnu/bits/stdio2.h:68:10: note: '__builtin_snprintf' output between 1 and 4096 bytes into a destination of size 129
   68 |   return __builtin___snprintf_chk (__s, __n, __USE_FORTIFY_LEVEL - 1,
      |          ^~~~~~~~~~~~~~~~~~~~~~~~~~~~~~~~~~~~~~~~~~~~~~~~~~~~~~~~~~~~
   69 |                                    __glibc_objsize (__s), __fmt,
      |                                    ~~~~~~~~~~~~~~~~~~~~~~~~~~~~~
   70 |                                    __va_arg_pack ());
      |                                    ~~~~~~~~~~~~~~~~~
/mnt/data/qrx_security_hardening/qrx-core/src/qrx.c: In function 'stealth_load_all':
/mnt/data/qrx_security_hardening/qrx-core/src/qrx.c:4734:43: warning: '%s' directive output may be truncated writing up to 4095 bytes into a region of size 129 [-Wformat-truncation=]
 4725 |     char *cursor = buf;
      |                    ~~~                     
......
 4734 |     snprintf(r->tx_id, sizeof(r->tx_id), "%s", fields[0] ? fields[0] : "");
      |                                           ^~
In function 'snprintf',
    inlined from 'stealth_parse_line' at /mnt/data/qrx_security_hardening/qrx-core/src/qrx.c:4734:5,
    inlined from 'stealth_load_all' at /mnt/data/qrx_security_hardening/qrx-core/src/qrx.c:4759:13:
/usr/include/x86_64-linux-gnu/bits/stdio2.h:68:10: note: '__builtin_snprintf' output between 1 and 4096 bytes into a destination of size 129
   68 |   return __builtin___snprintf_chk (__s, __n, __USE_FORTIFY_LEVEL - 1,
      |          ^~~~~~~~~~~~~~~~~~~~~~~~~~~~~~~~~~~~~~~~~~~~~~~~~~~~~~~~~~~~
   69 |                                    __glibc_objsize (__s), __fmt,
      |                                    ~~~~~~~~~~~~~~~~~~~~~~~~~~~~~
   70 |                                    __va_arg_pack ());
      |                                    ~~~~~~~~~~~~~~~~~
/mnt/data/qrx_security_hardening/qrx-core/src/qrx.c: In function 'mirror_order_from_authoritative.isra':
/mnt/data/qrx_security_hardening/qrx-core/src/qrx.c:2251:41: warning: '%s' directive argument is null [-Wformat-truncation=]
 2251 |     snprintf(out,out_sz,"velocity:order:%s:%s",order_id,field);
      |                                         ^~
/mnt/data/qrx_security_hardening/qrx-core/src/qrx.c: In function 'snapshot_state_cmd.isra':
/mnt/data/qrx_security_hardening/qrx-core/src/qrx.c:1514:55: warning: '%s' directive output may be truncated writing up to 127 bytes into a region of size between 0 and 1023 [-Wformat-truncation=]
 1514 |     char dest[1024]; snprintf(dest, sizeof(dest), "%s/%s", snaps, label); mkdir_p(dest);
      |                                                       ^~          ~~~~~
In function 'snprintf',
    inlined from 'snapshot_state_cmd.isra' at /mnt/data/qrx_security_hardening/qrx-core/src/qrx.c:1514:22:
/usr/include/x86_64-linux-gnu/bits/stdio2.h:68:10: note: '__builtin___snprintf_chk' output between 2 and 1152 bytes into a destination of size 1024
   68 |   return __builtin___snprintf_chk (__s, __n, __USE_FORTIFY_LEVEL - 1,
      |          ^~~~~~~~~~~~~~~~~~~~~~~~~~~~~~~~~~~~~~~~~~~~~~~~~~~~~~~~~~~~
   69 |                                    __glibc_objsize (__s), __fmt,
      |                                    ~~~~~~~~~~~~~~~~~~~~~~~~~~~~~
   70 |                                    __va_arg_pack ());
      |                                    ~~~~~~~~~~~~~~~~~
/mnt/data/qrx_security_hardening/qrx-core/src/qrx.c: In function 'snapshot_state_cmd.isra':
/mnt/data/qrx_security_hardening/qrx-core/src/qrx.c:1518:68: warning: '/balances.bin' directive output may be truncated writing 13 bytes into a region of size between 1 and 1024 [-Wformat-truncation=]
 1518 |     if ((buf=read_file(bal,&len))) { snprintf(out, sizeof(out), "%s/balances.bin", dest); write_file(out, buf, len); free(buf); }
      |                                                                    ^~~~~~~~~~~~~
In function 'snprintf',
    inlined from 'snapshot_state_cmd.isra' at /mnt/data/qrx_security_hardening/qrx-core/src/qrx.c:1518:38:
/usr/include/x86_64-linux-gnu/bits/stdio2.h:68:10: note: '__builtin___snprintf_chk' output between 14 and 1037 bytes into a destination of size 1024
   68 |   return __builtin___snprintf_chk (__s, __n, __USE_FORTIFY_LEVEL - 1,
      |          ^~~~~~~~~~~~~~~~~~~~~~~~~~~~~~~~~~~~~~~~~~~~~~~~~~~~~~~~~~~~
   69 |                                    __glibc_objsize (__s), __fmt,
      |                                    ~~~~~~~~~~~~~~~~~~~~~~~~~~~~~
   70 |                                    __va_arg_pack ());
      |                                    ~~~~~~~~~~~~~~~~~
/mnt/data/qrx_security_hardening/qrx-core/src/qrx.c: In function 'snapshot_state_cmd.isra':
/mnt/data/qrx_security_hardening/qrx-core/src/qrx.c:1519:70: warning: '/nonces.bin' directive output may be truncated writing 11 bytes into a region of size between 1 and 1024 [-Wformat-truncation=]
 1519 |     if ((buf=read_file(nonce,&len))) { snprintf(out, sizeof(out), "%s/nonces.bin", dest); write_file(out, buf, len); free(buf); }
      |                                                                      ^~~~~~~~~~~
In function 'snprintf',
    inlined from 'snapshot_state_cmd.isra' at /mnt/data/qrx_security_hardening/qrx-core/src/qrx.c:1519:40:
/usr/include/x86_64-linux-gnu/bits/stdio2.h:68:10: note: '__builtin___snprintf_chk' output between 12 and 1035 bytes into a destination of size 1024
   68 |   return __builtin___snprintf_chk (__s, __n, __USE_FORTIFY_LEVEL - 1,
      |          ^~~~~~~~~~~~~~~~~~~~~~~~~~~~~~~~~~~~~~~~~~~~~~~~~~~~~~~~~~~~
   69 |                                    __glibc_objsize (__s), __fmt,
      |                                    ~~~~~~~~~~~~~~~~~~~~~~~~~~~~~
   70 |                                    __va_arg_pack ());
      |                                    ~~~~~~~~~~~~~~~~~
/mnt/data/qrx_security_hardening/qrx-core/src/qrx.c: In function 'snapshot_state_cmd.isra':
/mnt/data/qrx_security_hardening/qrx-core/src/qrx.c:1520:69: warning: '/applied.bin' directive output may be truncated writing 12 bytes into a region of size between 1 and 1024 [-Wformat-truncation=]
 1520 |     if ((buf=read_file(appl,&len))) { snprintf(out, sizeof(out), "%s/applied.bin", dest); write_file(out, buf, len); free(buf); }
      |                                                                     ^~~~~~~~~~~~
In function 'snprintf',
    inlined from 'snapshot_state_cmd.isra' at /mnt/data/qrx_security_hardening/qrx-core/src/qrx.c:1520:39:
/usr/include/x86_64-linux-gnu/bits/stdio2.h:68:10: note: '__builtin___snprintf_chk' output between 13 and 1036 bytes into a destination of size 1024
   68 |   return __builtin___snprintf_chk (__s, __n, __USE_FORTIFY_LEVEL - 1,
      |          ^~~~~~~~~~~~~~~~~~~~~~~~~~~~~~~~~~~~~~~~~~~~~~~~~~~~~~~~~~~~
   69 |                                    __glibc_objsize (__s), __fmt,
      |                                    ~~~~~~~~~~~~~~~~~~~~~~~~~~~~~
   70 |                                    __va_arg_pack ());
      |                                    ~~~~~~~~~~~~~~~~~
/mnt/data/qrx_security_hardening/qrx-core/src/qrx.c: In function 'snapshot_state_cmd.isra':
/mnt/data/qrx_security_hardening/qrx-core/src/qrx.c:1521:72: warning: '/journal.log' directive output may be truncated writing 12 bytes into a region of size between 1 and 1024 [-Wformat-truncation=]
 1521 |     if ((buf=read_file(journal,&len))) { snprintf(out, sizeof(out), "%s/journal.log", dest); write_file(out, buf, len); free(buf); }
      |                                                                        ^~~~~~~~~~~~
In function 'snprintf',
    inlined from 'snapshot_state_cmd.isra' at /mnt/data/qrx_security_hardening/qrx-core/src/qrx.c:1521:42:
/usr/include/x86_64-linux-gnu/bits/stdio2.h:68:10: note: '__builtin___snprintf_chk' output between 13 and 1036 bytes into a destination of size 1024
   68 |   return __builtin___snprintf_chk (__s, __n, __USE_FORTIFY_LEVEL - 1,
      |          ^~~~~~~~~~~~~~~~~~~~~~~~~~~~~~~~~~~~~~~~~~~~~~~~~~~~~~~~~~~~
   69 |                                    __glibc_objsize (__s), __fmt,
      |                                    ~~~~~~~~~~~~~~~~~~~~~~~~~~~~~
   70 |                                    __va_arg_pack ());
      |                                    ~~~~~~~~~~~~~~~~~
/mnt/data/qrx_security_hardening/qrx-core/src/qrx.c: In function 'propose_block_cmd.isra':
/mnt/data/qrx_security_hardening/qrx-core/src/qrx.c:1252:55: warning: '%lld' directive output may be truncated writing between 1 and 20 bytes into a region of size between 0 and 1023 [-Wformat-truncation=]
 1252 |     char path[1024]; snprintf(path, sizeof(path), "%s/%lld-%lld.validators", dir, height, round);
      |                                                       ^~~~
In function 'validator_snapshot_write',
    inlined from 'propose_block_cmd.isra' at /mnt/data/qrx_security_hardening/qrx-core/src/qrx.c:4104:9:
/mnt/data/qrx_security_hardening/qrx-core/src/qrx.c:1252:51: note: directive argument in the range [-9223372036854775807, 9223372036854775807]
 1252 |     char path[1024]; snprintf(path, sizeof(path), "%s/%lld-%lld.validators", dir, height, round);
      |                                                   ^~~~~~~~~~~~~~~~~~~~~~~~~
In function 'snprintf',
    inlined from 'validator_snapshot_write' at /mnt/data/qrx_security_hardening/qrx-core/src/qrx.c:1252:22,
    inlined from 'propose_block_cmd.isra' at /mnt/data/qrx_security_hardening/qrx-core/src/qrx.c:4104:9:
/usr/include/x86_64-linux-gnu/bits/stdio2.h:68:10: note: '__builtin___snprintf_chk' output between 16 and 1058 bytes into a destination of size 1024
   68 |   return __builtin___snprintf_chk (__s, __n, __USE_FORTIFY_LEVEL - 1,
      |          ^~~~~~~~~~~~~~~~~~~~~~~~~~~~~~~~~~~~~~~~~~~~~~~~~~~~~~~~~~~~
   69 |                                    __glibc_objsize (__s), __fmt,
      |                                    ~~~~~~~~~~~~~~~~~~~~~~~~~~~~~
   70 |                                    __va_arg_pack ());
      |                                    ~~~~~~~~~~~~~~~~~
/mnt/data/qrx_security_hardening/qrx-core/src/qrx.c: In function 'vote_block_cmd.isra':
/mnt/data/qrx_security_hardening/qrx-core/src/qrx.c:3966:63: warning: '-' directive output may be truncated writing 1 byte into a region of size between 0 and 1023 [-Wformat-truncation=]
 3966 |     char localp[1024]; snprintf(localp, sizeof(localp), "%s/%s-%s-%s.vote", votesdir, height_s, round_s, address); write_text(localp, vote);
      |                                                               ^
In function 'snprintf',
    inlined from 'vote_block_cmd.isra' at /mnt/data/qrx_security_hardening/qrx-core/src/qrx.c:3966:24:
/usr/include/x86_64-linux-gnu/bits/stdio2.h:68:10: note: '__builtin___snprintf_chk' output 9 or more bytes (assuming 1032) into a destination of size 1024
   68 |   return __builtin___snprintf_chk (__s, __n, __USE_FORTIFY_LEVEL - 1,
      |          ^~~~~~~~~~~~~~~~~~~~~~~~~~~~~~~~~~~~~~~~~~~~~~~~~~~~~~~~~~~~
   69 |                                    __glibc_objsize (__s), __fmt,
      |                                    ~~~~~~~~~~~~~~~~~~~~~~~~~~~~~
   70 |                                    __va_arg_pack ());
      |                                    ~~~~~~~~~~~~~~~~~
/mnt/data/qrx_security_hardening/qrx-core/src/qrx.c: In function 'evidence_double_sign_cmd.isra':
/mnt/data/qrx_security_hardening/qrx-core/src/qrx.c:5762:54: warning: '-h' directive output may be truncated writing 2 bytes into a region of size between 0 and 1023 [-Wformat-truncation=]
 5762 |     char out[1024]; snprintf(out, sizeof(out), "%s/%s-h%s-r%s.ev", eviddir, v1, ha, ra);
      |                                                      ^~
In function 'snprintf',
    inlined from 'evidence_double_sign_cmd.isra' at /mnt/data/qrx_security_hardening/qrx-core/src/qrx.c:5762:21:
/usr/include/x86_64-linux-gnu/bits/stdio2.h:68:10: note: '__builtin___snprintf_chk' output 9 or more bytes (assuming 1032) into a destination of size 1024
   68 |   return __builtin___snprintf_chk (__s, __n, __USE_FORTIFY_LEVEL - 1,
      |          ^~~~~~~~~~~~~~~~~~~~~~~~~~~~~~~~~~~~~~~~~~~~~~~~~~~~~~~~~~~~
   69 |                                    __glibc_objsize (__s), __fmt,
      |                                    ~~~~~~~~~~~~~~~~~~~~~~~~~~~~~
   70 |                                    __va_arg_pack ());
      |                                    ~~~~~~~~~~~~~~~~~
/mnt/data/qrx_security_hardening/qrx-core/src/qrx.c: In function 'wallet_new_address_cmd.isra':
/mnt/data/qrx_security_hardening/qrx-core/src/qrx.c:992:41: warning: '/.new-' directive output may be truncated writing 6 bytes into a region of size between 1 and 1024 [-Wformat-truncation=]
  992 |     snprintf(tmpdir, sizeof(tmpdir), "%s/.new-%lld-%s", addrs_dir, (long long)time(NULL), rndhex ? rndhex : "tmp");
      |                                         ^~~~~~
/mnt/data/qrx_security_hardening/qrx-core/src/qrx.c:992:38: note: assuming directive output of 3 bytes
  992 |     snprintf(tmpdir, sizeof(tmpdir), "%s/.new-%lld-%s", addrs_dir, (long long)time(NULL), rndhex ? rndhex : "tmp");
      |                                      ^~~~~~~~~~~~~~~~~
In function 'snprintf',
    inlined from 'wallet_new_address_cmd.isra' at /mnt/data/qrx_security_hardening/qrx-core/src/qrx.c:992:5:
/usr/include/x86_64-linux-gnu/bits/stdio2.h:68:10: note: '__builtin___snprintf_chk' output 9 or more bytes (assuming 1035) into a destination of size 1024
   68 |   return __builtin___snprintf_chk (__s, __n, __USE_FORTIFY_LEVEL - 1,
      |          ^~~~~~~~~~~~~~~~~~~~~~~~~~~~~~~~~~~~~~~~~~~~~~~~~~~~~~~~~~~~
   69 |                                    __glibc_objsize (__s), __fmt,
      |                                    ~~~~~~~~~~~~~~~~~~~~~~~~~~~~~
   70 |                                    __va_arg_pack ());
      |                                    ~~~~~~~~~~~~~~~~~
[ 35%] Linking C static library libqrxcore.a
[ 35%] Built target qrxcore
[ 37%] Building C object CMakeFiles/qrx.dir/src/qrx_main.c.o
[ 40%] Building C object CMakeFiles/qrxdb_compact.dir/src/qrxdb_compact_tool.c.o
[ 42%] Building C object CMakeFiles/qrx-cli.dir/src/qrx_cli.c.o
[ 45%] Building C object CMakeFiles/qrxdb_verify.dir/src/qrxdb_verify_tool.c.o
[ 47%] Building C object CMakeFiles/qrxdb_salvage.dir/src/qrxdb_salvage_tool.c.o
[ 50%] Building C object CMakeFiles/qrxd.dir/src/qrxd.c.o
[ 52%] Building C object CMakeFiles/qrxdb_snapshot.dir/src/qrxdb_snapshot_tool.c.o
[ 55%] Building C object CMakeFiles/qrx_velocity_engine_test.dir/tests/velocity_phase4_engine.c.o
[ 57%] Linking C executable qrxdb_compact
[ 60%] Linking C executable qrxdb_verify
[ 62%] Linking C executable qrx
[ 65%] Linking C executable qrxdb_salvage
[ 67%] Linking C executable qrxdb_snapshot
[ 67%] Built target qrxdb_compact
[ 70%] Linking C executable qrx_velocity_engine_test
[ 72%] Building C object CMakeFiles/qrx_velocity_mvcc_test.dir/tests/velocity_phase4b_mvcc.c.o
[ 72%] Built target qrx
[ 72%] Built target qrxdb_verify
[ 72%] Built target qrx_velocity_engine_test
[ 75%] Building C object CMakeFiles/qrx_velocity_stateful_mvcc_test.dir/tests/velocity_phase4c_stateful.c.o
[ 75%] Built target qrxdb_snapshot
[ 75%] Built target qrxdb_salvage
[ 77%] Building C object CMakeFiles/qrx_velocity_block_scheduler_test.dir/tests/velocity_phase4f_scheduler.c.o
[ 80%] Building C object CMakeFiles/qrx_velocity_dynamic_mvcc_test.dir/tests/velocity_phase4d_dynamic.c.o
[ 82%] Building C object CMakeFiles/qrx_velocity_speculative_mvcc_test.dir/tests/velocity_phase4e_speculative.c.o
[ 85%] Linking C executable qrx_velocity_mvcc_test
[ 87%] Linking C executable qrx_velocity_stateful_mvcc_test
[ 90%] Linking C executable qrx_velocity_block_scheduler_test
[ 90%] Built target qrx_velocity_mvcc_test
[ 90%] Built target qrx_velocity_stateful_mvcc_test
[ 90%] Built target qrx_velocity_block_scheduler_test
[ 92%] Linking C executable qrx_velocity_dynamic_mvcc_test
[ 95%] Linking C executable qrx_velocity_speculative_mvcc_test
[ 95%] Built target qrx_velocity_dynamic_mvcc_test
[ 95%] Built target qrx_velocity_speculative_mvcc_test
[ 97%] Linking C executable qrx-cli
[ 97%] Built target qrx-cli
[100%] Linking C executable qrxd
[100%] Built target qrxd
Internal ctest changing into directory: /mnt/data/qrx_security_hardening/build/final-audit-host
Test project /mnt/data/qrx_security_hardening/build/final-audit-host
    Start 1: velocity_phase4_engine
1/6 Test #1: velocity_phase4_engine ..............   Passed    0.01 sec
    Start 2: velocity_phase4b_mvcc
2/6 Test #2: velocity_phase4b_mvcc ...............   Passed    0.03 sec
    Start 3: velocity_phase4c_stateful_mvcc
3/6 Test #3: velocity_phase4c_stateful_mvcc ......   Passed    0.01 sec
    Start 4: velocity_phase4d_dynamic_mvcc
4/6 Test #4: velocity_phase4d_dynamic_mvcc .......   Passed    0.06 sec
    Start 5: velocity_phase4e_speculative_mvcc
5/6 Test #5: velocity_phase4e_speculative_mvcc ...   Passed    0.05 sec
    Start 6: velocity_phase4f_block_scheduler
6/6 Test #6: velocity_phase4f_block_scheduler ....   Passed    0.00 sec

100% tests passed, 0 tests failed out of 6

Total Test time (real) =   0.15 sec
[8/9] Privacy Phase 1 / source-control release surface
PASS: recoverable rotation + Source Control + privacy analysis surface
[9/9] 0.0.7.1 release packaging/version gates
PASS: package and CI artifacts are versioned 0.0.7.1

RESULT: QRX 0.0.7.1 FINAL RELEASE AUDIT PASSED ON THIS NATIVE HOST
NOTE: Full Tauri/installer builds for all five targets are executed by the native GitHub Actions matrix.
