[  1%] Building C object CMakeFiles/qrxcore.dir/src/qrx.c.o
[  1%] Built target qrx-wallet-cli
[  1%] Building C object CMakeFiles/qrxcore.dir/src/core_frontend.c.o
/mnt/data/qrx_0936_work/qrx-core/src/core_frontend.c: In function 'refresh_node_wallet_binding':
/mnt/data/qrx_0936_work/qrx-core/src/core_frontend.c:259:36: warning: 'strncat' specified bound 1 equals source length [-Wstringop-overflow=]
  259 |         else { strncat(out,p,len); strncat(out,"\n",1); }
      |                                    ^~~~~~~~~~~~~~~~~~~
/mnt/data/qrx_0936_work/qrx-core/src/core_frontend.c: In function 'ensure_chain':
/mnt/data/qrx_0936_work/qrx-core/src/core_frontend.c:102:49: warning: '/snapshots' directive output may be truncated writing 10 bytes into a region of size between 1 and 4096 [-Wformat-truncation=]
  102 |         snprintf(snapshots,sizeof(snapshots),"%s/snapshots",cdir);
      |                                                 ^~~~~~~~~~
/mnt/data/qrx_0936_work/qrx-core/src/core_frontend.c:102:9: note: 'snprintf' output between 11 and 4106 bytes into a destination of size 4096
  102 |         snprintf(snapshots,sizeof(snapshots),"%s/snapshots",cdir);
      |         ^~~~~~~~~~~~~~~~~~~~~~~~~~~~~~~~~~~~~~~~~~~~~~~~~~~~~~~~~
/mnt/data/qrx_0936_work/qrx-core/src/core_frontend.c:103:37: warning: '/wal' directive output may be truncated writing 4 bytes into a region of size between 1 and 4096 [-Wformat-truncation=]
  103 |         snprintf(wal,sizeof(wal),"%s/wal",cdir);
      |                                     ^~~~
/mnt/data/qrx_0936_work/qrx-core/src/core_frontend.c:103:9: note: 'snprintf' output between 5 and 4100 bytes into a destination of size 4096
  103 |         snprintf(wal,sizeof(wal),"%s/wal",cdir);
      |         ^~~~~~~~~~~~~~~~~~~~~~~~~~~~~~~~~~~~~~~
/mnt/data/qrx_0936_work/qrx-core/src/core_frontend.c:104:45: warning: '/indexes' directive output may be truncated writing 8 bytes into a region of size between 1 and 4096 [-Wformat-truncation=]
  104 |         snprintf(indexes,sizeof(indexes),"%s/indexes",cdir);
      |                                             ^~~~~~~~
/mnt/data/qrx_0936_work/qrx-core/src/core_frontend.c:104:9: note: 'snprintf' output between 9 and 4104 bytes into a destination of size 4096
  104 |         snprintf(indexes,sizeof(indexes),"%s/indexes",cdir);
      |         ^~~~~~~~~~~~~~~~~~~~~~~~~~~~~~~~~~~~~~~~~~~~~~~~~~~
/mnt/data/qrx_0936_work/qrx-core/src/core_frontend.c:118:35: warning: '/chain.conf' directive output may be truncated writing 11 bytes into a region of size between 1 and 4096 [-Wformat-truncation=]
  118 |     snprintf(conf,sizeof(conf),"%s/chain.conf",cdir);
      |                                   ^~~~~~~~~~~
/mnt/data/qrx_0936_work/qrx-core/src/core_frontend.c:118:5: note: 'snprintf' output between 12 and 4107 bytes into a destination of size 4096
  118 |     snprintf(conf,sizeof(conf),"%s/chain.conf",cdir);
      |     ^~~~~~~~~~~~~~~~~~~~~~~~~~~~~~~~~~~~~~~~~~~~~~~~
/mnt/data/qrx_0936_work/qrx-core/src/core_frontend.c:185:37: warning: '/seednodes.txt' directive output may be truncated writing 14 bytes into a region of size between 1 and 4096 [-Wformat-truncation=]
  185 |     snprintf(seedf,sizeof(seedf),"%s/seednodes.txt",cdir);
      |                                     ^~~~~~~~~~~~~~
/mnt/data/qrx_0936_work/qrx-core/src/core_frontend.c:185:5: note: 'snprintf' output between 15 and 4110 bytes into a destination of size 4096
  185 |     snprintf(seedf,sizeof(seedf),"%s/seednodes.txt",cdir);
      |     ^~~~~~~~~~~~~~~~~~~~~~~~~~~~~~~~~~~~~~~~~~~~~~~~~~~~~
/mnt/data/qrx_0936_work/qrx-core/src/core_frontend.c: In function 'ensure_wallet':
/mnt/data/qrx_0936_work/qrx-core/src/core_frontend.c:219:37: warning: '/address.txt' directive output may be truncated writing 12 bytes into a region of size between 1 and 4096 [-Wformat-truncation=]
  219 |     snprintf(apath,sizeof(apath),"%s/address.txt",wdir);
      |                                     ^~~~~~~~~~~~
/mnt/data/qrx_0936_work/qrx-core/src/core_frontend.c:219:5: note: 'snprintf' output between 13 and 4108 bytes into a destination of size 4096
  219 |     snprintf(apath,sizeof(apath),"%s/address.txt",wdir);
      |     ^~~~~~~~~~~~~~~~~~~~~~~~~~~~~~~~~~~~~~~~~~~~~~~~~~~
/mnt/data/qrx_0936_work/qrx-core/src/core_frontend.c:225:66: warning: '/wallets/' directive output may be truncated writing 9 bytes into a region of size between 0 and 4095 [-Wformat-truncation=]
  225 |             snprintf(legacy_address,sizeof(legacy_address),"%s/%s/wallets/%s/address.txt",root,legacy_networks[i],wallet);
      |                                                                  ^~~~~~~~~
/mnt/data/qrx_0936_work/qrx-core/src/core_frontend.c:225:13: note: 'snprintf' output 23 or more bytes (assuming 4118) into a destination of size 4096
  225 |             snprintf(legacy_address,sizeof(legacy_address),"%s/%s/wallets/%s/address.txt",root,legacy_networks[i],wallet);
      |             ^~~~~~~~~~~~~~~~~~~~~~~~~~~~~~~~~~~~~~~~~~~~~~~~~~~~~~~~~~~~~~~~~~~~~~~~~~~~~~~~~~~~~~~~~~~~~~~~~~~~~~~~~~~~~
/mnt/data/qrx_0936_work/qrx-core/src/core_frontend.c:237:37: warning: '/address.txt' directive output may be truncated writing 12 bytes into a region of size between 1 and 4096 [-Wformat-truncation=]
  237 |     snprintf(apath,sizeof(apath),"%s/address.txt",wdir);
      |                                     ^~~~~~~~~~~~
/mnt/data/qrx_0936_work/qrx-core/src/core_frontend.c:237:5: note: 'snprintf' output between 13 and 4108 bytes into a destination of size 4096
  237 |     snprintf(apath,sizeof(apath),"%s/address.txt",wdir);
      |     ^~~~~~~~~~~~~~~~~~~~~~~~~~~~~~~~~~~~~~~~~~~~~~~~~~~
/mnt/data/qrx_0936_work/qrx-core/src/core_frontend.c: In function 'ensure_node_conf':
/mnt/data/qrx_0936_work/qrx-core/src/core_frontend.c:266:646: warning: '/node.conf' directive output may be truncated writing 10 bytes into a region of size between 1 and 4096 [-Wformat-truncation=]
  266 | static int ensure_node_conf(const char *base, const QrxProfile *p, const char *wallet, const char *listen, const char **addnodes, int addnode_count, char *out_node, size_t out_node_sz, const char *chain_dir, const char *wallet_dir){ char ndir[PATH_MAX], nconf[PATH_MAX], peers[PATH_MAX], seedf[PATH_MAX], host[128]="0.0.0.0", port[32], ep[256], self[256]; char *argv_node[7]; snprintf(port,sizeof(port),"%d",p->default_port); if(listen&&*listen && qrx_parse_hostport(listen,host,sizeof(host),port,sizeof(port))!=0) return -1; snprintf(ndir,sizeof(ndir),"%s/nodes/%s",base,wallet); if(mkdir_p(ndir)!=0) return -1; snprintf(nconf,sizeof(nconf),"%s/node.conf",ndir); if(!path_exists(nconf)){ argv_node[0]="qrx"; argv_node[1]="node-init"; argv_node[2]=ndir; argv_node[3]=(char*)chain_dir; argv_node[4]=(char*)wallet_dir; argv_node[5]=host; argv_node[6]=port; if(qrx_backend_call(7,argv_node)!=0) return -1; }
      |                                                                                                                                                                                                                                                                                                                                                                                                                                                                                                                                                                                                                                                                      ^~~~~~~~~~
/mnt/data/qrx_0936_work/qrx-core/src/core_frontend.c:266:614: note: 'snprintf' output between 11 and 4106 bytes into a destination of size 4096
  266 | static int ensure_node_conf(const char *base, const QrxProfile *p, const char *wallet, const char *listen, const char **addnodes, int addnode_count, char *out_node, size_t out_node_sz, const char *chain_dir, const char *wallet_dir){ char ndir[PATH_MAX], nconf[PATH_MAX], peers[PATH_MAX], seedf[PATH_MAX], host[128]="0.0.0.0", port[32], ep[256], self[256]; char *argv_node[7]; snprintf(port,sizeof(port),"%d",p->default_port); if(listen&&*listen && qrx_parse_hostport(listen,host,sizeof(host),port,sizeof(port))!=0) return -1; snprintf(ndir,sizeof(ndir),"%s/nodes/%s",base,wallet); if(mkdir_p(ndir)!=0) return -1; snprintf(nconf,sizeof(nconf),"%s/node.conf",ndir); if(!path_exists(nconf)){ argv_node[0]="qrx"; argv_node[1]="node-init"; argv_node[2]=ndir; argv_node[3]=(char*)chain_dir; argv_node[4]=(char*)wallet_dir; argv_node[5]=host; argv_node[6]=port; if(qrx_backend_call(7,argv_node)!=0) return -1; }
      |                                                                                                                                                                                                                                                                                                                                                                                                                                                                                                                                                                                                                                      ^~~~~~~~~~~~~~~~~~~~~~~~~~~~~~~~~~~~~~~~~~~~~~~~~
/mnt/data/qrx_0936_work/qrx-core/src/core_frontend.c:268:34: warning: '/peers.txt' directive output may be truncated writing 10 bytes into a region of size between 1 and 4096 [-Wformat-truncation=]
  268 |  snprintf(peers,sizeof(peers),"%s/peers.txt",ndir); snprintf(seedf,sizeof(seedf),"%s/seednodes.txt",ndir); snprintf(self,sizeof(self),"%s:%s",host,port); for(int i=0;p->seednodes[i];++i){ snprintf(ep,sizeof(ep),"%s",p->seednodes[i]); if(strcmp(ep,self)!=0){ append_unique_line(peers,ep); append_unique_line(seedf,ep);} }
      |                                  ^~~~~~~~~~
/mnt/data/qrx_0936_work/qrx-core/src/core_frontend.c:268:2: note: 'snprintf' output between 11 and 4106 bytes into a destination of size 4096
  268 |  snprintf(peers,sizeof(peers),"%s/peers.txt",ndir); snprintf(seedf,sizeof(seedf),"%s/seednodes.txt",ndir); snprintf(self,sizeof(self),"%s:%s",host,port); for(int i=0;p->seednodes[i];++i){ snprintf(ep,sizeof(ep),"%s",p->seednodes[i]); if(strcmp(ep,self)!=0){ append_unique_line(peers,ep); append_unique_line(seedf,ep);} }
      |  ^~~~~~~~~~~~~~~~~~~~~~~~~~~~~~~~~~~~~~~~~~~~~~~~~
/mnt/data/qrx_0936_work/qrx-core/src/core_frontend.c:268:85: warning: '/seednodes.txt' directive output may be truncated writing 14 bytes into a region of size between 1 and 4096 [-Wformat-truncation=]
  268 |  snprintf(peers,sizeof(peers),"%s/peers.txt",ndir); snprintf(seedf,sizeof(seedf),"%s/seednodes.txt",ndir); snprintf(self,sizeof(self),"%s:%s",host,port); for(int i=0;p->seednodes[i];++i){ snprintf(ep,sizeof(ep),"%s",p->seednodes[i]); if(strcmp(ep,self)!=0){ append_unique_line(peers,ep); append_unique_line(seedf,ep);} }
      |                                                                                     ^~~~~~~~~~~~~~
/mnt/data/qrx_0936_work/qrx-core/src/core_frontend.c:268:53: note: 'snprintf' output between 15 and 4110 bytes into a destination of size 4096
  268 |  snprintf(peers,sizeof(peers),"%s/peers.txt",ndir); snprintf(seedf,sizeof(seedf),"%s/seednodes.txt",ndir); snprintf(self,sizeof(self),"%s:%s",host,port); for(int i=0;p->seednodes[i];++i){ snprintf(ep,sizeof(ep),"%s",p->seednodes[i]); if(strcmp(ep,self)!=0){ append_unique_line(peers,ep); append_unique_line(seedf,ep);} }
      |                                                     ^~~~~~~~~~~~~~~~~~~~~~~~~~~~~~~~~~~~~~~~~~~~~~~~~~~~~
/mnt/data/qrx_0936_work/qrx-core/src/qrx.c: In function 'qrx_expected_parent':
/mnt/data/qrx_0936_work/qrx-core/src/qrx.c:335:5: warning: this 'if' clause does not guard... [-Wmisleading-indentation]
  335 |     if(parent_timestamp)*parent_timestamp=h.timestamp; return 0;
      |     ^~
/mnt/data/qrx_0936_work/qrx-core/src/qrx.c:335:56: note: ...this statement, but the latter is misleadingly indented as if it were guarded by the 'if'
  335 |     if(parent_timestamp)*parent_timestamp=h.timestamp; return 0;
      |                                                        ^~~~~~
/mnt/data/qrx_0936_work/qrx-core/src/qrx.c: In function 'usage':
/mnt/data/qrx_0936_work/qrx-core/src/qrx.c:437:10: warning: string length '4935' is greater than the length '4095' ISO C99 compilers are required to support [-Woverlength-strings]
  437 |          "  decay-bans <node-dir> [points]\n  state-check <chain-dir>\n  snapshot-state <chain-dir> [label]\n  reindex-state <chain-dir>\n  stake <chain-dir> <wallet-dir> <amount>\n  unstake <chain-dir> <wallet-dir> <amount> [unbonding-secs]\n  claim-unbonded <chain-dir> <wallet-dir>\n  delegate <chain-dir> <delegator-wallet-dir> <validator-address> <amount>\n  undelegate <chain-dir> <delegator-wallet-dir> <validator-address> <amount> [unbonding-secs]\n  claim-undelegated <chain-dir> <delegator-wallet-dir> <validator-address>\n  staking-status <chain-dir> [address]\n  validator-set <chain-dir>\n  reward-epoch <chain-dir> <reward-amount> [validator-commission-bps]\n  bootstrap-validator-status <chain-dir> <validator-address>\n  slash <chain-dir> <validator-address> <amount> <reason>\n");
      |          ^~~~~~~~~~~~~~~~~~~~~~~~~~~~~~~~~~~~~~~~~~~~~~~~~~~~~~~~~~~~~~~~~~~~~~~~~~~~~~~~~~~~~~~~~~~~~~~~~~~~~~~~~~~~~~~~~~~~~~~~~~~~~~~~~~~~~~~~~~~~~~~~~~~~~~~~~~~~~~~~~~~~~~~~~~~~~~~~~~~~~~~~~~~~~~~~~~~~~~~~~~~~~~~~~~~~~~~~~~~~~~~~~~~~~~~~~~~~~~~~~~~~~~~~~~~~~~~~~~~~~~~~~~~~~~~~~~~~~~~~~~~~~~~~~~~~~~~~~~~~~~~~~~~~~~~~~~~~~~~~~~~~~~~~~~~~~~~~~~~~~~~~~~~~~~~~~~~~~~~~~~~~~~~~~~~~~~~~~~~~~~~~~~~~~~~~~~~~~~~~~~~~~~~~~~~~~~~~~~~~~~~~~~~~~~~~~~~~~~~~~~~~~~~~~~~~~~~~~~~~~~~~~~~~~~~~~~~~~~~~~~~~~~~~~~~~~~~~~~~~~~~~~~~~~~~~~~~~~~~~~~~~~~~~~~~~~~~~~~~~~~~~~~~~~~~~~~~~~~~~~~~~~~~~~~~~~~~~~~~~~~~~~~~~~~~~~~~~~~~~~~~~~~~~~~~~~~~~~~~~~~~~~~~~~~~~~~~~~~~~~~~~~~~~~~~~~~~~~~~~~~~~~~~~~~~~~~~~~~~~~~~~~~~~~~~~~~~~~~~~~~~~~~~~~~~~~~~~~~~~~~~~~~~~~~~~~~~~~~~~~~~~~~~~~~~~~~~~~~~~~~~~~~~~~~~~~~~~~~~~~~~~~~
/mnt/data/qrx_0936_work/qrx-core/src/qrx.c: In function 'hex_to_bytes':
/mnt/data/qrx_0936_work/qrx-core/src/qrx.c:498:5: warning: this 'if' clause does not guard... [-Wmisleading-indentation]
  498 |     if (out_len) *out_len = m; return 0;
      |     ^~
/mnt/data/qrx_0936_work/qrx-core/src/qrx.c:498:32: note: ...this statement, but the latter is misleadingly indented as if it were guarded by the 'if'
  498 |     if (out_len) *out_len = m; return 0;
      |                                ^~~~~~
/mnt/data/qrx_0936_work/qrx-core/src/qrx.c: In function 'strip_drive_pq_recovery_extension':
/mnt/data/qrx_0936_work/qrx-core/src/qrx.c:744:5: warning: this 'if' clause does not guard... [-Wmisleading-indentation]
  744 |     if(!rf)return NULL; size_t cap=strlen(rf)+64,len=0; char*out=calloc(1,cap); if(!out)return NULL;
      |     ^~
/mnt/data/qrx_0936_work/qrx-core/src/qrx.c:744:25: note: ...this statement, but the latter is misleadingly indented as if it were guarded by the 'if'
  744 |     if(!rf)return NULL; size_t cap=strlen(rf)+64,len=0; char*out=calloc(1,cap); if(!out)return NULL;
      |                         ^~~~~~
/mnt/data/qrx_0936_work/qrx-core/src/qrx.c: In function 'restore_recovery_drive_pq_extension':
/mnt/data/qrx_0936_work/qrx-core/src/qrx.c:762:104: warning: unused parameter 'new_passphrase' [-Wunused-parameter]
  762 | static int restore_recovery_drive_pq_extension(const char *dir,const char *rf,EVP_PKEY *ed,const char *new_passphrase){
      |                                                                                            ~~~~~~~~~~~~^~~~~~~~~~~~~~
/mnt/data/qrx_0936_work/qrx-core/src/qrx.c: In function 'strip_address_recovery_extension':
/mnt/data/qrx_0936_work/qrx-core/src/qrx.c:874:9: warning: this 'if' clause does not guard... [-Wmisleading-indentation]
  874 |         if(!e) break; p=e+1;
      |         ^~
/mnt/data/qrx_0936_work/qrx-core/src/qrx.c:874:23: note: ...this statement, but the latter is misleadingly indented as if it were guarded by the 'if'
  874 |         if(!e) break; p=e+1;
      |                       ^
/mnt/data/qrx_0936_work/qrx-core/src/qrx.c: In function 'restore_recovery_address_extension':
/mnt/data/qrx_0936_work/qrx-core/src/qrx.c:955:9: warning: this 'for' clause does not guard... [-Wmisleading-indentation]
  955 |         for(int j=0;j<4;j++)free(vals[j]);free(addr);
      |         ^~~
/mnt/data/qrx_0936_work/qrx-core/src/qrx.c:955:43: note: ...this statement, but the latter is misleadingly indented as if it were guarded by the 'for'
  955 |         for(int j=0;j<4;j++)free(vals[j]);free(addr);
      |                                           ^~~~
[  1%] Building C object CMakeFiles/qrxcore.dir/src/chain_params.c.o
/mnt/data/qrx_0936_work/qrx-core/src/qrx.c: In function 'mempool_prune_cmd':
/mnt/data/qrx_0936_work/qrx-core/src/qrx.c:1971:5: warning: this 'if' clause does not guard... [-Wmisleading-indentation]
 1971 |     if(max_txs<1)max_txs=MEMPOOL_MAX_TXS; QrxVelocityMempool pool; QrxVelocityPlan plan; int removed=0;
      |     ^~
/mnt/data/qrx_0936_work/qrx-core/src/qrx.c:1971:43: note: ...this statement, but the latter is misleadingly indented as if it were guarded by the 'if'
 1971 |     if(max_txs<1)max_txs=MEMPOOL_MAX_TXS; QrxVelocityMempool pool; QrxVelocityPlan plan; int removed=0;
      |                                           ^~~~~~~~~~~~~~~~~~
/mnt/data/qrx_0936_work/qrx-core/src/qrx.c: In function 'agent_apply_tx':
/mnt/data/qrx_0936_work/qrx-core/src/qrx.c:2608:9: warning: this 'if' clause does not guard... [-Wmisleading-indentation]
 2608 |         if (ed) free(ed); if (ml) free(ml); free(perm); free(max_trade); free(daily); free(markets); free(exp);
      |         ^~
/mnt/data/qrx_0936_work/qrx-core/src/qrx.c:2608:27: note: ...this statement, but the latter is misleadingly indented as if it were guarded by the 'if'
 2608 |         if (ed) free(ed); if (ml) free(ml); free(perm); free(max_trade); free(daily); free(markets); free(exp);
      |                           ^~
/mnt/data/qrx_0936_work/qrx-core/src/qrx.c: In function 'asset_id_valid':
/mnt/data/qrx_0936_work/qrx-core/src/qrx.c:2823:5: warning: this 'if' clause does not guard... [-Wmisleading-indentation]
 2823 |     if (!asset) return 0; size_t n = strlen(asset); if (n < 2 || n > 24) return 0;
      |     ^~
/mnt/data/qrx_0936_work/qrx-core/src/qrx.c:2823:27: note: ...this statement, but the latter is misleadingly indented as if it were guarded by the 'if'
 2823 |     if (!asset) return 0; size_t n = strlen(asset); if (n < 2 || n > 24) return 0;
      |                           ^~~~~~
/mnt/data/qrx_0936_work/qrx-core/src/qrx.c: In function 'asset_register_cmd':
/mnt/data/qrx_0936_work/qrx-core/src/qrx.c:2849:5: warning: this 'if' clause does not guard... [-Wmisleading-indentation]
 2849 |     if(!strcmp(a,"QUB")) die("QUB is built in"); validate_simple_payload_value(name,"asset name");
      |     ^~
/mnt/data/qrx_0936_work/qrx-core/src/qrx.c:2849:50: note: ...this statement, but the latter is misleadingly indented as if it were guarded by the 'if'
 2849 |     if(!strcmp(a,"QUB")) die("QUB is built in"); validate_simple_payload_value(name,"asset name");
      |                                                  ^~~~~~~~~~~~~~~~~~~~~~~~~~~~~
/mnt/data/qrx_0936_work/qrx-core/src/qrx.c: In function 'asset_balance_set':
/mnt/data/qrx_0936_work/qrx-core/src/qrx.c:2874:5: warning: this 'if' clause does not guard... [-Wmisleading-indentation]
 2874 |     if(value<0) return -1; char a[32]; asset_id_normalize(asset,a,sizeof(a));
      |     ^~
/mnt/data/qrx_0936_work/qrx-core/src/qrx.c:2874:28: note: ...this statement, but the latter is misleadingly indented as if it were guarded by the 'if'
 2874 |     if(value<0) return -1; char a[32]; asset_id_normalize(asset,a,sizeof(a));
      |                            ^~~~
/mnt/data/qrx_0936_work/qrx-core/src/qrx.c: In function 'asset_credit_cmd':
/mnt/data/qrx_0936_work/qrx-core/src/qrx.c:2891:5: warning: this 'if' clause does not guard... [-Wmisleading-indentation]
 2891 |     if(asset_balance_adjust(chain_dir,a,address,amount))die("asset credit failed"); printf("%lld\n",asset_balance_get(chain_dir,a,address)); return 0;
      |     ^~
/mnt/data/qrx_0936_work/qrx-core/src/qrx.c:2891:85: note: ...this statement, but the latter is misleadingly indented as if it were guarded by the 'if'
 2891 |     if(asset_balance_adjust(chain_dir,a,address,amount))die("asset credit failed"); printf("%lld\n",asset_balance_get(chain_dir,a,address)); return 0;
      |                                                                                     ^~~~~~
/mnt/data/qrx_0936_work/qrx-core/src/qrx.c: In function 'asset_balance_cmd':
/mnt/data/qrx_0936_work/qrx-core/src/qrx.c:2895:5: warning: this 'if' clause does not guard... [-Wmisleading-indentation]
 2895 |     if(!asset_exists(chain_dir,asset))die("asset is not registered"); printf("%lld\n",asset_balance_get(chain_dir,asset,address)); return 0;
      |     ^~
/mnt/data/qrx_0936_work/qrx-core/src/qrx.c:2895:71: note: ...this statement, but the latter is misleadingly indented as if it were guarded by the 'if'
 2895 |     if(!asset_exists(chain_dir,asset))die("asset is not registered"); printf("%lld\n",asset_balance_get(chain_dir,asset,address)); return 0;
      |                                                                       ^~~~~~
/mnt/data/qrx_0936_work/qrx-core/src/qrx.c: In function 'parse_native_market':
/mnt/data/qrx_0936_work/qrx-core/src/qrx.c:2910:5: warning: this 'if' clause does not guard... [-Wmisleading-indentation]
 2910 |     if(!market||!*market)return -1;const char *slash=strchr(market,'/');if(!slash||strchr(slash+1,'/'))return -1;size_t bl=(size_t)(slash-market),ql=strlen(slash+1);if(!bl||!ql||bl>=bsz||ql>=qsz)return -1;
      |     ^~
/mnt/data/qrx_0936_work/qrx-core/src/qrx.c:2910:36: note: ...this statement, but the latter is misleadingly indented as if it were guarded by the 'if'
 2910 |     if(!market||!*market)return -1;const char *slash=strchr(market,'/');if(!slash||strchr(slash+1,'/'))return -1;size_t bl=(size_t)(slash-market),ql=strlen(slash+1);if(!bl||!ql||bl>=bsz||ql>=qsz)return -1;
      |                                    ^~~~~
/mnt/data/qrx_0936_work/qrx-core/src/qrx.c:2912:5: warning: this 'if' clause does not guard... [-Wmisleading-indentation]
 2912 |     if(!asset_id_valid(base)||!asset_id_valid(quote)||!strcmp(base,quote))return -1;if(!asset_exists(chain_dir,base)||!asset_exists(chain_dir,quote))return -2;return 0;
      |     ^~
[  2%] Building C object CMakeFiles/qrxcore.dir/src/qrxdb.c.o
/mnt/data/qrx_0936_work/qrx-core/src/qrx.c:2912:85: note: ...this statement, but the latter is misleadingly indented as if it were guarded by the 'if'
 2912 |     if(!asset_id_valid(base)||!asset_id_valid(quote)||!strcmp(base,quote))return -1;if(!asset_exists(chain_dir,base)||!asset_exists(chain_dir,quote))return -2;return 0;
      |                                                                                     ^~
/mnt/data/qrx_0936_work/qrx-core/src/qrx.c: In function 'mul_div_floor_nonneg':
/mnt/data/qrx_0936_work/qrx-core/src/qrx.c:2917:5: warning: this 'if' clause does not guard... [-Wmisleading-indentation]
 2917 |     if(a<0||b<0||d<=0||!out)return -1; unsigned long long q=0,rem=0,ub=(unsigned long long)b,ud=(unsigned long long)d,base_q=ub/ud,base_r=ub%ud,ua=(unsigned long long)a;
      |     ^~
/mnt/data/qrx_0936_work/qrx-core/src/qrx.c:2917:40: note: ...this statement, but the latter is misleadingly indented as if it were guarded by the 'if'
 2917 |     if(a<0||b<0||d<=0||!out)return -1; unsigned long long q=0,rem=0,ub=(unsigned long long)b,ud=(unsigned long long)d,base_q=ub/ud,base_r=ub%ud,ua=(unsigned long long)a;
      |                                        ^~~~~~~~
/mnt/data/qrx_0936_work/qrx-core/src/qrx.c:2919:9: warning: this 'if' clause does not guard... [-Wmisleading-indentation]
 2919 |         if(q>(unsigned long long)LLONG_MAX/2ULL)return -1;q*=2ULL;rem*=2ULL;if(rem>=ud){rem-=ud;if(q>=(unsigned long long)LLONG_MAX)return -1;q++;}
      |         ^~
/mnt/data/qrx_0936_work/qrx-core/src/qrx.c:2919:59: note: ...this statement, but the latter is misleadingly indented as if it were guarded by the 'if'
 2919 |         if(q>(unsigned long long)LLONG_MAX/2ULL)return -1;q*=2ULL;rem*=2ULL;if(rem>=ud){rem-=ud;if(q>=(unsigned long long)LLONG_MAX)return -1;q++;}
      |                                                           ^
/mnt/data/qrx_0936_work/qrx-core/src/qrx.c: In function 'agent_usage_current':
/mnt/data/qrx_0936_work/qrx-core/src/qrx.c:2941:5: warning: this 'if' clause does not guard... [-Wmisleading-indentation]
 2941 |     if (bucket_out) *bucket_out = bucket; if (epoch_blocks_out) *epoch_blocks_out = epoch_blocks; return kv_get_ll_bin(path, key);
      |     ^~
/mnt/data/qrx_0936_work/qrx-core/src/qrx.c:2941:43: note: ...this statement, but the latter is misleadingly indented as if it were guarded by the 'if'
 2941 |     if (bucket_out) *bucket_out = bucket; if (epoch_blocks_out) *epoch_blocks_out = epoch_blocks; return kv_get_ll_bin(path, key);
      |                                           ^~
/mnt/data/qrx_0936_work/qrx-core/src/qrx.c: In function 'agent_usage_add':
/mnt/data/qrx_0936_work/qrx-core/src/qrx.c:2945:5: warning: this 'if' clause does not guard... [-Wmisleading-indentation]
 2945 |     if (quantity_atoms <= 0) return 0; long long bucket = 0; long long cur = agent_usage_current(chain_dir, agent, &bucket, NULL), next = 0;
      |     ^~
/mnt/data/qrx_0936_work/qrx-core/src/qrx.c:2945:40: note: ...this statement, but the latter is misleadingly indented as if it were guarded by the 'if'
 2945 |     if (quantity_atoms <= 0) return 0; long long bucket = 0; long long cur = agent_usage_current(chain_dir, agent, &bucket, NULL), next = 0;
      |                                        ^~~~
/mnt/data/qrx_0936_work/qrx-core/src/qrx.c: In function 'agent_assert_trade_authorized':
/mnt/data/qrx_0936_work/qrx-core/src/qrx.c:2964:5: warning: this 'if' clause does not guard... [-Wmisleading-indentation]
 2964 |     if (!stored_owner || !*stored_owner) die("trading agent is not registered"); if (!owner || strcmp(owner, stored_owner) != 0) die("trading agent owner mismatch");
      |     ^~
/mnt/data/qrx_0936_work/qrx-core/src/qrx.c:2964:82: note: ...this statement, but the latter is misleadingly indented as if it were guarded by the 'if'
 2964 |     if (!stored_owner || !*stored_owner) die("trading agent is not registered"); if (!owner || strcmp(owner, stored_owner) != 0) die("trading agent owner mismatch");
      |                                                                                  ^~
/mnt/data/qrx_0936_work/qrx-core/src/qrx.c:2965:5: warning: this 'if' clause does not guard... [-Wmisleading-indentation]
 2965 |     if (!status || strcmp(status, "active") != 0) die("trading agent is not active"); long long expires = parse_positive_ll_strict(expires_s, "agent expires_height"); if (current_height_from_chain(chain_dir) >= expires) die("trading agent authorization expired");
      |     ^~
/mnt/data/qrx_0936_work/qrx-core/src/qrx.c:2965:87: note: ...this statement, but the latter is misleadingly indented as if it were guarded by the 'if'
 2965 |     if (!status || strcmp(status, "active") != 0) die("trading agent is not active"); long long expires = parse_positive_ll_strict(expires_s, "agent expires_height"); if (current_height_from_chain(chain_dir) >= expires) die("trading agent authorization expired");
      |                                                                                       ^~~~
/mnt/data/qrx_0936_work/qrx-core/src/qrx.c:2969:5: warning: this 'if' clause does not guard... [-Wmisleading-indentation]
 2969 |     if (!stored_ed || !tx_ed_pub_hex || strcmp(stored_ed, tx_ed_pub_hex) != 0) die("agent ed25519 key differs from owner-authorized key"); if (!stored_ml || !tx_ml_pub_b64 || strcmp(stored_ml, tx_ml_pub_b64) != 0) die("agent ML-DSA key differs from owner-authorized key");
      |     ^~
/mnt/data/qrx_0936_work/qrx-core/src/qrx.c:2969:140: note: ...this statement, but the latter is misleadingly indented as if it were guarded by the 'if'
 2969 |     if (!stored_ed || !tx_ed_pub_hex || strcmp(stored_ed, tx_ed_pub_hex) != 0) die("agent ed25519 key differs from owner-authorized key"); if (!stored_ml || !tx_ml_pub_b64 || strcmp(stored_ml, tx_ml_pub_b64) != 0) die("agent ML-DSA key differs from owner-authorized key");
      |                                                                                                                                            ^~
/mnt/data/qrx_0936_work/qrx-core/src/qrx.c: In function 'validate_trade_fields_common':
/mnt/data/qrx_0936_work/qrx-core/src/qrx.c:2985:9: warning: this 'if' clause does not guard... [-Wmisleading-indentation]
 2985 |         if(!market||!side||!otype||!qty_s||!price_s||!order_exp_s)die("trading payload missing order fields");validate_simple_payload_value(market,"market");validate_simple_payload_value(side,"side");validate_simple_payload_value(otype,"order_type");if(strcasecmp(side,"BUY")&&strcasecmp(side,"SELL"))die("side must be BUY or SELL");if(strcasecmp(otype,"LIMIT")&&strcasecmp(otype,"MARKET"))die("order_type must be LIMIT or MARKET");
      |         ^~
/mnt/data/qrx_0936_work/qrx-core/src/qrx.c:2985:111: note: ...this statement, but the latter is misleadingly indented as if it were guarded by the 'if'
 2985 |         if(!market||!side||!otype||!qty_s||!price_s||!order_exp_s)die("trading payload missing order fields");validate_simple_payload_value(market,"market");validate_simple_payload_value(side,"side");validate_simple_payload_value(otype,"order_type");if(strcasecmp(side,"BUY")&&strcasecmp(side,"SELL"))die("side must be BUY or SELL");if(strcasecmp(otype,"LIMIT")&&strcasecmp(otype,"MARKET"))die("order_type must be LIMIT or MARKET");
      |                                                                                                               ^~~~~~~~~~~~~~~~~~~~~~~~~~~~~
/mnt/data/qrx_0936_work/qrx-core/src/qrx.c: In function 'order_write_from_payload':
/mnt/data/qrx_0936_work/qrx-core/src/qrx.c:3002:5: warning: this 'if' clause does not guard... [-Wmisleading-indentation]
 3002 |     if(order_db_set_field(chain_dir,order_id,"owner",owner)||order_db_set_field(chain_dir,order_id,"agent",agent)||order_db_set_field(chain_dir,order_id,"kind",kind)||order_db_set_field(chain_dir,order_id,"status",status)||order_db_set_field(chain_dir,order_id,"created_height",hbuf)||order_db_set_field(chain_dir,order_id,"updated_height",hbuf)||order_db_set_field(chain_dir,order_id,"last_tx",body_hash?body_hash:order_id))return -1;if(replaces&&*replaces&&order_db_set_field(chain_dir,order_id,"replaces",replaces))return -1;
      |     ^~
/mnt/data/qrx_0936_work/qrx-core/src/qrx.c:3002:436: note: ...this statement, but the latter is misleadingly indented as if it were guarded by the 'if'
 3002 |     if(order_db_set_field(chain_dir,order_id,"owner",owner)||order_db_set_field(chain_dir,order_id,"agent",agent)||order_db_set_field(chain_dir,order_id,"kind",kind)||order_db_set_field(chain_dir,order_id,"status",status)||order_db_set_field(chain_dir,order_id,"created_height",hbuf)||order_db_set_field(chain_dir,order_id,"updated_height",hbuf)||order_db_set_field(chain_dir,order_id,"last_tx",body_hash?body_hash:order_id))return -1;if(replaces&&*replaces&&order_db_set_field(chain_dir,order_id,"replaces",replaces))return -1;
      |                                                                                                                                                                                                                                                                                                                                                                                                                                                    ^~
/mnt/data/qrx_0936_work/qrx-core/src/qrx.c: In function 'collect_match_candidates':
/mnt/data/qrx_0936_work/qrx-core/src/qrx.c:3196:21: warning: this 'if' clause does not guard... [-Wmisleading-indentation]
 3196 |                     if(kind)free(kind);if(status)free(status);if(omarket)free(omarket);if(side)free(side);if(sv)free(sv);
      |                     ^~
/mnt/data/qrx_0936_work/qrx-core/src/qrx.c:3196:40: note: ...this statement, but the latter is misleadingly indented as if it were guarded by the 'if'
 3196 |                     if(kind)free(kind);if(status)free(status);if(omarket)free(omarket);if(side)free(side);if(sv)free(sv);
      |                                        ^~
/mnt/data/qrx_0936_work/qrx-core/src/qrx.c: In function 'trade_apply_tx':
/mnt/data/qrx_0936_work/qrx-core/src/qrx.c:3215:5: warning: this 'if' clause does not guard... [-Wmisleading-indentation]
 3215 |     if(!body_hash||!*body_hash)return -1;long long h=current_height_from_chain(chain_dir);
      |     ^~
/mnt/data/qrx_0936_work/qrx-core/src/qrx.c:3215:42: note: ...this statement, but the latter is misleadingly indented as if it were guarded by the 'if'
 3215 |     if(!body_hash||!*body_hash)return -1;long long h=current_height_from_chain(chain_dir);
      |                                          ^~~~
/mnt/data/qrx_0936_work/qrx-core/src/qrx.c: In function 'order_status_cmd':
/mnt/data/qrx_0936_work/qrx-core/src/qrx.c:3223:5: warning: this 'if' clause does not guard... [-Wmisleading-indentation]
 3223 |     if(!order_id||!*order_id)die("missing order id");const char *fields[]={"owner","agent","kind","venue","market","side","order_type","quantity_atoms","filled_atoms","remaining_atoms","limit_price_atoms","status","created_height","updated_height","order_expires_height","client_order_id","time_in_force","arbitrage_id","source_order_id","replaces","replacement_order_id","settlement_version","locked_asset","locked_atoms","external_filled_atoms","external_avg_price_atoms","external_venue_fee_atoms","venue_order_id","execution_gateway","execution_report_sequence","last_execution_report","last_trade_id","crosschain_session_id","hashlock_hex","btc_redeem_pubkey_hex","btc_refund_pubkey_hex","btc_refund_csv_blocks","qrx_refund_height","last_tx",NULL};int found=0;printf("order_id=%s\n",order_id);for(int i=0;fields[i];++i){char *v=order_db_get_field(chain_dir,order_id,fields[i]);if(v){printf("%s=%s\n",fields[i],v);found=1;free(v);}}if(!found)die("order not found");return 0;
      |     ^~
/mnt/data/qrx_0936_work/qrx-core/src/qrxdb.c: In function 'scan_valid_tail':
/mnt/data/qrx_0936_work/qrx-core/src/qrxdb.c:385:5: warning: this 'if' clause does not guard... [-Wmisleading-indentation]
  385 |     if(last_good) *last_good = off; if(last_gen) *last_gen = gen; return 0;
      |     ^~
/mnt/data/qrx_0936_work/qrx-core/src/qrx.c:3223:54: note: ...this statement, but the latter is misleadingly indented as if it were guarded by the 'if'
 3223 |     if(!order_id||!*order_id)die("missing order id");const char *fields[]={"owner","agent","kind","venue","market","side","order_type","quantity_atoms","filled_atoms","remaining_atoms","limit_price_atoms","status","created_height","updated_height","order_expires_height","client_order_id","time_in_force","arbitrage_id","source_order_id","replaces","replacement_order_id","settlement_version","locked_asset","locked_atoms","external_filled_atoms","external_avg_price_atoms","external_venue_fee_atoms","venue_order_id","execution_gateway","execution_report_sequence","last_execution_report","last_trade_id","crosschain_session_id","hashlock_hex","btc_redeem_pubkey_hex","btc_refund_pubkey_hex","btc_refund_csv_blocks","qrx_refund_height","last_tx",NULL};int found=0;printf("order_id=%s\n",order_id);for(int i=0;fields[i];++i){char *v=order_db_get_field(chain_dir,order_id,fields[i]);if(v){printf("%s=%s\n",fields[i],v);found=1;free(v);}}if(!found)die("order not found");return 0;
      |                                                      ^~~~~
/mnt/data/qrx_0936_work/qrx-core/src/qrxdb.c:385:37: note: ...this statement, but the latter is misleadingly indented as if it were guarded by the 'if'
  385 |     if(last_good) *last_good = off; if(last_gen) *last_gen = gen; return 0;
      |                                     ^~
/mnt/data/qrx_0936_work/qrx-core/src/qrxdb.c: In function 'wal_txn_add_put':
/mnt/data/qrx_0936_work/qrx-core/src/qrxdb.c:456:5: warning: this 'if' clause does not guard... [-Wmisleading-indentation]
  456 |     if(vlen) memcpy(p->value,value,vlen); p->value[vlen]=0;
      |     ^~
/mnt/data/qrx_0936_work/qrx-core/src/qrxdb.c:456:43: note: ...this statement, but the latter is misleadingly indented as if it were guarded by the 'if'
  456 |     if(vlen) memcpy(p->value,value,vlen); p->value[vlen]=0;
      |                                           ^
/mnt/data/qrx_0936_work/qrx-core/src/qrx.c: In function 'list_trades_cmd':
/mnt/data/qrx_0936_work/qrx-core/src/qrx.c:3248:25: warning: this 'if' clause does not guard... [-Wmisleading-indentation]
 3248 |                         if(q)free(q);if(p)free(p);if(qa)free(qa);if(sq)free(sq);if(maker)free(maker);if(taker)free(taker);if(buyer)free(buyer);if(seller)free(seller);shown++;
      |                         ^~
/mnt/data/qrx_0936_work/qrx-core/src/qrxdb.c: In function 'qrxdb_get_view_at':
/mnt/data/qrx_0936_work/qrx-core/src/qrxdb.c:706:5: warning: this 'if' clause does not guard... [-Wmisleading-indentation]
  706 |     if(!db || !db->map || !key || !view) return -1; memset(view,0,sizeof(*view)); uint32_t target=(uint32_t)strlen(key);
      |     ^~
/mnt/data/qrx_0936_work/qrx-core/src/qrxdb.c:706:53: note: ...this statement, but the latter is misleadingly indented as if it were guarded by the 'if'
  706 |     if(!db || !db->map || !key || !view) return -1; memset(view,0,sizeof(*view)); uint32_t target=(uint32_t)strlen(key);
      |                                                     ^~~~~~
/mnt/data/qrx_0936_work/qrx-core/src/qrx.c:3248:38: note: ...this statement, but the latter is misleadingly indented as if it were guarded by the 'if'
 3248 |                         if(q)free(q);if(p)free(p);if(qa)free(qa);if(sq)free(sq);if(maker)free(maker);if(taker)free(taker);if(buyer)free(buyer);if(seller)free(seller);shown++;
      |                                      ^~
/mnt/data/qrx_0936_work/qrx-core/src/qrxdb.c: In function 'qrxdb_scan_prefix':
/mnt/data/qrx_0936_work/qrx-core/src/qrxdb.c:727:9: warning: this 'if' clause does not guard... [-Wmisleading-indentation]
  727 |         if(hdr.value_len) memcpy(vs,v,hdr.value_len); vs[hdr.value_len]=0;
      |         ^~
/mnt/data/qrx_0936_work/qrx-core/src/qrxdb.c:727:55: note: ...this statement, but the latter is misleadingly indented as if it were guarded by the 'if'
  727 |         if(hdr.value_len) memcpy(vs,v,hdr.value_len); vs[hdr.value_len]=0;
      |                                                       ^~
/mnt/data/qrx_0936_work/qrx-core/src/qrxdb.c: In function 'qrxdb_snapshot':
/mnt/data/qrx_0936_work/qrx-core/src/qrxdb.c:795:5: warning: this 'if' clause does not guard... [-Wmisleading-indentation]
  795 |     if(!db || !snapshot_name) return -1; if(qrxdb_sync(db)!=0) return -1;
      |     ^~
/mnt/data/qrx_0936_work/qrx-core/src/qrxdb.c:795:42: note: ...this statement, but the latter is misleadingly indented as if it were guarded by the 'if'
  795 |     if(!db || !snapshot_name) return -1; if(qrxdb_sync(db)!=0) return -1;
      |                                          ^~
/mnt/data/qrx_0936_work/qrx-core/src/qrxdb.c: In function 'qrxdb_snapshot_verify_signature':
/mnt/data/qrx_0936_work/qrx-core/src/qrxdb.c:873:5: warning: this 'if' clause does not guard... [-Wmisleading-indentation]
  873 |     if(qrxdb_sha3_512_file(snapf,snap_hash)!=0) goto done; qrxdb_hex64(snap_hash,snap_hash_hex); if(strcmp(snap_hash_hex,snapshot_hash_meta)!=0) goto done;
      |     ^~
/mnt/data/qrx_0936_work/qrx-core/src/qrxdb.c:873:60: note: ...this statement, but the latter is misleadingly indented as if it were guarded by the 'if'
  873 |     if(qrxdb_sha3_512_file(snapf,snap_hash)!=0) goto done; qrxdb_hex64(snap_hash,snap_hash_hex); if(strcmp(snap_hash_hex,snapshot_hash_meta)!=0) goto done;
      |                                                            ^~~~~~~~~~~
/mnt/data/qrx_0936_work/qrx-core/src/qrxdb.c:876:5: warning: this 'if' clause does not guard... [-Wmisleading-indentation]
  876 |     if(ed)EVP_PKEY_free(ed); if(ml)EVP_PKEY_free(ml); free(edsigb); free(mlsigb);
      |     ^~
/mnt/data/qrx_0936_work/qrx-core/src/qrx.c: In function 'gateway_db_set_field':
/mnt/data/qrx_0936_work/qrx-core/src/qrxdb.c:876:30: note: ...this statement, but the latter is misleadingly indented as if it were guarded by the 'if'
  876 |     if(ed)EVP_PKEY_free(ed); if(ml)EVP_PKEY_free(ml); free(edsigb); free(mlsigb);
      |                              ^~
/mnt/data/qrx_0936_work/qrx-core/src/qrx.c:3277:5: warning: this 'if' clause does not guard... [-Wmisleading-indentation]
 3277 |     if(velocity_qrxdb_put(chain_dir,qkey,value?value:""))return -1;gateway_registry_path(chain_dir,path,sizeof(path));if(gateway_make_key(key,sizeof(key),gateway,field))return -1;return text_db_set(path,key,value?value:"");
      |     ^~
/mnt/data/qrx_0936_work/qrx-core/src/qrx.c:3277:68: note: ...this statement, but the latter is misleadingly indented as if it were guarded by the 'if'
 3277 |     if(velocity_qrxdb_put(chain_dir,qkey,value?value:""))return -1;gateway_registry_path(chain_dir,path,sizeof(path));if(gateway_make_key(key,sizeof(key),gateway,field))return -1;return text_db_set(path,key,value?value:"");
      |                                                                    ^~~~~~~~~~~~~~~~~~~~~
/mnt/data/qrx_0936_work/qrx-core/src/qrx.c: In function 'gateway_apply_tx':
/mnt/data/qrx_0936_work/qrx-core/src/qrx.c:3308:5: warning: this 'if' clause does not guard... [-Wmisleading-indentation]
 3308 |     if(qrxdb_init(&db,chain_dir)!=0)return -1;if(qrxdb_batch_begin(&db,&b)!=0){qrxdb_close(&db);return -1;}
      |     ^~
/mnt/data/qrx_0936_work/qrx-core/src/qrx.c:3308:47: note: ...this statement, but the latter is misleadingly indented as if it were guarded by the 'if'
 3308 |     if(qrxdb_init(&db,chain_dir)!=0)return -1;if(qrxdb_batch_begin(&db,&b)!=0){qrxdb_close(&db);return -1;}
      |                                               ^~
/mnt/data/qrx_0936_work/qrx-core/src/qrx.c: In function 'validate_execution_report_tx':
/mnt/data/qrx_0936_work/qrx-core/src/qrx.c:3344:5: warning: this 'if' clause does not guard... [-Wmisleading-indentation]
 3344 |     if(!kind||strcmp(kind,"external"))die("execution report target is not an external order");if(!order_owner||strcmp(order_owner,owner))die("execution report owner mismatch");if(!order_venue||!gw_venue||strcasecmp(order_venue,gw_venue))die("gateway venue does not match external order venue");
      |     ^~
/mnt/data/qrx_0936_work/qrx-core/src/qrx.c:3344:95: note: ...this statement, but the latter is misleadingly indented as if it were guarded by the 'if'
 3344 |     if(!kind||strcmp(kind,"external"))die("execution report target is not an external order");if(!order_owner||strcmp(order_owner,owner))die("execution report owner mismatch");if(!order_venue||!gw_venue||strcasecmp(order_venue,gw_venue))die("gateway venue does not match external order venue");
      |                                                                                               ^~
/mnt/data/qrx_0936_work/qrx-core/src/qrx.c:3348:5: warning: this 'if' clause does not guard... [-Wmisleading-indentation]
 3348 |     if(seq!=prev_seq+1)die("execution report sequence mismatch");if(filled<prev_filled||filled>qty)die("invalid cumulative external fill quantity");if(filled>0&&price<=0)die("filled execution report requires avg_price_atoms > 0");
      |     ^~
/mnt/data/qrx_0936_work/qrx-core/src/qrx.c:3348:66: note: ...this statement, but the latter is misleadingly indented as if it were guarded by the 'if'
 3348 |     if(seq!=prev_seq+1)die("execution report sequence mismatch");if(filled<prev_filled||filled>qty)die("invalid cumulative external fill quantity");if(filled>0&&price<=0)die("filled execution report requires avg_price_atoms > 0");
      |                                                                  ^~
/mnt/data/qrx_0936_work/qrx-core/src/qrxdb.c: In function 'qrxdb_snapshot':
/mnt/data/qrx_0936_work/qrx-core/src/qrxdb.c:796:69: warning: '.qsnap' directive output may be truncated writing 6 bytes into a region of size between 0 and 1023 [-Wformat-truncation=]
  796 |     char dstf[1024], metaf[1024]; snprintf(dstf,sizeof(dstf),"%s%s%s.qsnap",db->snapshot_path,SEP,snapshot_name); snprintf(metaf,sizeof(metaf),"%s%s%s.meta",db->snapshot_path,SEP,snapshot_name);
      |                                                                     ^~~~~~
/mnt/data/qrx_0936_work/qrx-core/src/qrxdb.c:796:35: note: 'snprintf' output 8 or more bytes (assuming 1031) into a destination of size 1024
  796 |     char dstf[1024], metaf[1024]; snprintf(dstf,sizeof(dstf),"%s%s%s.qsnap",db->snapshot_path,SEP,snapshot_name); snprintf(metaf,sizeof(metaf),"%s%s%s.meta",db->snapshot_path,SEP,snapshot_name);
      |                                   ^~~~~~~~~~~~~~~~~~~~~~~~~~~~~~~~~~~~~~~~~~~~~~~~~~~~~~~~~~~~~~~~~~~~~~~~~~~~~~
/mnt/data/qrx_0936_work/qrx-core/src/qrxdb.c:796:151: warning: '.meta' directive output may be truncated writing 5 bytes into a region of size between 0 and 1023 [-Wformat-truncation=]
  796 |     char dstf[1024], metaf[1024]; snprintf(dstf,sizeof(dstf),"%s%s%s.qsnap",db->snapshot_path,SEP,snapshot_name); snprintf(metaf,sizeof(metaf),"%s%s%s.meta",db->snapshot_path,SEP,snapshot_name);
      |                                                                                                                                                       ^~~~~
/mnt/data/qrx_0936_work/qrx-core/src/qrxdb.c:796:115: note: 'snprintf' output 7 or more bytes (assuming 1030) into a destination of size 1024
  796 |     char dstf[1024], metaf[1024]; snprintf(dstf,sizeof(dstf),"%s%s%s.qsnap",db->snapshot_path,SEP,snapshot_name); snprintf(metaf,sizeof(metaf),"%s%s%s.meta",db->snapshot_path,SEP,snapshot_name);
      |                                                                                                                   ^~~~~~~~~~~~~~~~~~~~~~~~~~~~~~~~~~~~~~~~~~~~~~~~~~~~~~~~~~~~~~~~~~~~~~~~~~~~~~~
/mnt/data/qrx_0936_work/qrx-core/src/qrxdb.c: In function 'qrxdb_snapshot_signed':
/mnt/data/qrx_0936_work/qrx-core/src/qrxdb.c:832:41: warning: '.meta' directive output may be truncated writing 5 bytes into a region of size between 0 and 1023 [-Wformat-truncation=]
  832 |     snprintf(metaf,sizeof(metaf),"%s%s%s.meta",db->snapshot_path,SEP,snapshot_name);
      |                                         ^~~~~
/mnt/data/qrx_0936_work/qrx-core/src/qrxdb.c:832:5: note: 'snprintf' output 7 or more bytes (assuming 1030) into a destination of size 1024
  832 |     snprintf(metaf,sizeof(metaf),"%s%s%s.meta",db->snapshot_path,SEP,snapshot_name);
      |     ^~~~~~~~~~~~~~~~~~~~~~~~~~~~~~~~~~~~~~~~~~~~~~~~~~~~~~~~~~~~~~~~~~~~~~~~~~~~~~~
/mnt/data/qrx_0936_work/qrx-core/src/qrx.c:3349:5: warning: this 'if' clause does not guard... [-Wmisleading-indentation]
 3349 |     if(!strcasecmp(status,"PARTIALLY_FILLED")&&(filled<=0||filled>=qty))die("PARTIALLY_FILLED requires 0 < filled < quantity");if(!strcasecmp(status,"FILLED")&&filled!=qty)die("FILLED requires filled_quantity_atoms == order quantity");
      |     ^~
/mnt/data/qrx_0936_work/qrx-core/src/qrxdb.c:833:39: warning: '.sig' directive output may be truncated writing 4 bytes into a region of size between 0 and 1023 [-Wformat-truncation=]
  833 |     snprintf(sigf,sizeof(sigf),"%s%s%s.sig",db->snapshot_path,SEP,snapshot_name);
      |                                       ^~~~
/mnt/data/qrx_0936_work/qrx-core/src/qrxdb.c:833:5: note: 'snprintf' output 6 or more bytes (assuming 1029) into a destination of size 1024
  833 |     snprintf(sigf,sizeof(sigf),"%s%s%s.sig",db->snapshot_path,SEP,snapshot_name);
      |     ^~~~~~~~~~~~~~~~~~~~~~~~~~~~~~~~~~~~~~~~~~~~~~~~~~~~~~~~~~~~~~~~~~~~~~~~~~~~
/mnt/data/qrx_0936_work/qrx-core/src/qrxdb.c: In function 'qrxdb_snapshot_verify_signature':
/mnt/data/qrx_0936_work/qrx-core/src/qrxdb.c:864:41: warning: '.meta' directive output may be truncated writing 5 bytes into a region of size between 0 and 1023 [-Wformat-truncation=]
  864 |     snprintf(metaf,sizeof(metaf),"%s%s%s.meta",db->snapshot_path,SEP,snapshot_name);
      |                                         ^~~~~
/mnt/data/qrx_0936_work/qrx-core/src/qrxdb.c:864:5: note: 'snprintf' output 7 or more bytes (assuming 1030) into a destination of size 1024
  864 |     snprintf(metaf,sizeof(metaf),"%s%s%s.meta",db->snapshot_path,SEP,snapshot_name);
      |     ^~~~~~~~~~~~~~~~~~~~~~~~~~~~~~~~~~~~~~~~~~~~~~~~~~~~~~~~~~~~~~~~~~~~~~~~~~~~~~~
/mnt/data/qrx_0936_work/qrx-core/src/qrx.c:3349:128: note: ...this statement, but the latter is misleadingly indented as if it were guarded by the 'if'
 3349 |     if(!strcasecmp(status,"PARTIALLY_FILLED")&&(filled<=0||filled>=qty))die("PARTIALLY_FILLED requires 0 < filled < quantity");if(!strcasecmp(status,"FILLED")&&filled!=qty)die("FILLED requires filled_quantity_atoms == order quantity");
      |                                                                                                                                ^~
/mnt/data/qrx_0936_work/qrx-core/src/qrxdb.c:865:39: warning: '.sig' directive output may be truncated writing 4 bytes into a region of size between 0 and 1023 [-Wformat-truncation=]
  865 |     snprintf(sigf,sizeof(sigf),"%s%s%s.sig",db->snapshot_path,SEP,snapshot_name);
      |                                       ^~~~
/mnt/data/qrx_0936_work/qrx-core/src/qrxdb.c:865:5: note: 'snprintf' output 6 or more bytes (assuming 1029) into a destination of size 1024
  865 |     snprintf(sigf,sizeof(sigf),"%s%s%s.sig",db->snapshot_path,SEP,snapshot_name);
      |     ^~~~~~~~~~~~~~~~~~~~~~~~~~~~~~~~~~~~~~~~~~~~~~~~~~~~~~~~~~~~~~~~~~~~~~~~~~~~
/mnt/data/qrx_0936_work/qrx-core/src/qrxdb.c:866:41: warning: '.qsnap' directive output may be truncated writing 6 bytes into a region of size between 0 and 1023 [-Wformat-truncation=]
  866 |     snprintf(snapf,sizeof(snapf),"%s%s%s.qsnap",db->snapshot_path,SEP,snapshot_name);
      |                                         ^~~~~~
/mnt/data/qrx_0936_work/qrx-core/src/qrxdb.c:866:5: note: 'snprintf' output 8 or more bytes (assuming 1031) into a destination of size 1024
  866 |     snprintf(snapf,sizeof(snapf),"%s%s%s.qsnap",db->snapshot_path,SEP,snapshot_name);
      |     ^~~~~~~~~~~~~~~~~~~~~~~~~~~~~~~~~~~~~~~~~~~~~~~~~~~~~~~~~~~~~~~~~~~~~~~~~~~~~~~~
/mnt/data/qrx_0936_work/qrx-core/src/qrxdb.c: In function 'qrxdb_compact':
/mnt/data/qrx_0936_work/qrx-core/src/qrxdb.c:886:49: warning: '.tmp' directive output may be truncated writing 4 bytes into a region of size between 1 and 1024 [-Wformat-truncation=]
  886 |     char tmp[1024]; snprintf(tmp,sizeof(tmp),"%s.tmp",db->data_path);
      |                                                 ^~~~
/mnt/data/qrx_0936_work/qrx-core/src/qrxdb.c:886:21: note: 'snprintf' output between 5 and 1028 bytes into a destination of size 1024
  886 |     char tmp[1024]; snprintf(tmp,sizeof(tmp),"%s.tmp",db->data_path);
      |                     ^~~~~~~~~~~~~~~~~~~~~~~~~~~~~~~~~~~~~~~~~~~~~~~~
In file included from /mnt/data/qrx_0936_work/qrx-core/src/qrx.c:3379:
/mnt/data/qrx_0936_work/qrx-core/src/velocity/qrx_crosschain.inc: In function 'crosschain_hex_exact':
/mnt/data/qrx_0936_work/qrx-core/src/velocity/qrx_crosschain.inc:24:5: warning: this 'if' clause does not guard... [-Wmisleading-indentation]
   24 |     if(!s) return 0; size_t n=strlen(s); if(n<min_len||n>max_len) return 0;
      |     ^~
/mnt/data/qrx_0936_work/qrx-core/src/velocity/qrx_crosschain.inc:24:22: note: ...this statement, but the latter is misleadingly indented as if it were guarded by the 'if'
   24 |     if(!s) return 0; size_t n=strlen(s); if(n<min_len||n>max_len) return 0;
      |                      ^~~~~~
/mnt/data/qrx_0936_work/qrx-core/src/velocity/qrx_crosschain.inc: In function 'crosschain_btc_htlc_script':
/mnt/data/qrx_0936_work/qrx-core/src/velocity/qrx_crosschain.inc:84:5: warning: this 'for' clause does not guard... [-Wmisleading-indentation]
   84 |     for(size_t i=0;i<off;i++) sprintf(script_hex+i*2,"%02x",script[i]); script_hex[off*2]=0;
      |     ^~~
/mnt/data/qrx_0936_work/qrx-core/src/velocity/qrx_crosschain.inc:84:73: note: ...this statement, but the latter is misleadingly indented as if it were guarded by the 'for'
   84 |     for(size_t i=0;i<off;i++) sprintf(script_hex+i*2,"%02x",script[i]); script_hex[off*2]=0;
      |                                                                         ^~~~~~~~~~
/mnt/data/qrx_0936_work/qrx-core/src/velocity/qrx_crosschain.inc: In function 'crosschain_p2wsh_address':
/mnt/data/qrx_0936_work/qrx-core/src/velocity/qrx_crosschain.inc:103:5: warning: this 'for' clause does not guard... [-Wmisleading-indentation]
  103 |     for(const char *p=hrp;*p;p++) vals[vn++]=(unsigned char)(*p>>5); vals[vn++]=0; for(const char *p=hrp;*p;p++) vals[vn++]=(unsigned char)(*p&31); for(size_t i=0;i<dlen;i++) vals[vn++]=data[i]; for(int i=0;i<6;i++)vals[vn++]=0;
      |     ^~~
/mnt/data/qrx_0936_work/qrx-core/src/velocity/qrx_crosschain.inc:103:70: note: ...this statement, but the latter is misleadingly indented as if it were guarded by the 'for'
  103 |     for(const char *p=hrp;*p;p++) vals[vn++]=(unsigned char)(*p>>5); vals[vn++]=0; for(const char *p=hrp;*p;p++) vals[vn++]=(unsigned char)(*p&31); for(size_t i=0;i<dlen;i++) vals[vn++]=data[i]; for(int i=0;i<6;i++)vals[vn++]=0;
      |                                                                      ^~~~
/mnt/data/qrx_0936_work/qrx-core/src/velocity/qrx_crosschain.inc: In function 'crosschain_funding_safety_qrx_blocks':
/mnt/data/qrx_0936_work/qrx-core/src/velocity/qrx_crosschain.inc:128:5: warning: this 'if' clause does not guard... [-Wmisleading-indentation]
  128 |     if(bt<=0)bt=10; if(confirmations<=0)confirmations=QRX_CROSSCHAIN_DEFAULT_BTC_CONFIRMATIONS;
      |     ^~
/mnt/data/qrx_0936_work/qrx-core/src/velocity/qrx_crosschain.inc:128:21: note: ...this statement, but the latter is misleadingly indented as if it were guarded by the 'if'
  128 |     if(bt<=0)bt=10; if(confirmations<=0)confirmations=QRX_CROSSCHAIN_DEFAULT_BTC_CONFIRMATIONS;
      |                     ^~
/mnt/data/qrx_0936_work/qrx-core/src/velocity/qrx_crosschain.inc: In function 'validate_crosschain_order_fields':
/mnt/data/qrx_0936_work/qrx-core/src/velocity/qrx_crosschain.inc:140:5: warning: this 'if' clause does not guard... [-Wmisleading-indentation]
  140 |     if(!crosschain_market_valid(market))die("Phase 3D supports canonical BTC/QUB cross-chain market only");if(strcasecmp(otype,"LIMIT"))die("cross-chain Phase 3D supports LIMIT orders only");if(strcasecmp(side,"BUY")&&strcasecmp(side,"SELL"))die("cross-chain side must be BUY or SELL");
      |     ^~
/mnt/data/qrx_0936_work/qrx-core/src/velocity/qrx_crosschain.inc:140:108: note: ...this statement, but the latter is misleadingly indented as if it were guarded by the 'if'
  140 |     if(!crosschain_market_valid(market))die("Phase 3D supports canonical BTC/QUB cross-chain market only");if(strcasecmp(otype,"LIMIT"))die("cross-chain Phase 3D supports LIMIT orders only");if(strcasecmp(side,"BUY")&&strcasecmp(side,"SELL"))die("cross-chain side must be BUY or SELL");
      |                                                                                                            ^~
/mnt/data/qrx_0936_work/qrx-core/src/velocity/qrx_crosschain.inc:142:5: warning: this 'if' clause does not guard... [-Wmisleading-indentation]
  142 |     if(oe<=h||oe>te)die("invalid cross-chain order expiry");agent_assert_trade_authorized(chain_dir,agent,owner,QRX_CROSSCHAIN_MARKET,"TRADE_CROSSCHAIN",qty,1,ed,ml);
      |     ^~
/mnt/data/qrx_0936_work/qrx-core/src/velocity/qrx_crosschain.inc:142:61: note: ...this statement, but the latter is misleadingly indented as if it were guarded by the 'if'
  142 |     if(oe<=h||oe>te)die("invalid cross-chain order expiry");agent_assert_trade_authorized(chain_dir,agent,owner,QRX_CROSSCHAIN_MARKET,"TRADE_CROSSCHAIN",qty,1,ed,ml);
      |                                                             ^~~~~~~~~~~~~~~~~~~~~~~~~~~~~
/mnt/data/qrx_0936_work/qrx-core/src/velocity/qrx_crosschain.inc:144:9: warning: this 'if' clause does not guard... [-Wmisleading-indentation]
  144 |         if(!crosschain_hashlock_valid(hash))die("BTC/QUB BUY requires a 32-byte SHA-256 hashlock");if(!crosschain_compressed_pubkey_valid(redeem))die("BTC/QUB BUY requires compressed btc_redeem_pubkey_hex");if(strcmp(refund,"-")||strcmp(csvs,"0"))die("BUY must use btc_refund_pubkey_hex=- and btc_refund_csv_blocks=0");long long qrh=parse_positive_ll_strict(qrhs,"qrx_refund_height");if(qrh<=oe)die("qrx_refund_height must be later than order expiry");long long lock=quote_for_quantity(qty,price);if(qrx_balance_get_authoritative(chain_dir,owner)<lock)die("insufficient owner QUB for cross-chain reserve");
      |         ^~
/mnt/data/qrx_0936_work/qrx-core/src/velocity/qrx_crosschain.inc:144:100: note: ...this statement, but the latter is misleadingly indented as if it were guarded by the 'if'
  144 |         if(!crosschain_hashlock_valid(hash))die("BTC/QUB BUY requires a 32-byte SHA-256 hashlock");if(!crosschain_compressed_pubkey_valid(redeem))die("BTC/QUB BUY requires compressed btc_redeem_pubkey_hex");if(strcmp(refund,"-")||strcmp(csvs,"0"))die("BUY must use btc_refund_pubkey_hex=- and btc_refund_csv_blocks=0");long long qrh=parse_positive_ll_strict(qrhs,"qrx_refund_height");if(qrh<=oe)die("qrx_refund_height must be later than order expiry");long long lock=quote_for_quantity(qty,price);if(qrx_balance_get_authoritative(chain_dir,owner)<lock)die("insufficient owner QUB for cross-chain reserve");
      |                                                                                                    ^~
/mnt/data/qrx_0936_work/qrx-core/src/velocity/qrx_crosschain.inc:146:9: warning: this 'if' clause does not guard... [-Wmisleading-indentation]
  146 |         if(strcmp(hash,"-")||strcmp(redeem,"-")||strcmp(qrhs,"0"))die("SELL must use hashlock=- btc_redeem_pubkey_hex=- qrx_refund_height=0");if(!crosschain_compressed_pubkey_valid(refund))die("BTC/QUB SELL requires compressed btc_refund_pubkey_hex");long long csv=parse_positive_ll_strict(csvs,"btc_refund_csv_blocks");if(csv>QRX_CROSSCHAIN_MAX_CSV_BLOCKS)die("btc_refund_csv_blocks too large");
      |         ^~
/mnt/data/qrx_0936_work/qrx-core/src/velocity/qrx_crosschain.inc:146:143: note: ...this statement, but the latter is misleadingly indented as if it were guarded by the 'if'
  146 |         if(strcmp(hash,"-")||strcmp(redeem,"-")||strcmp(qrhs,"0"))die("SELL must use hashlock=- btc_redeem_pubkey_hex=- qrx_refund_height=0");if(!crosschain_compressed_pubkey_valid(refund))die("BTC/QUB SELL requires compressed btc_refund_pubkey_hex");long long csv=parse_positive_ll_strict(csvs,"btc_refund_csv_blocks");if(csv>QRX_CROSSCHAIN_MAX_CSV_BLOCKS)die("btc_refund_csv_blocks too large");
      |                                                                                                                                               ^~
/mnt/data/qrx_0936_work/qrx-core/src/velocity/qrx_crosschain.inc: In function 'validate_crosschain_action':
/mnt/data/qrx_0936_work/qrx-core/src/velocity/qrx_crosschain.inc:155:5: warning: this 'else' clause does not guard... [-Wmisleading-indentation]
  155 |     else die("unsupported cross-chain action");free(status);free(buyer);free(seller);free(sid);
      |     ^~~~
/mnt/data/qrx_0936_work/qrx-core/src/velocity/qrx_crosschain.inc:155:48: note: ...this statement, but the latter is misleadingly indented as if it were guarded by the 'else'
  155 |     else die("unsupported cross-chain action");free(status);free(buyer);free(seller);free(sid);
      |                                                ^~~~
/mnt/data/qrx_0936_work/qrx-core/src/velocity/qrx_crosschain.inc: In function 'crosschain_stage_order':
/mnt/data/qrx_0936_work/qrx-core/src/velocity/qrx_crosschain.inc:159:5: warning: this 'if' clause does not guard... [-Wmisleading-indentation]
  159 |     if(atomic_stage_order_payload(b,body_hash,agent,owner,"crosschain","open",payload,body_hash,NULL,h))return -1;char *qs=payload_get_field(payload,"quantity_atoms"),*side=payload_get_field(payload,"side"),*ps=payload_get_field(payload,"limit_price_atoms");long long qty=parse_positive_ll_strict(qs,"quantity_atoms"),price=parse_positive_ll_strict(ps,"limit_price_atoms");int rc=atomic_stage_agent_usage(b,chain_dir,agent,qty);rc|=velocity_batch_put_order(b,body_hash,"settlement_version",QRX_CROSSCHAIN_SETTLEMENT_VERSION);
      |     ^~
/mnt/data/qrx_0936_work/qrx-core/src/velocity/qrx_crosschain.inc:159:115: note: ...this statement, but the latter is misleadingly indented as if it were guarded by the 'if'
  159 |     if(atomic_stage_order_payload(b,body_hash,agent,owner,"crosschain","open",payload,body_hash,NULL,h))return -1;char *qs=payload_get_field(payload,"quantity_atoms"),*side=payload_get_field(payload,"side"),*ps=payload_get_field(payload,"limit_price_atoms");long long qty=parse_positive_ll_strict(qs,"quantity_atoms"),price=parse_positive_ll_strict(ps,"limit_price_atoms");int rc=atomic_stage_agent_usage(b,chain_dir,agent,qty);rc|=velocity_batch_put_order(b,body_hash,"settlement_version",QRX_CROSSCHAIN_SETTLEMENT_VERSION);
      |                                                                                                                   ^~~~
In file included from /mnt/data/qrx_0936_work/qrx-core/src/qrx.c:3380:
/mnt/data/qrx_0936_work/qrx-core/src/velocity/qrx_btc_spv.inc: In function 'btc_spv_session_required_confirmations':
/mnt/data/qrx_0936_work/qrx-core/src/velocity/qrx_btc_spv.inc:22:5: warning: this 'if' clause does not guard... [-Wmisleading-indentation]
   22 |     if(n<1)n=QRX_BTC_SPV_DEFAULT_CONFIRMATIONS;if(n>QRX_BTC_SPV_MAX_CONFIRMATIONS_POLICY)n=QRX_BTC_SPV_MAX_CONFIRMATIONS_POLICY;return n;
      |     ^~
/mnt/data/qrx_0936_work/qrx-core/src/velocity/qrx_btc_spv.inc:22:48: note: ...this statement, but the latter is misleadingly indented as if it were guarded by the 'if'
   22 |     if(n<1)n=QRX_BTC_SPV_DEFAULT_CONFIRMATIONS;if(n>QRX_BTC_SPV_MAX_CONFIRMATIONS_POLICY)n=QRX_BTC_SPV_MAX_CONFIRMATIONS_POLICY;return n;
      |                                                ^~
/mnt/data/qrx_0936_work/qrx-core/src/velocity/qrx_btc_spv.inc: In function 'btc_spv_funding_security_current':
/mnt/data/qrx_0936_work/qrx-core/src/velocity/qrx_btc_spv.inc:28:5: warning: this 'if' clause does not guard... [-Wmisleading-indentation]
   28 |     if(conf_out)*conf_out=0;if(active_out)*active_out=0;if(safe_out)*safe_out=0;
      |     ^~
/mnt/data/qrx_0936_work/qrx-core/src/velocity/qrx_btc_spv.inc:28:29: note: ...this statement, but the latter is misleadingly indented as if it were guarded by the 'if'
   28 |     if(conf_out)*conf_out=0;if(active_out)*active_out=0;if(safe_out)*safe_out=0;
      |                             ^~
/mnt/data/qrx_0936_work/qrx-core/src/qrx.c: In function 'sign_cmd_from':
/mnt/data/qrx_0936_work/qrx-core/src/qrx.c:3460:9: warning: this 'if' clause does not guard... [-Wmisleading-indentation]
 3460 |         if(!child_addr) die("source address is not controlled by this wallet"); child_addr[strcspn(child_addr,"\r\n")]=0;
      |         ^~
/mnt/data/qrx_0936_work/qrx-core/src/qrx.c:3460:81: note: ...this statement, but the latter is misleadingly indented as if it were guarded by the 'if'
 3460 |         if(!child_addr) die("source address is not controlled by this wallet"); child_addr[strcspn(child_addr,"\r\n")]=0;
      |                                                                                 ^~~~~~~~~~
/mnt/data/qrx_0936_work/qrx-core/src/qrx.c: In function 'verify_tx_text':
/mnt/data/qrx_0936_work/qrx-core/src/qrx.c:3696:5: warning: this 'if' clause does not guard... [-Wmisleading-indentation]
 3696 |     if (current == LLONG_MAX) die("nonce overflow"); if (n != current + 1) die("invalid nonce: expected lane nonce + 1");
      |     ^~
/mnt/data/qrx_0936_work/qrx-core/src/qrx.c:3696:54: note: ...this statement, but the latter is misleadingly indented as if it were guarded by the 'if'
 3696 |     if (current == LLONG_MAX) die("nonce overflow"); if (n != current + 1) die("invalid nonce: expected lane nonce + 1");
      |                                                      ^~
/mnt/data/qrx_0936_work/qrx-core/src/qrx.c:3729:9: warning: this 'if' clause does not guard... [-Wmisleading-indentation]
 3729 |         if(!cid||!*cid)die("PoUC chain_id missing");if(qrxdb_init(&pdb,chain_dir)!=0)die("PoUC QRXDB init failed");
      |         ^~
/mnt/data/qrx_0936_work/qrx-core/src/qrx.c:3729:53: note: ...this statement, but the latter is misleadingly indented as if it were guarded by the 'if'
 3729 |         if(!cid||!*cid)die("PoUC chain_id missing");if(qrxdb_init(&pdb,chain_dir)!=0)die("PoUC QRXDB init failed");
      |                                                     ^~
/mnt/data/qrx_0936_work/qrx-core/src/qrx.c:3735:5: warning: this 'if' clause does not guard... [-Wmisleading-indentation]
 3735 |     if(tx_version) free(tx_version); free(network_id); free(genesis_hash); free(protocol_version); free(from); free(to); free(amount); free(fee); free(nonce); free(timestamp); if(memo) free(memo); if(tx_type) free(tx_type); if(lane_id) free(lane_id); if(expiry_height) free(expiry_height); if(payload) free(payload); free(ed_pub_hex); free(ml_pub_b64); if(body_hash_algo) free(body_hash_algo); if(body_hash_sha3) free(body_hash_sha3); if(body_hash_sha256_legacy) free(body_hash_sha256_legacy); if(body_hash_legacy) free(body_hash_legacy); free(sig1_hex); free(sig2_hex); free(exp_net); free(exp_gen); free(exp_ver); free(body); free(mlpem); free(mlpemstr); free(sig1); free(sig2); EVP_PKEY_free(ed_pub); EVP_PKEY_free(ml_pub);
      |     ^~
/mnt/data/qrx_0936_work/qrx-core/src/qrx.c:3735:38: note: ...this statement, but the latter is misleadingly indented as if it were guarded by the 'if'
 3735 |     if(tx_version) free(tx_version); free(network_id); free(genesis_hash); free(protocol_version); free(from); free(to); free(amount); free(fee); free(nonce); free(timestamp); if(memo) free(memo); if(tx_type) free(tx_type); if(lane_id) free(lane_id); if(expiry_height) free(expiry_height); if(payload) free(payload); free(ed_pub_hex); free(ml_pub_b64); if(body_hash_algo) free(body_hash_algo); if(body_hash_sha3) free(body_hash_sha3); if(body_hash_sha256_legacy) free(body_hash_sha256_legacy); if(body_hash_legacy) free(body_hash_legacy); free(sig1_hex); free(sig2_hex); free(exp_net); free(exp_gen); free(exp_ver); free(body); free(mlpem); free(mlpemstr); free(sig1); free(sig2); EVP_PKEY_free(ed_pub); EVP_PKEY_free(ml_pub);
      |                                      ^~~~
/mnt/data/qrx_0936_work/qrx-core/src/qrx.c: In function 'velocity_stateless_verify_cb':
/mnt/data/qrx_0936_work/qrx-core/src/qrx.c:3756:5: warning: this 'if' clause does not guard... [-Wmisleading-indentation]
 3756 |     if(tx_version)free(tx_version);if(network_id)free(network_id);if(genesis_hash)free(genesis_hash);if(protocol_version)free(protocol_version);if(from)free(from);if(to)free(to);if(amount)free(amount);if(fee)free(fee);if(nonce)free(nonce);if(timestamp)free(timestamp);if(memo)free(memo);if(tx_type)free(tx_type);if(lane_id)free(lane_id);if(expiry_height)free(expiry_height);if(payload)free(payload);if(ed_pub_hex)free(ed_pub_hex);if(ml_pub_b64)free(ml_pub_b64);if(body_hash_algo)free(body_hash_algo);if(body_hash_sha3)free(body_hash_sha3);if(body_hash_legacy)free(body_hash_legacy);if(sig1_hex)free(sig1_hex);if(sig2_hex)free(sig2_hex);if(exp_net)free(exp_net);if(exp_gen)free(exp_gen);if(exp_ver)free(exp_ver);if(body)free(body);if(mlpem)free(mlpem);if(mlpemstr)free(mlpemstr);if(sig1)free(sig1);if(sig2)free(sig2);EVP_PKEY_free(ed_pub);EVP_PKEY_free(ml_pub);return rc;
      |     ^~
/mnt/data/qrx_0936_work/qrx-core/src/qrx.c:3756:36: note: ...this statement, but the latter is misleadingly indented as if it were guarded by the 'if'
 3756 |     if(tx_version)free(tx_version);if(network_id)free(network_id);if(genesis_hash)free(genesis_hash);if(protocol_version)free(protocol_version);if(from)free(from);if(to)free(to);if(amount)free(amount);if(fee)free(fee);if(nonce)free(nonce);if(timestamp)free(timestamp);if(memo)free(memo);if(tx_type)free(tx_type);if(lane_id)free(lane_id);if(expiry_height)free(expiry_height);if(payload)free(payload);if(ed_pub_hex)free(ed_pub_hex);if(ml_pub_b64)free(ml_pub_b64);if(body_hash_algo)free(body_hash_algo);if(body_hash_sha3)free(body_hash_sha3);if(body_hash_legacy)free(body_hash_legacy);if(sig1_hex)free(sig1_hex);if(sig2_hex)free(sig2_hex);if(exp_net)free(exp_net);if(exp_gen)free(exp_gen);if(exp_ver)free(exp_ver);if(body)free(body);if(mlpem)free(mlpem);if(mlpemstr)free(mlpemstr);if(sig1)free(sig1);if(sig2)free(sig2);EVP_PKEY_free(ed_pub);EVP_PKEY_free(ml_pub);return rc;
      |                                    ^~
/mnt/data/qrx_0936_work/qrx-core/src/qrx.c: In function 'velocity_mempool_plan_cmd':
/mnt/data/qrx_0936_work/qrx-core/src/qrx.c:3762:5: warning: this 'if' clause does not guard... [-Wmisleading-indentation]
 3762 |     if(qrx_velocity_parallel_verify(&plan,workers>0?(uint32_t)workers:1,velocity_stateless_verify_cb,chain_dir,&mask,&vs)!=0)die("parallel signature verification failed");qrx_velocity_mempool_stats(&pool,&ms);
      |     ^~
/mnt/data/qrx_0936_work/qrx-core/src/qrx.c:3762:172: note: ...this statement, but the latter is misleadingly indented as if it were guarded by the 'if'
 3762 |     if(qrx_velocity_parallel_verify(&plan,workers>0?(uint32_t)workers:1,velocity_stateless_verify_cb,chain_dir,&mask,&vs)!=0)die("parallel signature verification failed");qrx_velocity_mempool_stats(&pool,&ms);
      |                                                                                                                                                                            ^~~~~~~~~~~~~~~~~~~~~~~~~~
/mnt/data/qrx_0936_work/qrx-core/src/qrx.c: In function 'velocity_mvcc_execute_cmd':
/mnt/data/qrx_0936_work/qrx-core/src/qrx.c:3782:5: warning: this 'if' clause does not guard... [-Wmisleading-indentation]
 3782 |     if(max_txs<=0)max_txs=100;if(workers<=0)workers=4;if(workers>64)workers=64;
      |     ^~
/mnt/data/qrx_0936_work/qrx-core/src/qrx.c:3782:31: note: ...this statement, but the latter is misleadingly indented as if it were guarded by the 'if'
 3782 |     if(max_txs<=0)max_txs=100;if(workers<=0)workers=4;if(workers>64)workers=64;
      |                               ^~
/mnt/data/qrx_0936_work/qrx-core/src/qrx.c:3796:9: warning: this 'for' clause does not guard... [-Wmisleading-indentation]
 3796 |         for(size_t i=0;i<plan.count;i++)if(!valid||valid[i])qrx_velocity_mempool_remove(&pool,plan.txids[i]);qrx_velocity_mempool_checkpoint(&pool);
      |         ^~~
/mnt/data/qrx_0936_work/qrx-core/src/qrx.c:3796:110: note: ...this statement, but the latter is misleadingly indented as if it were guarded by the 'for'
 3796 |         for(size_t i=0;i<plan.count;i++)if(!valid||valid[i])qrx_velocity_mempool_remove(&pool,plan.txids[i]);qrx_velocity_mempool_checkpoint(&pool);
      |                                                                                                              ^~~~~~~~~~~~~~~~~~~~~~~~~~~~~~~
/mnt/data/qrx_0936_work/qrx-core/src/qrx.c: In function 'atomic_stage_agent':
/mnt/data/qrx_0936_work/qrx-core/src/qrx.c:3828:96: warning: the address of 'hb' will always evaluate as 'true' [-Waddress]
 3828 | #define PUT_AGENT(F,V) do{velocity_agent_key(k,sizeof(k),agent,(F));rc|=qrxdb_batch_put(b,k,(V)?(V):"");}while(0)
      |                                                                                                ^
/mnt/data/qrx_0936_work/qrx-core/src/qrx.c:3831:315: note: in expansion of macro 'PUT_AGENT'
 3831 |         PUT_AGENT("owner",owner);PUT_AGENT("status","active");if(ed)PUT_AGENT("ed25519_pub_hex",ed);if(ml)PUT_AGENT("mldsa65_pub_b64",ml);PUT_AGENT("permissions",perm);PUT_AGENT("max_trade_atoms",max_trade);PUT_AGENT("daily_limit_atoms",daily);PUT_AGENT("market_allowlist",markets);PUT_AGENT("expires_height",exp);PUT_AGENT("updated_height",hb);PUT_AGENT("last_tx",body_hash);
      |                                                                                                                                                                                                                                                                                                                           ^~~~~~~~~
/mnt/data/qrx_0936_work/qrx-core/src/qrx.c: In function 'atomic_stage_agent_usage':
/mnt/data/qrx_0936_work/qrx-core/src/qrx.c:3846:5: warning: this 'if' clause does not guard... [-Wmisleading-indentation]
 3846 |     if(qty<=0)return 0;long long bucket=0,cur=agent_usage_current(chain_dir,agent,&bucket,NULL),next=0;checked_add_ll(cur,qty,"agent usage",&next);char k[768];snprintf(k,sizeof(k),"velocity:agent_usage:%s:%lld",agent,bucket);return velocity_batch_put_ll(b,k,next);
      |     ^~
/mnt/data/qrx_0936_work/qrx-core/src/qrx.c:3846:24: note: ...this statement, but the latter is misleadingly indented as if it were guarded by the 'if'
 3846 |     if(qty<=0)return 0;long long bucket=0,cur=agent_usage_current(chain_dir,agent,&bucket,NULL),next=0;checked_add_ll(cur,qty,"agent usage",&next);char k[768];snprintf(k,sizeof(k),"velocity:agent_usage:%s:%lld",agent,bucket);return velocity_batch_put_ll(b,k,next);
      |                        ^~~~
/mnt/data/qrx_0936_work/qrx-core/src/qrx.c: In function 'a76_stage_issue':
/mnt/data/qrx_0936_work/qrx-core/src/qrx.c:3920:2: warning: this 'if' clause does not guard... [-Wmisleading-indentation]
 3920 |  if(!a||!kind||!qs||!us||!rs||!a76_name_valid(a,kind)||a76_asset_active(c,a))goto done;long long q=parse_positive_ll_strict(qs,"qty"),units=parse_nonnegative_ll_strict(us,"units"),re=parse_nonnegative_ll_strict(rs,"reissuable"),maxs=mx&&*mx?parse_nonnegative_ll_strict(mx,"max_supply"):0;if(units>8||re>1)goto done;
      |  ^~
[  2%] Building C object CMakeFiles/qrxcore.dir/src/mempool/qrx_velocity_mempool.c.o
/mnt/data/qrx_0936_work/qrx-core/src/qrx.c:3920:88: note: ...this statement, but the latter is misleadingly indented as if it were guarded by the 'if'
 3920 |  if(!a||!kind||!qs||!us||!rs||!a76_name_valid(a,kind)||a76_asset_active(c,a))goto done;long long q=parse_positive_ll_strict(qs,"qty"),units=parse_nonnegative_ll_strict(us,"units"),re=parse_nonnegative_ll_strict(rs,"reissuable"),maxs=mx&&*mx?parse_nonnegative_ll_strict(mx,"max_supply"):0;if(units>8||re>1)goto done;
      |                                                                                        ^~~~
/mnt/data/qrx_0936_work/qrx-core/src/qrx.c: In function 'generals_stage_clan_invite':
/mnt/data/qrx_0936_work/qrx-core/src/qrx.c:3974:411: warning: unused variable 'leader' [-Wunused-variable]
 3974 | static int generals_stage_clan_invite(QrxDBBatch*b,const char*c,const char*from,const char*p,const char*txid,long long h,long long cost){if(!generals_player_exists(c,from)||cost<0)return -1;char *invitee=payload_get_field(p,"invitee"),*exp=payload_get_field(p,"expiry_height");if(!invitee||!*invitee||!generals_player_exists(c,invitee)){free(invitee);free(exp);return -1;}char pk[1024],clan[256],leaderk[1024],leader[256],v[256];generals_player_key(pk,sizeof(pk),from,"clan_id");if(generals_db_get(c,pk,clan,sizeof(clan))!=0||!*clan){free(invitee);free(exp);return -1;}snprintf(leaderk,sizeof(leaderk),"generals:clan:%s:leader",clan);if(!generals_clan_can_command(c,clan,from)){free(invitee);free(exp);return -1;}generals_player_key(pk,sizeof(pk),invitee,"clan_id");if(generals_db_get(c,pk,v,sizeof(v))==0&&*v){free(invitee);free(exp);return -1;}long long maxlife=qrx_chain_get_ll_at_height_or_default(c,h,"generals_clan_invite_max_blocks",604800),expiry=exp&&*exp?parse_positive_ll_strict(exp,"expiry_height"):h+60480;if(expiry<=h||expiry-h>maxlife){free(invitee);free(exp);return -1;}char iid[40],k[1024],hb[64];snprintf(iid,sizeof(iid),"CINV-%.24s",txid);int rc=0;
      |                                                                                                                                                                                                                                                                                                                                                                                                                           ^~~~~~
/mnt/data/qrx_0936_work/qrx-core/src/qrx.c: In function 'generals_stage_clan_invite_revoke':
/mnt/data/qrx_0936_work/qrx-core/src/qrx.c:3983:270: warning: unused variable 'leader' [-Wunused-variable]
 3983 | static int generals_stage_clan_invite_revoke(QrxDBBatch*b,const char*c,const char*from,const char*p,const char*txid,long long h){char*iid=payload_get_field(p,"invite_id");if(!iid||!generals_safe_token(iid,8,39,0)){free(iid);return -1;}char k[1024],status[64],clan[256],leader[256];snprintf(k,sizeof(k),"generals:clan_invite:%s:status",iid);if(generals_db_get(c,k,status,sizeof(status))!=0||strcmp(status,"pending")){free(iid);return -1;}snprintf(k,sizeof(k),"generals:clan_invite:%s:clan_id",iid);if(generals_db_get(c,k,clan,sizeof(clan))!=0){free(iid);return -1;}snprintf(k,sizeof(k),"generals:clan:%s:leader",clan);if(!generals_clan_can_command(c,clan,from)){free(iid);return -1;}int rc=0;snprintf(k,sizeof(k),"generals:clan_invite:%s:status",iid);rc|=qrxdb_batch_put(b,k,"revoked");snprintf(k,sizeof(k),"generals:clan_invite:%s:resolved_tx",iid);rc|=qrxdb_batch_put(b,k,txid);snprintf(k,sizeof(k),"generals:clan_invite:%s:resolved_height",iid);rc|=velocity_batch_put_ll(b,k,h);free(iid);return rc?-1:0;}
      |                                                                                                                                                                                                                                                                              ^~~~~~
/mnt/data/qrx_0936_work/qrx-core/src/mempool/qrx_velocity_mempool.c: In function 'mkdir_if_missing':
/mnt/data/qrx_0936_work/qrx-core/src/mempool/qrx_velocity_mempool.c:50:5: warning: this 'if' clause does not guard... [-Wmisleading-indentation]
   50 |     if(mkdir(p,0700)==0 || errno==EEXIST) return 0; return -1;
      |     ^~
/mnt/data/qrx_0936_work/qrx-core/src/mempool/qrx_velocity_mempool.c:50:53: note: ...this statement, but the latter is misleadingly indented as if it were guarded by the 'if'
   50 |     if(mkdir(p,0700)==0 || errno==EEXIST) return 0; return -1;
      |                                                     ^~~~~~
/mnt/data/qrx_0936_work/qrx-core/src/mempool/qrx_velocity_mempool.c: In function 'field':
/mnt/data/qrx_0936_work/qrx-core/src/mempool/qrx_velocity_mempool.c:72:5: warning: this 'if' clause does not guard... [-Wmisleading-indentation]
   72 |     if(!tx||!key||!out||out_sz==0)return -1; size_t kl=strlen(key); const char *p=tx;
      |     ^~
/mnt/data/qrx_0936_work/qrx-core/src/mempool/qrx_velocity_mempool.c:72:46: note: ...this statement, but the latter is misleadingly indented as if it were guarded by the 'if'
   72 |     if(!tx||!key||!out||out_sz==0)return -1; size_t kl=strlen(key); const char *p=tx;
      |                                              ^~~~~~
/mnt/data/qrx_0936_work/qrx-core/src/mempool/qrx_velocity_mempool.c: In function 'payload_field':
/mnt/data/qrx_0936_work/qrx-core/src/mempool/qrx_velocity_mempool.c:77:5: warning: this 'if' clause does not guard... [-Wmisleading-indentation]
   77 |     if(!payload||!key||!out||!out_sz)return -1;size_t kl=strlen(key);const char *p=payload;
      |     ^~
/mnt/data/qrx_0936_work/qrx-core/src/mempool/qrx_velocity_mempool.c:77:48: note: ...this statement, but the latter is misleadingly indented as if it were guarded by the 'if'
   77 |     if(!payload||!key||!out||!out_sz)return -1;size_t kl=strlen(key);const char *p=payload;
      |                                                ^~~~~~
/mnt/data/qrx_0936_work/qrx-core/src/mempool/qrx_velocity_mempool.c: In function 'hash_tx':
/mnt/data/qrx_0936_work/qrx-core/src/mempool/qrx_velocity_mempool.c:86:5: warning: this 'for' clause does not guard... [-Wmisleading-indentation]
   86 |     for(size_t i=0;i<64;i++)sprintf(out+i*2,"%02x",digest[i]);out[128]=0;return 0;
      |     ^~~
/mnt/data/qrx_0936_work/qrx-core/src/mempool/qrx_velocity_mempool.c:86:63: note: ...this statement, but the latter is misleadingly indented as if it were guarded by the 'for'
   86 |     for(size_t i=0;i<64;i++)sprintf(out+i*2,"%02x",digest[i]);out[128]=0;return 0;
      |                                                               ^~~
/mnt/data/qrx_0936_work/qrx-core/src/mempool/qrx_velocity_mempool.c: In function 'add_access':
/mnt/data/qrx_0936_work/qrx-core/src/mempool/qrx_velocity_mempool.c:107:5: warning: this 'if' clause does not guard... [-Wmisleading-indentation]
  107 |     if(!value||!*value||e->access_count>=QRX_VELOCITY_MAX_ACCESS_KEYS)return;char *dst=e->access[e->access_count++];snprintf(dst,512,"%s%s",prefix?prefix:"",value);
      |     ^~
/mnt/data/qrx_0936_work/qrx-core/src/mempool/qrx_velocity_mempool.c:107:78: note: ...this statement, but the latter is misleadingly indented as if it were guarded by the 'if'
  107 |     if(!value||!*value||e->access_count>=QRX_VELOCITY_MAX_ACCESS_KEYS)return;char *dst=e->access[e->access_count++];snprintf(dst,512,"%s%s",prefix?prefix:"",value);
      |                                                                              ^~~~
/mnt/data/qrx_0936_work/qrx-core/src/mempool/qrx_velocity_mempool.c: In function 'qrx_velocity_tx_metadata':
/mnt/data/qrx_0936_work/qrx-core/src/mempool/qrx_velocity_mempool.c:111:5: warning: this 'if' clause does not guard... [-Wmisleading-indentation]
  111 |     if(!tx||!e)return -1;memset(e,0,sizeof(*e));if(hash_tx(tx,e->txid)!=0)return -1;
      |     ^~
/mnt/data/qrx_0936_work/qrx-core/src/mempool/qrx_velocity_mempool.c:111:26: note: ...this statement, but the latter is misleadingly indented as if it were guarded by the 'if'
  111 |     if(!tx||!e)return -1;memset(e,0,sizeof(*e));if(hash_tx(tx,e->txid)!=0)return -1;
      |                          ^~~~~~
/mnt/data/qrx_0936_work/qrx-core/src/mempool/qrx_velocity_mempool.c: In function 'qrx_velocity_entries_conflict':
/mnt/data/qrx_0936_work/qrx-core/src/mempool/qrx_velocity_mempool.c:127:5: warning: this 'if' clause does not guard... [-Wmisleading-indentation]
  127 |     if(!a||!b)return 1;for(uint32_t i=0;i<a->access_count;i++)for(uint32_t j=0;j<b->access_count;j++)if(!strcmp(a->access[i],b->access[j]))return 1;return 0;
      |     ^~
/mnt/data/qrx_0936_work/qrx-core/src/mempool/qrx_velocity_mempool.c:127:24: note: ...this statement, but the latter is misleadingly indented as if it were guarded by the 'if'
  127 |     if(!a||!b)return 1;for(uint32_t i=0;i<a->access_count;i++)for(uint32_t j=0;j<b->access_count;j++)if(!strcmp(a->access[i],b->access[j]))return 1;return 0;
      |                        ^~~
/mnt/data/qrx_0936_work/qrx-core/src/mempool/qrx_velocity_mempool.c: In function 'wal_append':
/mnt/data/qrx_0936_work/qrx-core/src/mempool/qrx_velocity_mempool.c:147:5: warning: this 'if' clause does not guard... [-Wmisleading-indentation]
  147 |     if(fflush(f)!=0)return -1;p->wal_since_sync++;if(p->wal_since_sync>=64){if(durable(f)!=0)return -1;p->wal_since_sync=0;p->wal_syncs++;}
      |     ^~
/mnt/data/qrx_0936_work/qrx-core/src/mempool/qrx_velocity_mempool.c:147:31: note: ...this statement, but the latter is misleadingly indented as if it were guarded by the 'if'
  147 |     if(fflush(f)!=0)return -1;p->wal_since_sync++;if(p->wal_since_sync>=64){if(durable(f)!=0)return -1;p->wal_since_sync=0;p->wal_syncs++;}
      |                               ^
/mnt/data/qrx_0936_work/qrx-core/src/mempool/qrx_velocity_mempool.c: In function 'replay':
/mnt/data/qrx_0936_work/qrx-core/src/mempool/qrx_velocity_mempool.c:164:9: warning: this 'else' clause does not guard... [-Wmisleading-indentation]
  164 |         else if(h.op==QV_WAL_REMOVE)remove_unlocked(p,h.txid,0);free(buf);p->stats.recovered_records++;}
      |         ^~~~
/mnt/data/qrx_0936_work/qrx-core/src/mempool/qrx_velocity_mempool.c:164:65: note: ...this statement, but the latter is misleadingly indented as if it were guarded by the 'else'
  164 |         else if(h.op==QV_WAL_REMOVE)remove_unlocked(p,h.txid,0);free(buf);p->stats.recovered_records++;}
      |                                                                 ^~~~
/mnt/data/qrx_0936_work/qrx-core/src/mempool/qrx_velocity_mempool.c: In function 'qrx_velocity_mempool_open':
/mnt/data/qrx_0936_work/qrx-core/src/mempool/qrx_velocity_mempool.c:169:5: warning: this 'if' clause does not guard... [-Wmisleading-indentation]
  169 |     if(!p||!node_dir)return -1;memset(p,0,sizeof(*p));snprintf(p->node_dir,sizeof(p->node_dir),"%s",node_dir);mkdir_if_missing(node_dir);snprintf(p->wal_path,sizeof(p->wal_path),"%s/velocity_mempool.wal",node_dir);p->max_entries=max_entries?max_entries:QRX_MAX_MEMPOOL_TX;p->shards=(QrxVelocityShard*)calloc(QRX_VELOCITY_MEMPOOL_SHARDS,sizeof(QrxVelocityShard));if(!p->shards)return -1;
      |     ^~
/mnt/data/qrx_0936_work/qrx-core/src/mempool/qrx_velocity_mempool.c:169:32: note: ...this statement, but the latter is misleadingly indented as if it were guarded by the 'if'
  169 |     if(!p||!node_dir)return -1;memset(p,0,sizeof(*p));snprintf(p->node_dir,sizeof(p->node_dir),"%s",node_dir);mkdir_if_missing(node_dir);snprintf(p->wal_path,sizeof(p->wal_path),"%s/velocity_mempool.wal",node_dir);p->max_entries=max_entries?max_entries:QRX_MAX_MEMPOOL_TX;p->shards=(QrxVelocityShard*)calloc(QRX_VELOCITY_MEMPOOL_SHARDS,sizeof(QrxVelocityShard));if(!p->shards)return -1;
      |                                ^~~~~~
/mnt/data/qrx_0936_work/qrx-core/src/mempool/qrx_velocity_mempool.c: In function 'qrx_velocity_mempool_checkpoint':
/mnt/data/qrx_0936_work/qrx-core/src/mempool/qrx_velocity_mempool.c:190:5: warning: this 'if' clause does not guard... [-Wmisleading-indentation]
  190 |     if(!p||!p->initialized)return -1;lock_pool(p);char tmp[1300];snprintf(tmp,sizeof(tmp),"%s.tmp",p->wal_path);FILE *f=fopen(tmp,"wb");if(!f){unlock_pool(p);return -1;}int rc=0;for(uint32_t s=0;s<QRX_VELOCITY_MEMPOOL_SHARDS&&!rc;s++)for(size_t i=0;i<p->shards[s].count;i++){QrxVelocityMempoolEntry *e=&p->shards[s].items[i];QvWalHeader h;memset(&h,0,sizeof(h));h.magic=QV_WAL_MAGIC;h.version=QV_WAL_VERSION;h.op=QV_WAL_ADD;h.payload_len=(uint32_t)e->tx_len;h.crc32=crc32_local(e->tx,e->tx_len);snprintf(h.txid,sizeof(h.txid),"%s",e->txid);if(fwrite(&h,sizeof(h),1,f)!=1||fwrite(e->tx,1,e->tx_len,f)!=e->tx_len)rc=-1;}if(!rc&&durable(f)!=0)rc=-1;fclose(f);if(!rc){if(p->wal_file){durable((FILE*)p->wal_file);fclose((FILE*)p->wal_file);p->wal_file=NULL;}
      |     ^~
/mnt/data/qrx_0936_work/qrx-core/src/mempool/qrx_velocity_mempool.c:190:38: note: ...this statement, but the latter is misleadingly indented as if it were guarded by the 'if'
  190 |     if(!p||!p->initialized)return -1;lock_pool(p);char tmp[1300];snprintf(tmp,sizeof(tmp),"%s.tmp",p->wal_path);FILE *f=fopen(tmp,"wb");if(!f){unlock_pool(p);return -1;}int rc=0;for(uint32_t s=0;s<QRX_VELOCITY_MEMPOOL_SHARDS&&!rc;s++)for(size_t i=0;i<p->shards[s].count;i++){QrxVelocityMempoolEntry *e=&p->shards[s].items[i];QvWalHeader h;memset(&h,0,sizeof(h));h.magic=QV_WAL_MAGIC;h.version=QV_WAL_VERSION;h.op=QV_WAL_ADD;h.payload_len=(uint32_t)e->tx_len;h.crc32=crc32_local(e->tx,e->tx_len);snprintf(h.txid,sizeof(h.txid),"%s",e->txid);if(fwrite(&h,sizeof(h),1,f)!=1||fwrite(e->tx,1,e->tx_len,f)!=e->tx_len)rc=-1;}if(!rc&&durable(f)!=0)rc=-1;fclose(f);if(!rc){if(p->wal_file){durable((FILE*)p->wal_file);fclose((FILE*)p->wal_file);p->wal_file=NULL;}
      |                                      ^~~~~~~~~
/mnt/data/qrx_0936_work/qrx-core/src/mempool/qrx_velocity_mempool.c: In function 'qrx_velocity_mempool_plan':
/mnt/data/qrx_0936_work/qrx-core/src/mempool/qrx_velocity_mempool.c:200:5: warning: this 'if' clause does not guard... [-Wmisleading-indentation]
  200 |     if(!p||!p->initialized||!plan)return -1;memset(plan,0,sizeof(*plan));lock_pool(p);size_t total=total_count_unlocked(p);if(max&&total>max)total=max;QrxVelocityMempoolEntry **all=(QrxVelocityMempoolEntry**)malloc((total_count_unlocked(p)?total_count_unlocked(p):1)*sizeof(*all));if(!all){unlock_pool(p);return -1;}size_t n=0;for(uint32_t s=0;s<QRX_VELOCITY_MEMPOOL_SHARDS;s++)for(size_t i=0;i<p->shards[s].count;i++)all[n++]=&p->shards[s].items[i];qsort(all,n,sizeof(*all),cmp_entries);if(max&&n>max)n=max;
      |     ^~
/mnt/data/qrx_0936_work/qrx-core/src/mempool/qrx_velocity_mempool.c:200:45: note: ...this statement, but the latter is misleadingly indented as if it were guarded by the 'if'
  200 |     if(!p||!p->initialized||!plan)return -1;memset(plan,0,sizeof(*plan));lock_pool(p);size_t total=total_count_unlocked(p);if(max&&total>max)total=max;QrxVelocityMempoolEntry **all=(QrxVelocityMempoolEntry**)malloc((total_count_unlocked(p)?total_count_unlocked(p):1)*sizeof(*all));if(!all){unlock_pool(p);return -1;}size_t n=0;for(uint32_t s=0;s<QRX_VELOCITY_MEMPOOL_SHARDS;s++)for(size_t i=0;i<p->shards[s].count;i++)all[n++]=&p->shards[s].items[i];qsort(all,n,sizeof(*all),cmp_entries);if(max&&n>max)n=max;
      |                                             ^~~~~~
/mnt/data/qrx_0936_work/qrx-core/src/mempool/qrx_velocity_mempool.c: In function 'qrx_velocity_parallel_verify':
/mnt/data/qrx_0936_work/qrx-core/src/mempool/qrx_velocity_mempool.c:280:5: warning: this 'if' clause does not guard... [-Wmisleading-indentation]
  280 |     if(!plan||!fn||!valid_mask)return -1;if(workers<1)workers=1;if(workers>64)workers=64;if(plan->count&&workers>plan->count)workers=(uint32_t)plan->count;if(!workers)workers=1;unsigned char *mask=(unsigned char*)calloc(plan->count?plan->count:1,1);if(!mask)return -1;VerifyWork w;memset(&w,0,sizeof(w));w.plan=plan;w.fn=fn;w.ctx=ctx;w.mask=mask;
      |     ^~
/mnt/data/qrx_0936_work/qrx-core/src/mempool/qrx_velocity_mempool.c:280:42: note: ...this statement, but the latter is misleadingly indented as if it were guarded by the 'if'
  280 |     if(!plan||!fn||!valid_mask)return -1;if(workers<1)workers=1;if(workers>64)workers=64;if(plan->count&&workers>plan->count)workers=(uint32_t)plan->count;if(!workers)workers=1;unsigned char *mask=(unsigned char*)calloc(plan->count?plan->count:1,1);if(!mask)return -1;VerifyWork w;memset(&w,0,sizeof(w));w.plan=plan;w.fn=fn;w.ctx=ctx;w.mask=mask;
      |                                          ^~
/mnt/data/qrx_0936_work/qrx-core/src/qrx.c: In function 'generals_stage_sam_intercept':
/mnt/data/qrx_0936_work/qrx-core/src/qrx.c:4113:122: warning: unused parameter 'h' [-Wunused-parameter]
 4113 | static int generals_stage_sam_intercept(QrxDBBatch*b,const char*c,const char*from,const char*p,const char*txid,long long h){char*mid=payload_get_field(p,"mission_id"),*uid=payload_get_field(p,"unit_id");if(!mid||!uid)goto fail;char st[64],mo[256],uo[256],ut[64],k[512];generals_mission_key(k,sizeof(k),mid,"status");if(generals_db_get(c,k,st,sizeof(st))||strcmp(st,"in_flight"))goto fail;generals_mission_key(k,sizeof(k),mid,"owner");if(generals_db_get(c,k,mo,sizeof(mo))||!strcmp(mo,from)||generals_unit_field(c,uid,"owner",uo,sizeof(uo))||strcmp(uo,from)||generals_unit_field(c,uid,"type",ut,sizeof(ut))||strcmp(ut,"SAM"))goto fail;long long ammo=generals_unit_ll(c,uid,"ammo",100);if(ammo<3)goto fail;generals_mission_key(k,sizeof(k),mid,"status");int rc=qrxdb_batch_put(b,k,"intercepted");generals_mission_key(k,sizeof(k),mid,"intercept_tx");rc|=qrxdb_batch_put(b,k,txid);snprintf(k,sizeof(k),"generals:unit:%s:ammo",uid);rc|=velocity_batch_put_ll(b,k,ammo-3);free(mid);free(uid);return rc?-1:0;fail:free(mid);free(uid);return -1;}
      |                                                                                                                ~~~~~~~~~~^
/mnt/data/qrx_0936_work/qrx-core/src/qrx.c: In function 'generals_stage_escort_mission':
/mnt/data/qrx_0936_work/qrx-core/src/qrx.c:4121:123: warning: unused parameter 'h' [-Wunused-parameter]
 4121 | static int generals_stage_escort_mission(QrxDBBatch*b,const char*c,const char*from,const char*p,const char*txid,long long h){char*uid=payload_get_field(p,"unit_id"),*mid=payload_get_field(p,"mission_id");if(!uid||!mid)goto fail;char o[256],typ[64],mo[256],st[64],k[512];if(generals_unit_field(c,uid,"owner",o,sizeof(o))||strcmp(o,from)||generals_unit_field(c,uid,"type",typ,sizeof(typ))||strcmp(typ,"FIGHTER"))goto fail;generals_mission_key(k,sizeof(k),mid,"owner");if(generals_db_get(c,k,mo,sizeof(mo))||strcmp(mo,from))goto fail;generals_mission_key(k,sizeof(k),mid,"status");if(generals_db_get(c,k,st,sizeof(st))||strcmp(st,"in_flight"))goto fail;generals_mission_key(k,sizeof(k),mid,"escort_unit_id");int rc=qrxdb_batch_put(b,k,uid);generals_mission_key(k,sizeof(k),mid,"escort_tx");rc|=qrxdb_batch_put(b,k,txid);free(uid);free(mid);return rc?-1:0;fail:free(uid);free(mid);return -1;}
      |                                                                                                                 ~~~~~~~~~~^
/mnt/data/qrx_0936_work/qrx-core/src/qrx.c: In function 'generals_stage_air_intercept':
/mnt/data/qrx_0936_work/qrx-core/src/qrx.c:4122:122: warning: unused parameter 'h' [-Wunused-parameter]
 4122 | static int generals_stage_air_intercept(QrxDBBatch*b,const char*c,const char*from,const char*p,const char*txid,long long h){char*uid=payload_get_field(p,"unit_id"),*mid=payload_get_field(p,"mission_id");if(!uid||!mid)goto fail;char o[256],typ[64],mo[256],st[64],k[512];if(generals_unit_field(c,uid,"owner",o,sizeof(o))||strcmp(o,from)||generals_unit_field(c,uid,"type",typ,sizeof(typ))||strcmp(typ,"FIGHTER"))goto fail;generals_mission_key(k,sizeof(k),mid,"owner");if(generals_db_get(c,k,mo,sizeof(mo))||!strcmp(mo,from))goto fail;generals_mission_key(k,sizeof(k),mid,"status");if(generals_db_get(c,k,st,sizeof(st))||strcmp(st,"in_flight"))goto fail;long long fuel=generals_unit_ll(c,uid,"fuel",100),ammo=generals_unit_ll(c,uid,"ammo",100);if(fuel<4||ammo<2)goto fail;generals_mission_key(k,sizeof(k),mid,"interceptor_unit_id");int rc=qrxdb_batch_put(b,k,uid);generals_mission_key(k,sizeof(k),mid,"intercept_status");rc|=qrxdb_batch_put(b,k,"engaged");generals_mission_key(k,sizeof(k),mid,"intercept_tx");rc|=qrxdb_batch_put(b,k,txid);snprintf(k,sizeof(k),"generals:unit:%s:fuel",uid);rc|=velocity_batch_put_ll(b,k,fuel-4);snprintf(k,sizeof(k),"generals:unit:%s:ammo",uid);rc|=velocity_batch_put_ll(b,k,ammo-2);free(uid);free(mid);return rc?-1:0;fail:free(uid);free(mid);return -1;}
      |                                                                                                                ~~~~~~~~~~^
/mnt/data/qrx_0936_work/qrx-core/src/qrx.c: In function 'generals_stage_air_combat_resolve':
[  3%] Building C object CMakeFiles/qrxcore.dir/src/mempool/qrx_velocity_scheduler.c.o
/mnt/data/qrx_0936_work/qrx-core/src/qrx.c:4123:127: warning: unused parameter 'h' [-Wunused-parameter]
 4123 | static int generals_stage_air_combat_resolve(QrxDBBatch*b,const char*c,const char*from,const char*p,const char*txid,long long h){(void)from;char*mid=payload_get_field(p,"mission_id");if(!mid)return -1;char st[64],iid[128],aid[128],eid[128],k[512];generals_mission_key(k,sizeof(k),mid,"status");if(generals_db_get(c,k,st,sizeof(st))||strcmp(st,"in_flight"))goto fail;generals_mission_key(k,sizeof(k),mid,"interceptor_unit_id");if(generals_db_get(c,k,iid,sizeof(iid)))goto fail;generals_mission_key(k,sizeof(k),mid,"unit_id");if(generals_db_get(c,k,aid,sizeof(aid)))goto fail;generals_mission_key(k,sizeof(k),mid,"escort_unit_id");int has_escort=!generals_db_get(c,k,eid,sizeof(eid));long long atk=generals_air_strength(c,aid)+(has_escort?generals_air_strength(c,eid):0),def=generals_air_strength(c,iid);/* deterministic: no block-order RNG */int rc=0;generals_mission_key(k,sizeof(k),mid,"air_combat_tx");rc|=qrxdb_batch_put(b,k,txid);generals_mission_key(k,sizeof(k),mid,"air_combat_attack_strength");rc|=velocity_batch_put_ll(b,k,atk);generals_mission_key(k,sizeof(k),mid,"air_combat_defense_strength");rc|=velocity_batch_put_ll(b,k,def);if(def>=atk){generals_mission_key(k,sizeof(k),mid,"status");rc|=qrxdb_batch_put(b,k,"intercepted");generals_mission_key(k,sizeof(k),mid,"air_combat_result");rc|=qrxdb_batch_put(b,k,"defender_wins");}else{generals_mission_key(k,sizeof(k),mid,"intercept_status");rc|=qrxdb_batch_put(b,k,"repelled");generals_mission_key(k,sizeof(k),mid,"air_combat_result");rc|=qrxdb_batch_put(b,k,"attacker_breakthrough");}free(mid);return rc?-1:0;fail:free(mid);return -1;}
      |                                                                                                                     ~~~~~~~~~~^
/mnt/data/qrx_0936_work/qrx-core/src/qrx.c: In function 'generals_stage_research_accelerate':
/mnt/data/qrx_0936_work/qrx-core/src/qrx.c:4233:2: warning: this 'if' clause does not guard... [-Wmisleading-indentation]
 4233 |  if(qub_atoms<=0)return -1;char*sid_s=payload_get_field(p,"season_id"),*rid=payload_get_field(p,"research_id");if(!sid_s||!rid)goto fail;long long sid=atoll(sid_s),csid=0,ss=0,se=0,tr=0,ts=0,te=0;if(generals_season_at(c,h,&csid,&ss,&se,&tr,&ts,&te)||sid!=csid||!generals_player_active_in_season(c,from,sid))goto fail;char k[1024],v[256];generals_research_key(k,sizeof(k),sid,from,"status");if(generals_db_get(c,k,v,sizeof(v))||strcmp(v,"active"))goto fail;generals_research_key(k,sizeof(k),sid,from,"research_id");if(generals_db_get(c,k,v,sizeof(v))||strcmp(v,rid))goto fail;generals_research_key(k,sizeof(k),sid,from,"completion_height");long long end=generals_db_ll(c,k,0);if(end<=h)goto fail;generals_research_key(k,sizeof(k),sid,from,"base_duration_blocks");long long base=generals_db_ll(c,k,0);generals_research_key(k,sizeof(k),sid,from,"accelerated_blocks");long long used=generals_db_ll(c,k,0),cap=base/2;if(used>=cap)goto fail;long long perqub=qrx_chain_get_ll_at_height_or_default(c,h,"generals_research_accel_blocks_per_qub",360);__int128 prod=(__int128)qub_atoms*perqub;long long requested=(long long)(prod/100000000LL);if(requested<1)goto fail;long long room=cap-used;if(requested>room||requested>end-h-1)goto fail;long long actual=requested;if(actual<1)goto fail;long long nend=end-actual;int rc=0;generals_research_key(k,sizeof(k),sid,from,"completion_height");rc|=velocity_batch_put_ll(b,k,nend);generals_research_key(k,sizeof(k),sid,from,"accelerated_blocks");rc|=velocity_batch_put_ll(b,k,used+actual);generals_research_key(k,sizeof(k),sid,from,"qub_spent_atoms");long long spent=generals_db_ll(c,k,0),nspent=0;checked_add_ll(spent,qub_atoms,"Generals research QUB spent",&nspent);rc|=velocity_batch_put_ll(b,k,nspent);generals_research_key(k,sizeof(k),sid,from,"last_accel_tx");rc|=qrxdb_batch_put(b,k,txid);rc|=generals_stage_treasury_credit(b,c,qub_atoms,h,txid,"GAME_RESEARCH_ACCELERATE");snprintf(k,sizeof(k),"generals:season:%lld:treasury_total_atoms",sid);long long st=generals_db_ll(c,k,0),nst=0;checked_add_ll(st,qub_atoms,"Season treasury",&nst);rc|=velocity_batch_put_ll(b,k,nst);snprintf(k,sizeof(k),"generals:season:%lld:research_atoms",sid);long long ra=generals_db_ll(c,k,0),nra=0;checked_add_ll(ra,qub_atoms,"Season research treasury",&nra);rc|=velocity_batch_put_ll(b,k,nra);free(sid_s);free(rid);return rc?-1:0;fail:free(sid_s);free(rid);return -1;}
      |  ^~
/mnt/data/qrx_0936_work/qrx-core/src/qrx.c:4233:28: note: ...this statement, but the latter is misleadingly indented as if it were guarded by the 'if'
 4233 |  if(qub_atoms<=0)return -1;char*sid_s=payload_get_field(p,"season_id"),*rid=payload_get_field(p,"research_id");if(!sid_s||!rid)goto fail;long long sid=atoll(sid_s),csid=0,ss=0,se=0,tr=0,ts=0,te=0;if(generals_season_at(c,h,&csid,&ss,&se,&tr,&ts,&te)||sid!=csid||!generals_player_active_in_season(c,from,sid))goto fail;char k[1024],v[256];generals_research_key(k,sizeof(k),sid,from,"status");if(generals_db_get(c,k,v,sizeof(v))||strcmp(v,"active"))goto fail;generals_research_key(k,sizeof(k),sid,from,"research_id");if(generals_db_get(c,k,v,sizeof(v))||strcmp(v,rid))goto fail;generals_research_key(k,sizeof(k),sid,from,"completion_height");long long end=generals_db_ll(c,k,0);if(end<=h)goto fail;generals_research_key(k,sizeof(k),sid,from,"base_duration_blocks");long long base=generals_db_ll(c,k,0);generals_research_key(k,sizeof(k),sid,from,"accelerated_blocks");long long used=generals_db_ll(c,k,0),cap=base/2;if(used>=cap)goto fail;long long perqub=qrx_chain_get_ll_at_height_or_default(c,h,"generals_research_accel_blocks_per_qub",360);__int128 prod=(__int128)qub_atoms*perqub;long long requested=(long long)(prod/100000000LL);if(requested<1)goto fail;long long room=cap-used;if(requested>room||requested>end-h-1)goto fail;long long actual=requested;if(actual<1)goto fail;long long nend=end-actual;int rc=0;generals_research_key(k,sizeof(k),sid,from,"completion_height");rc|=velocity_batch_put_ll(b,k,nend);generals_research_key(k,sizeof(k),sid,from,"accelerated_blocks");rc|=velocity_batch_put_ll(b,k,used+actual);generals_research_key(k,sizeof(k),sid,from,"qub_spent_atoms");long long spent=generals_db_ll(c,k,0),nspent=0;checked_add_ll(spent,qub_atoms,"Generals research QUB spent",&nspent);rc|=velocity_batch_put_ll(b,k,nspent);generals_research_key(k,sizeof(k),sid,from,"last_accel_tx");rc|=qrxdb_batch_put(b,k,txid);rc|=generals_stage_treasury_credit(b,c,qub_atoms,h,txid,"GAME_RESEARCH_ACCELERATE");snprintf(k,sizeof(k),"generals:season:%lld:treasury_total_atoms",sid);long long st=generals_db_ll(c,k,0),nst=0;checked_add_ll(st,qub_atoms,"Season treasury",&nst);rc|=velocity_batch_put_ll(b,k,nst);snprintf(k,sizeof(k),"generals:season:%lld:research_atoms",sid);long long ra=generals_db_ll(c,k,0),nra=0;checked_add_ll(ra,qub_atoms,"Season research treasury",&nra);rc|=velocity_batch_put_ll(b,k,nra);free(sid_s);free(rid);return rc?-1:0;fail:free(sid_s);free(rid);return -1;}
      |                            ^~~~
/mnt/data/qrx_0936_work/qrx-core/src/qrx.c:4233:1041: warning: ISO C does not support '__int128' types [-Wpedantic]
 4233 |  if(qub_atoms<=0)return -1;char*sid_s=payload_get_field(p,"season_id"),*rid=payload_get_field(p,"research_id");if(!sid_s||!rid)goto fail;long long sid=atoll(sid_s),csid=0,ss=0,se=0,tr=0,ts=0,te=0;if(generals_season_at(c,h,&csid,&ss,&se,&tr,&ts,&te)||sid!=csid||!generals_player_active_in_season(c,from,sid))goto fail;char k[1024],v[256];generals_research_key(k,sizeof(k),sid,from,"status");if(generals_db_get(c,k,v,sizeof(v))||strcmp(v,"active"))goto fail;generals_research_key(k,sizeof(k),sid,from,"research_id");if(generals_db_get(c,k,v,sizeof(v))||strcmp(v,rid))goto fail;generals_research_key(k,sizeof(k),sid,from,"completion_height");long long end=generals_db_ll(c,k,0);if(end<=h)goto fail;generals_research_key(k,sizeof(k),sid,from,"base_duration_blocks");long long base=generals_db_ll(c,k,0);generals_research_key(k,sizeof(k),sid,from,"accelerated_blocks");long long used=generals_db_ll(c,k,0),cap=base/2;if(used>=cap)goto fail;long long perqub=qrx_chain_get_ll_at_height_or_default(c,h,"generals_research_accel_blocks_per_qub",360);__int128 prod=(__int128)qub_atoms*perqub;long long requested=(long long)(prod/100000000LL);if(requested<1)goto fail;long long room=cap-used;if(requested>room||requested>end-h-1)goto fail;long long actual=requested;if(actual<1)goto fail;long long nend=end-actual;int rc=0;generals_research_key(k,sizeof(k),sid,from,"completion_height");rc|=velocity_batch_put_ll(b,k,nend);generals_research_key(k,sizeof(k),sid,from,"accelerated_blocks");rc|=velocity_batch_put_ll(b,k,used+actual);generals_research_key(k,sizeof(k),sid,from,"qub_spent_atoms");long long spent=generals_db_ll(c,k,0),nspent=0;checked_add_ll(spent,qub_atoms,"Generals research QUB spent",&nspent);rc|=velocity_batch_put_ll(b,k,nspent);generals_research_key(k,sizeof(k),sid,from,"last_accel_tx");rc|=qrxdb_batch_put(b,k,txid);rc|=generals_stage_treasury_credit(b,c,qub_atoms,h,txid,"GAME_RESEARCH_ACCELERATE");snprintf(k,sizeof(k),"generals:season:%lld:treasury_total_atoms",sid);long long st=generals_db_ll(c,k,0),nst=0;checked_add_ll(st,qub_atoms,"Season treasury",&nst);rc|=velocity_batch_put_ll(b,k,nst);snprintf(k,sizeof(k),"generals:season:%lld:research_atoms",sid);long long ra=generals_db_ll(c,k,0),nra=0;checked_add_ll(ra,qub_atoms,"Season research treasury",&nra);rc|=velocity_batch_put_ll(b,k,nra);free(sid_s);free(rid);return rc?-1:0;fail:free(sid_s);free(rid);return -1;}
      |                                                                                                                                                                                                                                                                                                                                                                                                                                                                                                                                                                                                                                                                                                                                                                                                                                                                                                                                                                                                                                                                                 ^~~~~~~~
/mnt/data/qrx_0936_work/qrx-core/src/qrx.c:4233:1056: warning: ISO C does not support '__int128' types [-Wpedantic]
 4233 |  if(qub_atoms<=0)return -1;char*sid_s=payload_get_field(p,"season_id"),*rid=payload_get_field(p,"research_id");if(!sid_s||!rid)goto fail;long long sid=atoll(sid_s),csid=0,ss=0,se=0,tr=0,ts=0,te=0;if(generals_season_at(c,h,&csid,&ss,&se,&tr,&ts,&te)||sid!=csid||!generals_player_active_in_season(c,from,sid))goto fail;char k[1024],v[256];generals_research_key(k,sizeof(k),sid,from,"status");if(generals_db_get(c,k,v,sizeof(v))||strcmp(v,"active"))goto fail;generals_research_key(k,sizeof(k),sid,from,"research_id");if(generals_db_get(c,k,v,sizeof(v))||strcmp(v,rid))goto fail;generals_research_key(k,sizeof(k),sid,from,"completion_height");long long end=generals_db_ll(c,k,0);if(end<=h)goto fail;generals_research_key(k,sizeof(k),sid,from,"base_duration_blocks");long long base=generals_db_ll(c,k,0);generals_research_key(k,sizeof(k),sid,from,"accelerated_blocks");long long used=generals_db_ll(c,k,0),cap=base/2;if(used>=cap)goto fail;long long perqub=qrx_chain_get_ll_at_height_or_default(c,h,"generals_research_accel_blocks_per_qub",360);__int128 prod=(__int128)qub_atoms*perqub;long long requested=(long long)(prod/100000000LL);if(requested<1)goto fail;long long room=cap-used;if(requested>room||requested>end-h-1)goto fail;long long actual=requested;if(actual<1)goto fail;long long nend=end-actual;int rc=0;generals_research_key(k,sizeof(k),sid,from,"completion_height");rc|=velocity_batch_put_ll(b,k,nend);generals_research_key(k,sizeof(k),sid,from,"accelerated_blocks");rc|=velocity_batch_put_ll(b,k,used+actual);generals_research_key(k,sizeof(k),sid,from,"qub_spent_atoms");long long spent=generals_db_ll(c,k,0),nspent=0;checked_add_ll(spent,qub_atoms,"Generals research QUB spent",&nspent);rc|=velocity_batch_put_ll(b,k,nspent);generals_research_key(k,sizeof(k),sid,from,"last_accel_tx");rc|=qrxdb_batch_put(b,k,txid);rc|=generals_stage_treasury_credit(b,c,qub_atoms,h,txid,"GAME_RESEARCH_ACCELERATE");snprintf(k,sizeof(k),"generals:season:%lld:treasury_total_atoms",sid);long long st=generals_db_ll(c,k,0),nst=0;checked_add_ll(st,qub_atoms,"Season treasury",&nst);rc|=velocity_batch_put_ll(b,k,nst);snprintf(k,sizeof(k),"generals:season:%lld:research_atoms",sid);long long ra=generals_db_ll(c,k,0),nra=0;checked_add_ll(ra,qub_atoms,"Season research treasury",&nra);rc|=velocity_batch_put_ll(b,k,nra);free(sid_s);free(rid);return rc?-1:0;fail:free(sid_s);free(rid);return -1;}
      |                                                                                                                                                                                                                                                                                                                                                                                                                                                                                                                                                                                                                                                                                                                                                                                                                                                                                                                                                                                                                                                                                                ^~~~~~~~
/mnt/data/qrx_0936_work/qrx-core/src/qrx.c: In function 'generals_season_bounds':
/mnt/data/qrx_0936_work/qrx-core/src/qrx.c:4281:5: warning: this 'if' clause does not guard... [-Wmisleading-indentation]
 4281 |     if(sid<1||len<=0)return -1; *start=first+(sid-1)*len; *end=*start+len-1; return 0;
      |     ^~
/mnt/data/qrx_0936_work/qrx-core/src/qrx.c:4281:33: note: ...this statement, but the latter is misleadingly indented as if it were guarded by the 'if'
 4281 |     if(sid<1||len<=0)return -1; *start=first+(sid-1)*len; *end=*start+len-1; return 0;
      |                                 ^
/mnt/data/qrx_0936_work/qrx-core/src/qrx.c: In function 'generals_stage_season_finalize':
/mnt/data/qrx_0936_work/qrx-core/src/qrx.c:4310:9: warning: this 'if' clause does not guard... [-Wmisleading-indentation]
 4310 |         if(rank[i].score>0 && clans[ci].score<=LLONG_MAX-rank[i].score)clans[ci].score+=rank[i].score;clans[ci].members++;
      |         ^~
/mnt/data/qrx_0936_work/qrx-core/src/qrx.c:4310:103: note: ...this statement, but the latter is misleadingly indented as if it were guarded by the 'if'
 4310 |         if(rank[i].score>0 && clans[ci].score<=LLONG_MAX-rank[i].score)clans[ci].score+=rank[i].score;clans[ci].members++;
      |                                                                                                       ^~~~~
[  3%] Building C object CMakeFiles/qrxcore.dir/src/mempool/qrx_velocity_mvcc.c.o
/mnt/data/qrx_0936_work/qrx-core/src/qrx.c: In function 'atomic_stage_generals':
/mnt/data/qrx_0936_work/qrx-core/src/qrx.c:4363: note: '-Wmisleading-indentation' is disabled from this point onwards, since column-tracking was disabled due to the size of the code/headers
 4363 | static int atomic_stage_generals(QrxDBBatch*b,const char*c,const char*from,const char*t,const char*p,const char*txid,long long h,long long cost){long long act=qrx_chain_get_ll_at_height_or_default(c,h+1,"generals_activation_height",0);if(h+1<act)return -1;if(!strcmp(t,"GAME_JOIN"))return generals_stage_join(b,c,from,p,txid,h,cost);if(!strcmp(t,"GAME_CLAN_CREATE"))return generals_stage_clan_create(b,c,from,p,txid,h,cost);if(!strcmp(t,"GAME_CLAN_INVITE"))return generals_stage_clan_invite(b,c,from,p,txid,h,cost);if(!strcmp(t,"GAME_CLAN_INVITE_REVOKE")){int r=generals_stage_clan_invite_revoke(b,c,from,p,txid,h);if(!r&&cost>0)r=generals_stage_treasury_credit(b,c,cost,h,txid,"GAME_CLAN_INVITE_REVOKE");return r;}if(!strcmp(t,"GAME_CLAN_JOIN")){int r=generals_stage_clan_join(b,c,from,p,txid,h);if(!r&&cost>0)r=generals_stage_treasury_credit(b,c,cost,h,txid,"GAME_CLAN_JOIN");return r;}if(!strcmp(t,"GAME_CLAN_LEAVE")){int r=generals_stage_clan_leave(b,c,from,txid,h);if(!r&&cost>0)r=generals_stage_treasury_credit(b,c,cost,h,txid,"GAME_CLAN_LEAVE");return r;}if(!strcmp(t,"GAME_CLAN_OFFICER_SET")){int r=generals_stage_clan_officer_set(b,c,from,p,txid,h);if(!r&&cost>0)r=generals_stage_treasury_credit(b,c,cost,h,txid,"GAME_CLAN_OFFICER_SET");return r;}if(!strcmp(t,"GAME_CLAN_DIRECTIVE")){int r=generals_stage_clan_directive(b,c,from,p,txid,h);if(!r&&cost>0)r=generals_stage_treasury_credit(b,c,cost,h,txid,"GAME_CLAN_DIRECTIVE");return r;}if(!strcmp(t,"GAME_CLAN_LEADER_TRANSFER")){int r=generals_stage_clan_leader_transfer(b,c,from,p,txid,h);if(!r&&cost>0)r=generals_stage_treasury_credit(b,c,cost,h,txid,"GAME_CLAN_LEADER_TRANSFER");return r;}if(!strcmp(t,"GAME_SEASON_JOIN"))return generals_stage_season_join(b,c,from,p,txid,h,cost);if(!strcmp(t,"GAME_ENERGY_SPEND")){int r=generals_stage_energy_spend(b,c,from,p,txid,h);if(!r&&cost>0)r=generals_stage_treasury_credit(b,c,cost,h,txid,"GAME_ENERGY_SPEND");return r;}if(!strcmp(t,"GAME_ORDER_COMMIT")){int r=generals_stage_order_commit(b,c,from,p,txid,h);if(!r&&cost>0)r=generals_stage_treasury_credit(b,c,cost,h,txid,"GAME_ORDER_COMMIT");return r;}if(!strcmp(t,"GAME_ORDER_REVEAL")){int r=generals_stage_order_reveal(b,c,from,p,txid,h);if(!r&&cost>0)r=generals_stage_treasury_credit(b,c,cost,h,txid,"GAME_ORDER_REVEAL");return r;}if(!strcmp(t,"GAME_MARCH_ADVANCE")){int r=generals_stage_march_advance(b,c,from,p,txid,h);if(!r&&cost>0)r=generals_stage_treasury_credit(b,c,cost,h,txid,"GAME_MARCH_ADVANCE");return r;}if(!strcmp(t,"GAME_TURN_RESOLVE")){int r=generals_stage_turn_resolve(b,c,from,p,txid,h);if(!r&&cost>0)r=generals_stage_treasury_credit(b,c,cost,h,txid,"GAME_TURN_RESOLVE");return r;}if(!strcmp(t,"GAME_INFRA_BUILD")){int r=generals_stage_infra_build(b,c,from,p,txid,h);if(!r&&cost>0)r=generals_stage_treasury_credit(b,c,cost,h,txid,"GAME_INFRA_BUILD");return r;}if(!strcmp(t,"GAME_PRODUCE_UNIT")){int r=generals_stage_produce_unit(b,c,from,p,txid,h);if(!r&&cost>0)r=generals_stage_treasury_credit(b,c,cost,h,txid,"GAME_PRODUCE_UNIT");return r;}if(!strcmp(t,"GAME_SUPPLY_TRANSFER")){int r=generals_stage_supply_transfer(b,c,from,p,h);if(!r&&cost>0)r=generals_stage_treasury_credit(b,c,cost,h,txid,"GAME_SUPPLY_TRANSFER");return r;}if(!strcmp(t,"GAME_REPAIR_UNIT")){int r=generals_stage_service_unit(b,c,from,p,h,1);if(!r&&cost>0)r=generals_stage_treasury_credit(b,c,cost,h,txid,"GAME_REPAIR_UNIT");return r;}if(!strcmp(t,"GAME_REARM_UNIT")){int r=generals_stage_service_unit(b,c,from,p,h,0);if(!r&&cost>0)r=generals_stage_treasury_credit(b,c,cost,h,txid,"GAME_REARM_UNIT");return r;}if(!strcmp(t,"GAME_INFRA_ATTACK")){int r=generals_stage_infra_attack(b,c,from,p,txid,h);if(!r&&cost>0)r=generals_stage_treasury_credit(b,c,cost,h,txid,"GAME_INFRA_ATTACK");return r;}if(!strcmp(t,"GAME_ROAD_REPAIR")){int r=generals_stage_road_repair(b,c,from,p,h);if(!r&&cost>0)r=generals_stage_treasury_credit(b,c,cost,h,txid,"GAME_ROAD_REPAIR");return r;}if(!strcmp(t,"GAME_UNIT_RESUPPLY")){int r=generals_stage_unit_resupply(b,c,from,p,h);if(!r&&cost>0)r=generals_stage_treasury_credit(b,c,cost,h,txid,"GAME_UNIT_RESUPPLY");return r;}if(!strcmp(t,"GAME_RECON_SCAN")){int r=generals_stage_recon_scan(b,c,from,p,txid,h);if(!r&&cost>0)r=generals_stage_treasury_credit(b,c,cost,h,txid,"GAME_RECON_SCAN");return r;}if(!strcmp(t,"GAME_EW_JAM")){int r=generals_stage_ew_jam(b,c,from,p,txid,h);if(!r&&cost>0)r=generals_stage_treasury_credit(b,c,cost,h,txid,"GAME_EW_JAM");return r;}if(!strcmp(t,"GAME_AIR_MISSION")){int r=generals_stage_air_mission(b,c,from,p,txid,h);if(!r&&cost>0)r=generals_stage_treasury_credit(b,c,cost,h,txid,"GAME_AIR_MISSION");return r;}if(!strcmp(t,"GAME_RADAR_SCAN")){int r=generals_stage_radar_scan(b,c,from,p,txid,h);if(!r&&cost>0)r=generals_stage_treasury_credit(b,c,cost,h,txid,"GAME_RADAR_SCAN");return r;}if(!strcmp(t,"GAME_SAM_INTERCEPT")){int r=generals_stage_sam_intercept(b,c,from,p,txid,h);if(!r&&cost>0)r=generals_stage_treasury_credit(b,c,cost,h,txid,"GAME_SAM_INTERCEPT");return r;}if(!strcmp(t,"GAME_MISSILE_LAUNCH")){int r=generals_stage_missile_launch(b,c,from,p,txid,h);if(!r&&cost>0)r=generals_stage_treasury_credit(b,c,cost,h,txid,"GAME_MISSILE_LAUNCH");return r;}if(!strcmp(t,"GAME_STRIKE_RESOLVE")){int r=generals_stage_strike_resolve(b,c,from,p,txid,h);if(!r&&cost>0)r=generals_stage_treasury_credit(b,c,cost,h,txid,"GAME_STRIKE_RESOLVE");return r;}if(!strcmp(t,"GAME_CAP_MISSION")){int r=generals_stage_cap_mission(b,c,from,p,txid,h);if(!r&&cost>0)r=generals_stage_treasury_credit(b,c,cost,h,txid,"GAME_CAP_MISSION");return r;}if(!strcmp(t,"GAME_ESCORT_MISSION")){int r=generals_stage_escort_mission(b,c,from,p,txid,h);if(!r&&cost>0)r=generals_stage_treasury_credit(b,c,cost,h,txid,"GAME_ESCORT_MISSION");return r;}if(!strcmp(t,"GAME_AIR_INTERCEPT")){int r=generals_stage_air_intercept(b,c,from,p,txid,h);if(!r&&cost>0)r=generals_stage_treasury_credit(b,c,cost,h,txid,"GAME_AIR_INTERCEPT");return r;}if(!strcmp(t,"GAME_AIR_COMBAT_RESOLVE")){int r=generals_stage_air_combat_resolve(b,c,from,p,txid,h);if(!r&&cost>0)r=generals_stage_treasury_credit(b,c,cost,h,txid,"GAME_AIR_COMBAT_RESOLVE");return r;}if(!strcmp(t,"GAME_AIR_FORMATION")){int r=generals_stage_air_formation(b,c,from,p,txid,h);if(!r&&cost>0)r=generals_stage_treasury_credit(b,c,cost,h,txid,"GAME_AIR_FORMATION");return r;}if(!strcmp(t,"GAME_CAP_AUTO_INTERCEPT")){int r=generals_stage_cap_auto_intercept(b,c,from,p,txid,h);if(!r&&cost>0)r=generals_stage_treasury_credit(b,c,cost,h,txid,"GAME_CAP_AUTO_INTERCEPT");return r;}if(!strcmp(t,"GAME_AIR_RTB")){int r=generals_stage_air_rtb(b,c,from,p,txid,h);if(!r&&cost>0)r=generals_stage_treasury_credit(b,c,cost,h,txid,"GAME_AIR_RTB");return r;}if(!strcmp(t,"GAME_SEAD_MISSION")){int r=generals_stage_sead(b,c,from,p,txid,h);if(!r&&cost>0)r=generals_stage_treasury_credit(b,c,cost,h,txid,"GAME_SEAD_MISSION");return r;}if(!strcmp(t,"GAME_NAVAL_DEPLOY")){int r=generals_stage_naval_deploy(b,c,from,p,txid,h);if(!r&&cost>0)r=generals_stage_treasury_credit(b,c,cost,h,txid,"GAME_NAVAL_DEPLOY");return r;}if(!strcmp(t,"GAME_FLEET_CREATE")){int r=generals_stage_fleet_create(b,c,from,p,txid,h);if(!r&&cost>0)r=generals_stage_treasury_credit(b,c,cost,h,txid,"GAME_FLEET_CREATE");return r;}if(!strcmp(t,"GAME_NAVAL_ATTACK")){int r=generals_stage_naval_attack(b,c,from,p,txid,h);if(!r&&cost>0)r=generals_stage_treasury_credit(b,c,cost,h,txid,"GAME_NAVAL_ATTACK");return r;}if(!strcmp(t,"GAME_NAVAL_COMBAT_RESOLVE")){int r=generals_stage_naval_resolve(b,c,from,p,txid,h);if(!r&&cost>0)r=generals_stage_treasury_credit(b,c,cost,h,txid,"GAME_NAVAL_COMBAT_RESOLVE");return r;}if(!strcmp(t,"GAME_CARRIER_AIR_WING")){int r=generals_stage_carrier_wing(b,c,from,p,txid,h);if(!r&&cost>0)r=generals_stage_treasury_credit(b,c,cost,h,txid,"GAME_CARRIER_AIR_WING");return r;}if(!strcmp(t,"GAME_NAVAL_BLOCKADE")){int r=generals_stage_naval_blockade(b,c,from,p,txid,h);if(!r&&cost>0)r=generals_stage_treasury_credit(b,c,cost,h,txid,"GAME_NAVAL_BLOCKADE");return r;}if(!strcmp(t,"GAME_NAVAL_MOVE")){int r=generals_stage_naval_move(b,c,from,p,txid,h);if(!r&&cost>0)r=generals_stage_treasury_credit(b,c,cost,h,txid,"GAME_NAVAL_MOVE");return r;}if(!strcmp(t,"GAME_AMPHIBIOUS_LOAD")){int r=generals_stage_amphibious_load(b,c,from,p,h);if(!r&&cost>0)r=generals_stage_treasury_credit(b,c,cost,h,txid,"GAME_AMPHIBIOUS_LOAD");return r;}if(!strcmp(t,"GAME_AMPHIBIOUS_LAND")){int r=generals_stage_amphibious_land(b,c,from,p,h);if(!r&&cost>0)r=generals_stage_treasury_credit(b,c,cost,h,txid,"GAME_AMPHIBIOUS_LAND");return r;}if(!strcmp(t,"GAME_SEA_SUPPLY")){int r=generals_stage_sea_supply(b,c,from,p,h);if(!r&&cost>0)r=generals_stage_treasury_credit(b,c,cost,h,txid,"GAME_SEA_SUPPLY");return r;}if(!strcmp(t,"GAME_STRATEGIC_CLAIM")){int r=generals_stage_strategic_claim(b,c,from,p,txid,h);if(!r&&cost>0)r=generals_stage_treasury_credit(b,c,cost,h,txid,"GAME_STRATEGIC_CLAIM");return r;}if(!strcmp(t,"GAME_ECONOMY_COLLECT")){int r=generals_stage_economy_collect(b,c,from,p,txid,h);if(!r&&cost>0)r=generals_stage_treasury_credit(b,c,cost,h,txid,"GAME_ECONOMY_COLLECT");return r;}if(!strcmp(t,"GAME_CITY_DEVELOP")){int r=generals_stage_city_develop(b,c,from,p,txid,h);if(!r&&cost>0)r=generals_stage_treasury_credit(b,c,cost,h,txid,"GAME_CITY_DEVELOP");return r;}if(!strcmp(t,"GAME_INDUSTRY_INVEST")){int r=generals_stage_industry_invest(b,c,from,p,txid,h);if(!r&&cost>0)r=generals_stage_treasury_credit(b,c,cost,h,txid,"GAME_INDUSTRY_INVEST");return r;}if(!strcmp(t,"GAME_RESEARCH_START")){int r=generals_stage_research_start(b,c,from,p,txid,h);if(!r&&cost>0)r=generals_stage_treasury_credit(b,c,cost,h,txid,"GAME_RESEARCH_START");return r;}if(!strcmp(t,"GAME_RESEARCH_ACCELERATE"))return generals_stage_research_accelerate(b,c,from,p,txid,h,cost);if(!strcmp(t,"GAME_RESEARCH_COMPLETE")){int r=generals_stage_research_complete(b,c,from,p,txid,h);if(!r&&cost>0)r=generals_stage_treasury_credit(b,c,cost,h,txid,"GAME_RESEARCH_COMPLETE");return r;}if(!strcmp(t,"GAME_DOCTRINE_SELECT")){int r=generals_stage_doctrine_select(b,c,from,p,txid,h);if(!r&&cost>0)r=generals_stage_treasury_credit(b,c,cost,h,txid,"GAME_DOCTRINE_SELECT");return r;}if(!strcmp(t,"GAME_TECH_RECON")){int r=generals_stage_tech_recon(b,c,from,p,txid,h);if(!r&&cost>0)r=generals_stage_treasury_credit(b,c,cost,h,txid,"GAME_TECH_RECON");return r;}if(!strcmp(t,"GAME_RESEARCH_DISRUPT")){int r=generals_stage_research_disrupt(b,c,from,p,txid,h);if(!r&&cost>0)r=generals_stage_treasury_credit(b,c,cost,h,txid,"GAME_RESEARCH_DISRUPT");return r;}if(!strcmp(t,"GAME_COUNTERINTEL_ACTIVATE")){int r=generals_stage_counterintel(b,c,from,p,txid,h);if(!r&&cost>0)r=generals_stage_treasury_credit(b,c,cost,h,txid,"GAME_COUNTERINTEL_ACTIVATE");return r;}if(!strcmp(t,"GAME_SEASON_FINALIZE"))return generals_stage_season_finalize(b,c,from,p,txid,h);if(!strcmp(t,"GAME_REWARD_CLAIM"))return generals_stage_reward_claim(b,c,from,p,txid,h);if(!strcmp(t,"GAME_TREASURY_FUND"))return generals_stage_treasury_credit(b,c,cost,h,txid,"GAME_TREASURY_FUND");return -1;}
/mnt/data/qrx_0936_work/qrx-core/src/qrx.c:4363: note: adding '-flarge-source-files' will allow for more column-tracking support, at the expense of compilation time and memory
/mnt/data/qrx_0936_work/qrx-core/src/qrx.c: In function 'generals_region_info_cmd':
/mnt/data/qrx_0936_work/qrx-core/src/qrx.c:4385:2: warning: this 'if' clause does not guard... [-Wmisleading-indentation]
 4385 |  if(w<1||h<1||w*h>1024)die("region too large"); long long ww=0,hh=0;generals_world_dims(c,sid,1,&ww,&hh);printf("format=qrx-generals-region-v1\nseason_id=%lld\n",sid);
      |  ^~
/mnt/data/qrx_0936_work/qrx-core/src/qrx.c:4385:49: note: ...this statement, but the latter is misleadingly indented as if it were guarded by the 'if'
 4385 |  if(w<1||h<1||w*h>1024)die("region too large"); long long ww=0,hh=0;generals_world_dims(c,sid,1,&ww,&hh);printf("format=qrx-generals-region-v1\nseason_id=%lld\n",sid);
      |                                                 ^~~~
/mnt/data/qrx_0936_work/qrx-core/src/qrx.c:4386:2: warning: this 'for' clause does not guard... [-Wmisleading-indentation]
 4386 |  for(long long y=y0;y<y0+h;y++)for(long long x=x0;x<x0+w;x++){if(x<0||y<0||x>=ww||y>=hh)continue;char occ[256]={0},own[256]={0};generals_tile_occupied(c,sid,x,y,occ,sizeof(occ));generals_territory_owner(c,sid,x,y,own,sizeof(own));GeneralsStrategicFeature f=generals_strategic_feature(sid,x,y);printf("tile=%lld,%lld,%s,%s,%s,%s\n",x,y,generals_terrain(sid,x,y),occ,own,f.type); } return 0;
      |  ^~~
/mnt/data/qrx_0936_work/qrx-core/src/mempool/qrx_velocity_mvcc.c: In function 'field':
/mnt/data/qrx_0936_work/qrx-core/src/mempool/qrx_velocity_mvcc.c:29:5: warning: this 'if' clause does not guard... [-Wmisleading-indentation]
   29 |     if(!tx||!key||!out||out_sz==0)return -1; size_t kl=strlen(key); const char *p=tx;
      |     ^~
/mnt/data/qrx_0936_work/qrx-core/src/mempool/qrx_velocity_mvcc.c:29:46: note: ...this statement, but the latter is misleadingly indented as if it were guarded by the 'if'
   29 |     if(!tx||!key||!out||out_sz==0)return -1; size_t kl=strlen(key); const char *p=tx;
      |                                              ^~~~~~
/mnt/data/qrx_0936_work/qrx-core/src/mempool/qrx_velocity_mvcc.c: In function 'parse_ll':
/mnt/data/qrx_0936_work/qrx-core/src/mempool/qrx_velocity_mvcc.c:34:5: warning: this 'if' clause does not guard... [-Wmisleading-indentation]
   34 |     if(!s||!*s||!out)return -1; errno=0; char *end=NULL; long long v=strtoll(s,&end,10);
      |     ^~
In file included from /mnt/data/qrx_0936_work/qrx-core/src/mempool/qrx_velocity_mvcc.c:3:
/mnt/data/qrx_0936_work/qrx-core/src/mempool/qrx_velocity_mvcc.c:34:33: note: ...this statement, but the latter is misleadingly indented as if it were guarded by the 'if'
   34 |     if(!s||!*s||!out)return -1; errno=0; char *end=NULL; long long v=strtoll(s,&end,10);
      |                                 ^~~~~
/mnt/data/qrx_0936_work/qrx-core/src/mempool/qrx_velocity_mvcc.c:35:5: warning: this 'if' clause does not guard... [-Wmisleading-indentation]
   35 |     if(errno||!end||*end)return -1; if(positive ? v<=0 : v<0)return -1; *out=v; return 0;
      |     ^~
/mnt/data/qrx_0936_work/qrx-core/src/mempool/qrx_velocity_mvcc.c:35:37: note: ...this statement, but the latter is misleadingly indented as if it were guarded by the 'if'
   35 |     if(errno||!end||*end)return -1; if(positive ? v<=0 : v<0)return -1; *out=v; return 0;
      |                                     ^~
/mnt/data/qrx_0936_work/qrx-core/src/mempool/qrx_velocity_mvcc.c: In function 'kv_reserve':
/mnt/data/qrx_0936_work/qrx-core/src/mempool/qrx_velocity_mvcc.c:45:5: warning: this 'if' clause does not guard... [-Wmisleading-indentation]
   45 |     if(need<=*cap)return 0; size_t nc=*cap?*cap*2:16; while(nc<need)nc*=2;
      |     ^~
/mnt/data/qrx_0936_work/qrx-core/src/mempool/qrx_velocity_mvcc.c:45:29: note: ...this statement, but the latter is misleadingly indented as if it were guarded by the 'if'
   45 |     if(need<=*cap)return 0; size_t nc=*cap?*cap*2:16; while(nc<need)nc*=2;
      |                             ^~~~~~
/mnt/data/qrx_0936_work/qrx-core/src/mempool/qrx_velocity_mvcc.c: In function 'kv_find':
/mnt/data/qrx_0936_work/qrx-core/src/mempool/qrx_velocity_mvcc.c:62:5: warning: this 'for' clause does not guard... [-Wmisleading-indentation]
   62 |     for(size_t i=count;i>0;i--)if(!strcmp(arr[i-1].key,key))return arr[i-1].value; return NULL;
      |     ^~~
/mnt/data/qrx_0936_work/qrx-core/src/mempool/qrx_velocity_mvcc.c:62:84: note: ...this statement, but the latter is misleadingly indented as if it were guarded by the 'for'
   62 |     for(size_t i=count;i>0;i--)if(!strcmp(arr[i-1].key,key))return arr[i-1].value; return NULL;
      |                                                                                    ^~~~~~
/mnt/data/qrx_0936_work/qrx-core/src/qrx.c:4386:381: note: ...this statement, but the latter is misleadingly indented as if it were guarded by the 'for'
 4386 |  for(long long y=y0;y<y0+h;y++)for(long long x=x0;x<x0+w;x++){if(x<0||y<0||x>=ww||y>=hh)continue;char occ[256]={0},own[256]={0};generals_tile_occupied(c,sid,x,y,occ,sizeof(occ));generals_territory_owner(c,sid,x,y,own,sizeof(own));GeneralsStrategicFeature f=generals_strategic_feature(sid,x,y);printf("tile=%lld,%lld,%s,%s,%s,%s\n",x,y,generals_terrain(sid,x,y),occ,own,f.type); } return 0;
      |                                                                                                                                                                                                                                                                                                                                                                                             ^~~~~~
/mnt/data/qrx_0936_work/qrx-core/src/mempool/qrx_velocity_mvcc.c: In function 'strset_add':
/mnt/data/qrx_0936_work/qrx-core/src/mempool/qrx_velocity_mvcc.c:68:5: warning: this 'if' clause does not guard... [-Wmisleading-indentation]
   68 |     if(!arr||!count||!cap||!value||!*value)return -1;for(size_t i=0;i<*count;i++)if(!strcmp((*arr)[i],value))return 0;
      |     ^~
/mnt/data/qrx_0936_work/qrx-core/src/mempool/qrx_velocity_mvcc.c:68:54: note: ...this statement, but the latter is misleadingly indented as if it were guarded by the 'if'
   68 |     if(!arr||!count||!cap||!value||!*value)return -1;for(size_t i=0;i<*count;i++)if(!strcmp((*arr)[i],value))return 0;
      |                                                      ^~~
/mnt/data/qrx_0936_work/qrx-core/src/mempool/qrx_velocity_mvcc.c: In function 'snapshot_get':
/mnt/data/qrx_0936_work/qrx-core/src/mempool/qrx_velocity_mvcc.c:77:5: warning: this 'if' clause does not guard... [-Wmisleading-indentation]
   77 |     if(ws_track_read(ws,key))return -1;const char *ov=kv_find(overlay,overlay_count,key); if(ov){snprintf(out,out_sz,"%s",ov);if(found)*found=1;return 0;}
      |     ^~
/mnt/data/qrx_0936_work/qrx-core/src/mempool/qrx_velocity_mvcc.c:77:40: note: ...this statement, but the latter is misleadingly indented as if it were guarded by the 'if'
   77 |     if(ws_track_read(ws,key))return -1;const char *ov=kv_find(overlay,overlay_count,key); if(ov){snprintf(out,out_sz,"%s",ov);if(found)*found=1;return 0;}
      |                                        ^~~~~
/mnt/data/qrx_0936_work/qrx-core/src/mempool/qrx_velocity_mvcc.c:79:5: warning: this 'if' clause does not guard... [-Wmisleading-indentation]
   79 |     if(out_sz)out[0]=0;if(found)*found=0;return 0;
      |     ^~
/mnt/data/qrx_0936_work/qrx-core/src/mempool/qrx_velocity_mvcc.c:79:24: note: ...this statement, but the latter is misleadingly indented as if it were guarded by the 'if'
   79 |     if(out_sz)out[0]=0;if(found)*found=0;return 0;
      |                        ^~
/mnt/data/qrx_0936_work/qrx-core/src/mempool/qrx_velocity_mvcc.c: In function 'payload_field_mvcc':
/mnt/data/qrx_0936_work/qrx-core/src/mempool/qrx_velocity_mvcc.c:93:5: warning: this 'if' clause does not guard... [-Wmisleading-indentation]
   93 |     if(!payload||!key||!out||!out_sz)return -1;size_t kl=strlen(key);const char *p=payload;
      |     ^~
/mnt/data/qrx_0936_work/qrx-core/src/mempool/qrx_velocity_mvcc.c:93:48: note: ...this statement, but the latter is misleadingly indented as if it were guarded by the 'if'
   93 |     if(!payload||!key||!out||!out_sz)return -1;size_t kl=strlen(key);const char *p=payload;
      |                                                ^~~~~~
/mnt/data/qrx_0936_work/qrx-core/src/mempool/qrx_velocity_mvcc.c: In function 'prepare_common_nontransfer':
/mnt/data/qrx_0936_work/qrx-core/src/mempool/qrx_velocity_mvcc.c:123:5: warning: this 'if' clause does not guard... [-Wmisleading-indentation]
  123 |     if(ws_put(ws,k_payload,tx))goto oom;snprintf(tmp,sizeof(tmp),"height=%lld\ntype=velocity-%s-mvcc\ncommitted=1\n",height,type);if(ws_put(ws,k_consensus,tmp))goto oom;
      |     ^~
/mnt/data/qrx_0936_work/qrx-core/src/mempool/qrx_velocity_mvcc.c:123:41: note: ...this statement, but the latter is misleadingly indented as if it were guarded by the 'if'
  123 |     if(ws_put(ws,k_payload,tx))goto oom;snprintf(tmp,sizeof(tmp),"height=%lld\ntype=velocity-%s-mvcc\ncommitted=1\n",height,type);if(ws_put(ws,k_consensus,tmp))goto oom;
      |                                         ^~~~~~~~
/mnt/data/qrx_0936_work/qrx-core/src/mempool/qrx_velocity_mvcc.c: In function 'prepare_agent_stateful':
/mnt/data/qrx_0936_work/qrx-core/src/mempool/qrx_velocity_mvcc.c:146:13: warning: this 'if' clause does not guard... [-Wmisleading-indentation]
  146 |             if(payload_field_mvcc(payload,"agent_ed25519_pub_hex",ed,sizeof(ed))||payload_field_mvcc(payload,"agent_mldsa65_pub_b64",ml,sizeof(ml)))goto bad;APUT("ed25519_pub_hex",ed);APUT("mldsa65_pub_b64",ml);
      |             ^~
/mnt/data/qrx_0936_work/qrx-core/src/mempool/qrx_velocity_mvcc.c:141:19: note: ...this statement, but the latter is misleadingly indented as if it were guarded by the 'if'
  141 | #define APUT(F,V) do{agent_key(k,sizeof(k),agent,(F));if(ws_put(ws,k,(V)))goto oom;}while(0)
      |                   ^~
/mnt/data/qrx_0936_work/qrx-core/src/mempool/qrx_velocity_mvcc.c:146:158: note: in expansion of macro 'APUT'
  146 |             if(payload_field_mvcc(payload,"agent_ed25519_pub_hex",ed,sizeof(ed))||payload_field_mvcc(payload,"agent_mldsa65_pub_b64",ml,sizeof(ml)))goto bad;APUT("ed25519_pub_hex",ed);APUT("mldsa65_pub_b64",ml);
      |                                                                                                                                                              ^~~~
In file included from /mnt/data/qrx_0936_work/qrx-core/src/mempool/qrx_velocity_mvcc.c:174:
/mnt/data/qrx_0936_work/qrx-core/src/mempool/qrx_velocity_dynamic.inc: In function 'mvcc_token_list_contains_ci':
/mnt/data/qrx_0936_work/qrx-core/src/mempool/qrx_velocity_dynamic.inc:26:5: warning: this 'if' clause does not guard... [-Wmisleading-indentation]
   26 |     if(!list||!needle||!*needle)return 0;const char *cur=list;size_t nl=strlen(needle);
      |     ^~
/mnt/data/qrx_0936_work/qrx-core/src/mempool/qrx_velocity_dynamic.inc:26:42: note: ...this statement, but the latter is misleadingly indented as if it were guarded by the 'if'
   26 |     if(!list||!needle||!*needle)return 0;const char *cur=list;size_t nl=strlen(needle);
      |                                          ^~~~~
/mnt/data/qrx_0936_work/qrx-core/src/mempool/qrx_velocity_dynamic.inc:28:9: warning: this 'if' clause does not guard... [-Wmisleading-indentation]
   28 |         if(n==1&&cur[0]=='*')return 1;if(n==nl){size_t i=0;for(;i<n;i++)if(mvcc_ascii_tolower((unsigned char)cur[i])!=mvcc_ascii_tolower((unsigned char)needle[i]))break;if(i==n)return 1;}cur=*end?end+1:end;
      |         ^~
/mnt/data/qrx_0936_work/qrx-core/src/mempool/qrx_velocity_dynamic.inc:28:39: note: ...this statement, but the latter is misleadingly indented as if it were guarded by the 'if'
   28 |         if(n==1&&cur[0]=='*')return 1;if(n==nl){size_t i=0;for(;i<n;i++)if(mvcc_ascii_tolower((unsigned char)cur[i])!=mvcc_ascii_tolower((unsigned char)needle[i]))break;if(i==n)return 1;}cur=*end?end+1:end;
      |                                       ^~
/mnt/data/qrx_0936_work/qrx-core/src/mempool/qrx_velocity_dynamic.inc: In function 'mvcc_sha3_512_hex':
/mnt/data/qrx_0936_work/qrx-core/src/mempool/qrx_velocity_dynamic.inc:35:5: warning: this 'for' clause does not guard... [-Wmisleading-indentation]
   35 |     for(size_t i=0;i<64;i++)sprintf(out+i*2,"%02x",d[i]);out[128]=0;return 0;
      |     ^~~
/mnt/data/qrx_0936_work/qrx-core/src/mempool/qrx_velocity_dynamic.inc:35:58: note: ...this statement, but the latter is misleadingly indented as if it were guarded by the 'for'
   35 |     for(size_t i=0;i<64;i++)sprintf(out+i*2,"%02x",d[i]);out[128]=0;return 0;
      |                                                          ^~~
/mnt/data/qrx_0936_work/qrx-core/src/mempool/qrx_velocity_dynamic.inc: In function 'mvcc_mul_div_floor_nonneg':
/mnt/data/qrx_0936_work/qrx-core/src/mempool/qrx_velocity_dynamic.inc:63:5: warning: this 'if' clause does not guard... [-Wmisleading-indentation]
   63 |     if(a<0||b<0||d<=0||!out)return -1;unsigned long long q=0,rem=0,ub=(unsigned long long)b,ud=(unsigned long long)d,base_q=ub/ud,base_r=ub%ud,ua=(unsigned long long)a;
      |     ^~
/mnt/data/qrx_0936_work/qrx-core/src/mempool/qrx_velocity_dynamic.inc:63:39: note: ...this statement, but the latter is misleadingly indented as if it were guarded by the 'if'
   63 |     if(a<0||b<0||d<=0||!out)return -1;unsigned long long q=0,rem=0,ub=(unsigned long long)b,ud=(unsigned long long)d,base_q=ub/ud,base_r=ub%ud,ua=(unsigned long long)a;
      |                                       ^~~~~~~~
/mnt/data/qrx_0936_work/qrx-core/src/qrx.c: In function 'staking_claim_amount':
/mnt/data/qrx_0936_work/qrx-core/src/mempool/qrx_velocity_dynamic.inc: In function 'mvcc_collect_candidates':
/mnt/data/qrx_0936_work/qrx-core/src/mempool/qrx_velocity_dynamic.inc:120:9: warning: this 'if' clause does not guard... [-Wmisleading-indentation]
  120 |         if(mvcc_order_get(db,snap,overlay,overlay_count,ws,id,"kind",kind,sizeof(kind),&fk)||mvcc_order_get(db,snap,overlay,overlay_count,ws,id,"status",status,sizeof(status),&fs)||!fk||!fs)continue;if(strcmp(kind,"native"))continue;
      |         ^~
/mnt/data/qrx_0936_work/qrx-core/src/mempool/qrx_velocity_dynamic.inc:120:200: note: ...this statement, but the latter is misleadingly indented as if it were guarded by the 'if'
  120 |         if(mvcc_order_get(db,snap,overlay,overlay_count,ws,id,"kind",kind,sizeof(kind),&fk)||mvcc_order_get(db,snap,overlay,overlay_count,ws,id,"status",status,sizeof(status),&fs)||!fk||!fs)continue;if(strcmp(kind,"native"))continue;
      |                                                                                                                                                                                                        ^~
/mnt/data/qrx_0936_work/qrx-core/src/mempool/qrx_velocity_dynamic.inc: In function 'mvcc_settle_match':
/mnt/data/qrx_0936_work/qrx-core/src/mempool/qrx_velocity_dynamic.inc:136:5: warning: this 'if' clause does not guard... [-Wmisleading-indentation]
  136 |     if(qty<=0||qty>buyer_rem_before||qty>seller_rem_before||buyer_lock<quote_amt||seller_lock<qty)return -1;long long buyer_rem=buyer_rem_before-qty,seller_rem=seller_rem_before-qty,buyer_filled=0,seller_filled=0;if(add_ll(buyer_filled_before,qty,&buyer_filled)||add_ll(seller_filled_before,qty,&seller_filled))return -1;
      |     ^~
/mnt/data/qrx_0936_work/qrx-core/src/mempool/qrx_velocity_dynamic.inc:136:109: note: ...this statement, but the latter is misleadingly indented as if it were guarded by the 'if'
  136 |     if(qty<=0||qty>buyer_rem_before||qty>seller_rem_before||buyer_lock<quote_amt||seller_lock<qty)return -1;long long buyer_rem=buyer_rem_before-qty,seller_rem=seller_rem_before-qty,buyer_filled=0,seller_filled=0;if(add_ll(buyer_filled_before,qty,&buyer_filled)||add_ll(seller_filled_before,qty,&seller_filled))return -1;
      |                                                                                                             ^~~~
/mnt/data/qrx_0936_work/qrx-core/src/qrx.c:4418:5: warning: this 'if' clause does not guard... [-Wmisleading-indentation]
 4418 |     if(amount<=0 || h<maturity) return 0; return amount;
      |     ^~
/mnt/data/qrx_0936_work/qrx-core/src/mempool/qrx_velocity_dynamic.inc: In function 'mvcc_prepare_native_dynamic':
/mnt/data/qrx_0936_work/qrx-core/src/mempool/qrx_velocity_dynamic.inc:169:9: warning: this 'if' clause does not guard... [-Wmisleading-indentation]
  169 |         if(mvcc_order_put(ws,target,"status","replaced")||mvcc_order_put_ll(ws,target,"updated_height",height)||mvcc_order_put_ll(ws,target,"locked_atoms",0)||mvcc_order_put(ws,target,"replacement_order_id",body_hash)||mvcc_order_put(ws,target,"last_tx",body_hash)||mvcc_stage_order_payload(ws,body_hash,agent,owner,payload,body_hash,target,height)||mvcc_order_put(ws,body_hash,"locked_asset",new_asset)||mvcc_order_put_ll(ws,body_hash,"locked_atoms",new_atoms)||mvcc_order_put(ws,body_hash,"settlement_version","1")||mvcc_match_taker(db,snap,overlay,overlay_count,ws,body_hash,height))goto bad;ws->status=QRX_MVCC_OK;return QRX_MVCC_OK;
      |         ^~
/mnt/data/qrx_0936_work/qrx-core/src/mempool/qrx_velocity_dynamic.inc:169:596: note: ...this statement, but the latter is misleadingly indented as if it were guarded by the 'if'
  169 |         if(mvcc_order_put(ws,target,"status","replaced")||mvcc_order_put_ll(ws,target,"updated_height",height)||mvcc_order_put_ll(ws,target,"locked_atoms",0)||mvcc_order_put(ws,target,"replacement_order_id",body_hash)||mvcc_order_put(ws,target,"last_tx",body_hash)||mvcc_stage_order_payload(ws,body_hash,agent,owner,payload,body_hash,target,height)||mvcc_order_put(ws,body_hash,"locked_asset",new_asset)||mvcc_order_put_ll(ws,body_hash,"locked_atoms",new_atoms)||mvcc_order_put(ws,body_hash,"settlement_version","1")||mvcc_match_taker(db,snap,overlay,overlay_count,ws,body_hash,height))goto bad;ws->status=QRX_MVCC_OK;return QRX_MVCC_OK;
      |                                                                                                                                                                                                                                                                                                                                                                                                                                                                                                                                                                                                                    ^~
/mnt/data/qrx_0936_work/qrx-core/src/mempool/qrx_velocity_mvcc.c: In function 'prepare_transfer':
/mnt/data/qrx_0936_work/qrx-core/src/mempool/qrx_velocity_mvcc.c:205:5: warning: this 'if' clause does not guard... [-Wmisleading-indentation]
  205 |     if(ws_put_ll(ws,k_from,new_from))goto oom;if(strcmp(from,to)&&ws_put_ll(ws,k_to,new_to))goto oom;if(ws_put_ll(ws,k_nonce,nonce))goto oom;
      |     ^~
/mnt/data/qrx_0936_work/qrx-core/src/mempool/qrx_velocity_mvcc.c:205:47: note: ...this statement, but the latter is misleadingly indented as if it were guarded by the 'if'
  205 |     if(ws_put_ll(ws,k_from,new_from))goto oom;if(strcmp(from,to)&&ws_put_ll(ws,k_to,new_to))goto oom;if(ws_put_ll(ws,k_nonce,nonce))goto oom;
      |                                               ^~
/mnt/data/qrx_0936_work/qrx-core/src/mempool/qrx_velocity_mvcc.c:208:5: warning: this 'if' clause does not guard... [-Wmisleading-indentation]
  208 |     if(ws_put(ws,k_payload,tx))goto oom;snprintf(tmp,sizeof(tmp),"height=%lld\ntype=velocity-transfer-fast-mvcc\ncommitted=1\n",height);if(ws_put(ws,k_consensus,tmp))goto oom;
      |     ^~
/mnt/data/qrx_0936_work/qrx-core/src/mempool/qrx_velocity_mvcc.c:208:41: note: ...this statement, but the latter is misleadingly indented as if it were guarded by the 'if'
  208 |     if(ws_put(ws,k_payload,tx))goto oom;snprintf(tmp,sizeof(tmp),"height=%lld\ntype=velocity-transfer-fast-mvcc\ncommitted=1\n",height);if(ws_put(ws,k_consensus,tmp))goto oom;
      |                                         ^~~~~~~~
/mnt/data/qrx_0936_work/qrx-core/src/mempool/qrx_velocity_mvcc.c: In function 'ws_attempt_free':
/mnt/data/qrx_0936_work/qrx-core/src/mempool/qrx_velocity_mvcc.c:253:5: warning: this 'if' clause does not guard... [-Wmisleading-indentation]
  253 |     if(!ws)return;kv_free(ws->writes,ws->write_count);strset_free(ws->reads,ws->read_count);strset_free(ws->read_prefixes,ws->read_prefix_count);memset(ws,0,sizeof(*ws));
      |     ^~
/mnt/data/qrx_0936_work/qrx-core/src/mempool/qrx_velocity_mvcc.c:253:19: note: ...this statement, but the latter is misleadingly indented as if it were guarded by the 'if'
  253 |     if(!ws)return;kv_free(ws->writes,ws->write_count);strset_free(ws->reads,ws->read_count);strset_free(ws->read_prefixes,ws->read_prefix_count);memset(ws,0,sizeof(*ws));
      |                   ^~~~~~~
/mnt/data/qrx_0936_work/qrx-core/src/qrx.c:4418:43: note: ...this statement, but the latter is misleadingly indented as if it were guarded by the 'if'
 4418 |     if(amount<=0 || h<maturity) return 0; return amount;
      |                                           ^~~~~~
/mnt/data/qrx_0936_work/qrx-core/src/mempool/qrx_velocity_mvcc.c: In function 'ws_runtime_conflict':
/mnt/data/qrx_0936_work/qrx-core/src/qrx.c: In function 'atomic_stage_staking':
/mnt/data/qrx_0936_work/qrx-core/src/mempool/qrx_velocity_mvcc.c:273:9: warning: this 'if' clause does not guard... [-Wmisleading-indentation]
  273 |         if(!strcmp(current->read_prefixes[p],"velocity:order:")&&current->dynamic_scope[0]&&prior->dynamic_scope[0]&&!mvcc_ieq(current->dynamic_scope,prior->dynamic_scope))continue;return 1;
      |         ^~
/mnt/data/qrx_0936_work/qrx-core/src/mempool/qrx_velocity_mvcc.c:273:182: note: ...this statement, but the latter is misleadingly indented as if it were guarded by the 'if'
  273 |         if(!strcmp(current->read_prefixes[p],"velocity:order:")&&current->dynamic_scope[0]&&prior->dynamic_scope[0]&&!mvcc_ieq(current->dynamic_scope,prior->dynamic_scope))continue;return 1;
      |                                                                                                                                                                                      ^~~~~~
/mnt/data/qrx_0936_work/qrx-core/src/mempool/qrx_velocity_mvcc.c: In function 'merge_final_ws':
/mnt/data/qrx_0936_work/qrx-core/src/mempool/qrx_velocity_mvcc.c:282:5: warning: this 'if' clause does not guard... [-Wmisleading-indentation]
  282 |     if(add_ll(out->fee_delta_total,ws->fee_delta,&out->fee_delta_total))return -1;out->prepared++;
      |     ^~
/mnt/data/qrx_0936_work/qrx-core/src/mempool/qrx_velocity_mvcc.c:282:83: note: ...this statement, but the latter is misleadingly indented as if it were guarded by the 'if'
  282 |     if(add_ll(out->fee_delta_total,ws->fee_delta,&out->fee_delta_total))return -1;out->prepared++;
      |                                                                                   ^~~
/mnt/data/qrx_0936_work/qrx-core/src/mempool/qrx_velocity_mvcc.c: In function 'qrx_velocity_mvcc_prepare_batch':
/mnt/data/qrx_0936_work/qrx-core/src/mempool/qrx_velocity_mvcc.c:311:5: warning: this 'if' clause does not guard... [-Wmisleading-indentation]
  311 |     if(!db||!plan||!out)return QRX_MVCC_ERROR;memset(out,0,sizeof(*out));if(stats)memset(stats,0,sizeof(*stats));if(workers<1)workers=1;if(workers>64)workers=64;
      |     ^~
/mnt/data/qrx_0936_work/qrx-core/src/mempool/qrx_velocity_mvcc.c:311:47: note: ...this statement, but the latter is misleadingly indented as if it were guarded by the 'if'
  311 |     if(!db||!plan||!out)return QRX_MVCC_ERROR;memset(out,0,sizeof(*out));if(stats)memset(stats,0,sizeof(*stats));if(workers<1)workers=1;if(workers>64)workers=64;
      |                                               ^~~~~~
/mnt/data/qrx_0936_work/qrx-core/src/mempool/qrx_velocity_mvcc.c: In function 'qrx_velocity_mvcc_commit':
/mnt/data/qrx_0936_work/qrx-core/src/mempool/qrx_velocity_mvcc.c:339:5: warning: this 'if' clause does not guard... [-Wmisleading-indentation]
  339 |     if(!db||!prepared)return QRX_MVCC_ERROR;uint64_t t0=mvcc_now_us();prepared->conflict_rechecks++;
      |     ^~
/mnt/data/qrx_0936_work/qrx-core/src/mempool/qrx_velocity_mvcc.c:339:45: note: ...this statement, but the latter is misleadingly indented as if it were guarded by the 'if'
  339 |     if(!db||!prepared)return QRX_MVCC_ERROR;uint64_t t0=mvcc_now_us();prepared->conflict_rechecks++;
      |                                             ^~~~~~~~
/mnt/data/qrx_0936_work/qrx-core/src/qrx.c:4424:9: warning: this 'if' clause does not guard... [-Wmisleading-indentation]
 4424 |         if(amount<=0)return -1; snprintf(k,sizeof(k),"staking:self:%s",from);cur=staking_db_ll(c,k,0);checked_add_ll(cur,amount,"self stake",&next);return staking_put_ll(b,k,next);
      |         ^~
/mnt/data/qrx_0936_work/qrx-core/src/qrx.c:4424:33: note: ...this statement, but the latter is misleadingly indented as if it were guarded by the 'if'
 4424 |         if(amount<=0)return -1; snprintf(k,sizeof(k),"staking:self:%s",from);cur=staking_db_ll(c,k,0);checked_add_ll(cur,amount,"self stake",&next);return staking_put_ll(b,k,next);
      |                                 ^~~~~~~~
/mnt/data/qrx_0936_work/qrx-core/src/qrx.c:4427:9: warning: this 'if' clause does not guard... [-Wmisleading-indentation]
 4427 |         if(amount<=0)return -1; snprintf(k,sizeof(k),"staking:self:%s",from);cur=staking_db_ll(c,k,0);
      |         ^~
/mnt/data/qrx_0936_work/qrx-core/src/qrx.c:4427:33: note: ...this statement, but the latter is misleadingly indented as if it were guarded by the 'if'
 4427 |         if(amount<=0)return -1; snprintf(k,sizeof(k),"staking:self:%s",from);cur=staking_db_ll(c,k,0);
      |                                 ^~~~~~~~
/mnt/data/qrx_0936_work/qrx-core/src/mempool/qrx_velocity_dynamic.inc: In function 'mvcc_collect_candidates':
/mnt/data/qrx_0936_work/qrx-core/src/mempool/qrx_velocity_dynamic.inc:125:281: warning: '%s' directive output may be truncated writing up to 31 bytes into a region of size 16 [-Wformat-truncation=]
  125 |         MvccMatchOrder *nn=(MvccMatchOrder*)realloc(*out,(*count+1)*sizeof(**out));if(!nn)goto fail;*out=nn;MvccMatchOrder *m=&nn[*count];memset(m,0,sizeof(*m));snprintf(m->id,sizeof(m->id),"%s",id);snprintf(m->owner,sizeof(m->owner),"%s",owner);snprintf(m->side,sizeof(m->side),"%s",side);if(mvcc_order_get_ll(db,snap,overlay,overlay_count,ws,id,"limit_price_atoms",0,&m->price)||mvcc_order_get_ll(db,snap,overlay,overlay_count,ws,id,"remaining_atoms",0,&m->remaining)||mvcc_order_get_ll(db,snap,overlay,overlay_count,ws,id,"created_height",0,&m->created_height))goto fail;(*count)++;
      |                                                                                                                                                                                                                                                                                         ^~  ~~~~
/mnt/data/qrx_0936_work/qrx-core/src/mempool/qrx_velocity_dynamic.inc:125:247: note: 'snprintf' output between 1 and 32 bytes into a destination of size 16
  125 |         MvccMatchOrder *nn=(MvccMatchOrder*)realloc(*out,(*count+1)*sizeof(**out));if(!nn)goto fail;*out=nn;MvccMatchOrder *m=&nn[*count];memset(m,0,sizeof(*m));snprintf(m->id,sizeof(m->id),"%s",id);snprintf(m->owner,sizeof(m->owner),"%s",owner);snprintf(m->side,sizeof(m->side),"%s",side);if(mvcc_order_get_ll(db,snap,overlay,overlay_count,ws,id,"limit_price_atoms",0,&m->price)||mvcc_order_get_ll(db,snap,overlay,overlay_count,ws,id,"remaining_atoms",0,&m->remaining)||mvcc_order_get_ll(db,snap,overlay,overlay_count,ws,id,"created_height",0,&m->created_height))goto fail;(*count)++;
      |                                                                                                                                                                                                                                                       ^~~~~~~~~~~~~~~~~~~~~~~~~~~~~~~~~~~~~~~~~~~
/mnt/data/qrx_0936_work/qrx-core/src/qrx.c:4431:9: warning: this 'if' clause does not guard... [-Wmisleading-indentation]
 4431 |         if(staking_put_ll(b,k,cur-amount))return -1; snprintf(k,sizeof(k),"staking:unbonding:%s",from);
      |         ^~
/mnt/data/qrx_0936_work/qrx-core/src/qrx.c:4431:54: note: ...this statement, but the latter is misleadingly indented as if it were guarded by the 'if'
 4431 |         if(staking_put_ll(b,k,cur-amount))return -1; snprintf(k,sizeof(k),"staking:unbonding:%s",from);
      |                                                      ^~~~~~~~
/mnt/data/qrx_0936_work/qrx-core/src/qrx.c:4438:9: warning: this 'if' clause does not guard... [-Wmisleading-indentation]
 4438 |         if(staking_put_ll(b,k,0))return -1; snprintf(k,sizeof(k),"staking:unbonding_maturity:%s",from); return staking_put_ll(b,k,0);
      |         ^~
/mnt/data/qrx_0936_work/qrx-core/src/qrx.c:4438:45: note: ...this statement, but the latter is misleadingly indented as if it were guarded by the 'if'
 4438 |         if(staking_put_ll(b,k,0))return -1; snprintf(k,sizeof(k),"staking:unbonding_maturity:%s",from); return staking_put_ll(b,k,0);
      |                                             ^~~~~~~~
/mnt/data/qrx_0936_work/qrx-core/src/qrx.c:4447:9: warning: this 'if' clause does not guard... [-Wmisleading-indentation]
 4447 |         if(amount<=0)return -1;snprintf(k,sizeof(k),"staking:delegation:%s:%s",from,to);cur=staking_db_ll(c,k,0);if(cur<amount)return -1;
      |         ^~
/mnt/data/qrx_0936_work/qrx-core/src/qrx.c:4447:32: note: ...this statement, but the latter is misleadingly indented as if it were guarded by the 'if'
 4447 |         if(amount<=0)return -1;snprintf(k,sizeof(k),"staking:delegation:%s:%s",from,to);cur=staking_db_ll(c,k,0);if(cur<amount)return -1;
      |                                ^~~~~~~~
/mnt/data/qrx_0936_work/qrx-core/src/qrx.c:4448:9: warning: this 'if' clause does not guard... [-Wmisleading-indentation]
 4448 |         if(staking_put_ll(b,k,cur-amount))return -1;snprintf(k,sizeof(k),"staking:delegated_total:%s",to);long long tot=staking_db_ll(c,k,0);if(tot<amount)return -1;if(staking_put_ll(b,k,tot-amount))return -1;
      |         ^~
/mnt/data/qrx_0936_work/qrx-core/src/qrx.c:4448:53: note: ...this statement, but the latter is misleadingly indented as if it were guarded by the 'if'
 4448 |         if(staking_put_ll(b,k,cur-amount))return -1;snprintf(k,sizeof(k),"staking:delegated_total:%s",to);long long tot=staking_db_ll(c,k,0);if(tot<amount)return -1;if(staking_put_ll(b,k,tot-amount))return -1;
      |                                                     ^~~~~~~~
/mnt/data/qrx_0936_work/qrx-core/src/qrx.c:4455:9: warning: this 'if' clause does not guard... [-Wmisleading-indentation]
 4455 |         if(staking_put_ll(b,k,0))return -1;snprintf(k,sizeof(k),"staking:undelegating_maturity:%s:%s",from,to);return staking_put_ll(b,k,0);
      |         ^~
/mnt/data/qrx_0936_work/qrx-core/src/qrx.c:4455:44: note: ...this statement, but the latter is misleadingly indented as if it were guarded by the 'if'
 4455 |         if(staking_put_ll(b,k,0))return -1;snprintf(k,sizeof(k),"staking:undelegating_maturity:%s:%s",from,to);return staking_put_ll(b,k,0);
      |                                            ^~~~~~~~
/mnt/data/qrx_0936_work/qrx-core/src/qrx.c: In function 'applytx_cmd':
/mnt/data/qrx_0936_work/qrx-core/src/qrx.c:4647:5: warning: this 'if' clause does not guard... [-Wmisleading-indentation]
 4647 |     if(svc_dev_addr)free(svc_dev_addr); if(pouc_dev_addr)free(pouc_dev_addr); free(tx); if(tx_version) free(tx_version); if(tx_type) free(tx_type); if(lane_id) free(lane_id); if(payload_apply) free(payload_apply); free(from); free(to); free(amount); if (fee_s) free(fee_s); free(nonce); if(timestamp) free(timestamp); if (body_hash_sha3) free(body_hash_sha3); if (body_hash_legacy) free(body_hash_legacy); return 0;
      |     ^~
/mnt/data/qrx_0936_work/qrx-core/src/qrx.c:4647:41: note: ...this statement, but the latter is misleadingly indented as if it were guarded by the 'if'
 4647 |     if(svc_dev_addr)free(svc_dev_addr); if(pouc_dev_addr)free(pouc_dev_addr); free(tx); if(tx_version) free(tx_version); if(tx_type) free(tx_type); if(lane_id) free(lane_id); if(payload_apply) free(payload_apply); free(from); free(to); free(amount); if (fee_s) free(fee_s); free(nonce); if(timestamp) free(timestamp); if (body_hash_sha3) free(body_hash_sha3); if (body_hash_legacy) free(body_hash_legacy); return 0;
      |                                         ^~
/mnt/data/qrx_0936_work/qrx-core/src/qrx.c: In function 'peer_top_cmd':
/mnt/data/qrx_0936_work/qrx-core/src/qrx.c:4847:5: warning: this 'if' clause does not guard... [-Wmisleading-indentation]
 4847 |     if (limit < 1) limit = 10; if (limit > 100) limit = 100;
      |     ^~
/mnt/data/qrx_0936_work/qrx-core/src/qrx.c:4847:32: note: ...this statement, but the latter is misleadingly indented as if it were guarded by the 'if'
 4847 |     if (limit < 1) limit = 10; if (limit > 100) limit = 100;
      |                                ^~
[  3%] Building C object CMakeFiles/qrxcore.dir/src/bitcoin/qrx_btc_spv.c.o
/mnt/data/qrx_0936_work/qrx-core/src/qrx.c: In function 'generals_offline_process_cmd':
/mnt/data/qrx_0936_work/qrx-core/src/qrx.c:4949:9: warning: this 'else' clause does not guard... [-Wmisleading-indentation]
 4949 |         else pending++; free(txt);
      |         ^~~~
/mnt/data/qrx_0936_work/qrx-core/src/qrx.c:4949:25: note: ...this statement, but the latter is misleadingly indented as if it were guarded by the 'else'
 4949 |         else pending++; free(txt);
      |                         ^~~~
/mnt/data/qrx_0936_work/qrx-core/src/qrx.c: In function 'storage_provider_make_accept_tx':
/mnt/data/qrx_0936_work/qrx-core/src/qrx.c:5000:5: warning: this 'if' clause does not guard... [-Wmisleading-indentation]
 5000 |     if(!chain_dir||!wallet_dir||!provider||!cid||!tx_out)return-1;*tx_out=NULL;const char*pass=getenv("QRX_PASSPHRASE");if(!pass)return-1;
      |     ^~
/mnt/data/qrx_0936_work/qrx-core/src/qrx.c:5000:67: note: ...this statement, but the latter is misleadingly indented as if it were guarded by the 'if'
 5000 |     if(!chain_dir||!wallet_dir||!provider||!cid||!tx_out)return-1;*tx_out=NULL;const char*pass=getenv("QRX_PASSPHRASE");if(!pass)return-1;
      |                                                                   ^
/mnt/data/qrx_0936_work/qrx-core/src/qrx.c: In function 'storage_provider_auto_accept':
/mnt/data/qrx_0936_work/qrx-core/src/bitcoin/qrx_btc_spv.c: In function 'bn_to_compact':
/mnt/data/qrx_0936_work/qrx-core/src/bitcoin/qrx_btc_spv.c:71:5: warning: this 'if' clause does not guard... [-Wmisleading-indentation]
   71 |     if(!bn||BN_is_zero(bn))return 0;int size=(BN_num_bits(bn)+7)/8;uint32_t compact=0;
      |     ^~
/mnt/data/qrx_0936_work/qrx-core/src/bitcoin/qrx_btc_spv.c:71:37: note: ...this statement, but the latter is misleadingly indented as if it were guarded by the 'if'
   71 |     if(!bn||BN_is_zero(bn))return 0;int size=(BN_num_bits(bn)+7)/8;uint32_t compact=0;
      |                                     ^~~
/mnt/data/qrx_0936_work/qrx-core/src/bitcoin/qrx_btc_spv.c: In function 'qrx_btc_spv_retarget_bits':
/mnt/data/qrx_0936_work/qrx-core/src/bitcoin/qrx_btc_spv.c:130:5: warning: this 'if' clause does not guard... [-Wmisleading-indentation]
  130 |     if(actual_timespan<min)actual_timespan=min;if(actual_timespan>max)actual_timespan=max;
      |     ^~
/mnt/data/qrx_0936_work/qrx-core/src/bitcoin/qrx_btc_spv.c:130:48: note: ...this statement, but the latter is misleadingly indented as if it were guarded by the 'if'
  130 |     if(actual_timespan<min)actual_timespan=min;if(actual_timespan>max)actual_timespan=max;
      |                                                ^~
/mnt/data/qrx_0936_work/qrx-core/src/qrx.c:5008:5: warning: this 'if' clause does not guard... [-Wmisleading-indentation]
 5008 |     if(!g_storage_ready||!g_storage_fs||!g_storage_provider_id[0]||!cfg)return 0;char*cd=cfg_get(cfg,"chain_dir"),*wd=cfg_get(cfg,"wallet_dir");if(!cd||!wd){free(cd);free(wd);return-1;}QrxDB db;if(qrxdb_init(&db,cd)){free(cd);free(wd);return-1;}QrxStorageReadyAssignment ready[QRX_STORAGE_ACTIVATION_MAX_READY];size_t n=0;int rc=qrx_storage_collect_ready_assignments(&db,g_storage_fs,g_storage_provider_id,ready,QRX_STORAGE_ACTIVATION_MAX_READY,&n);qrxdb_close(&db);long long h=current_height_from_chain(cd);int submitted=0;if(!rc)for(size_t i=0;i<n;i++){if(storage_accept_marker_waiting(node_dir,ready[i].contract_id,ready[i].shard_index,h))continue;char*tx=NULL;if(!storage_provider_make_accept_tx(cd,wd,g_storage_provider_id,ready[i].contract_id,ready[i].shard_index,&tx)&&tx){if(node_store_mempool_tx(node_dir,tx)==0){storage_accept_marker_write(node_dir,ready[i].contract_id,ready[i].shard_index,h);submitted++;}OPENSSL_cleanse(tx,strlen(tx));free(tx);}}
      |     ^~
/mnt/data/qrx_0936_work/qrx-core/src/bitcoin/qrx_btc_spv.c: In function 'stage_best_chain':
/mnt/data/qrx_0936_work/qrx-core/src/bitcoin/qrx_btc_spv.c:172:5: warning: this 'for' clause does not guard... [-Wmisleading-indentation]
  172 |     for(size_t i=0;i<pn;i++)free(path[i]);free(path);return 1;
      |     ^~~
/mnt/data/qrx_0936_work/qrx-core/src/bitcoin/qrx_btc_spv.c:172:43: note: ...this statement, but the latter is misleadingly indented as if it were guarded by the 'for'
  172 |     for(size_t i=0;i<pn;i++)free(path[i]);free(path);return 1;
      |                                           ^~~~
/mnt/data/qrx_0936_work/qrx-core/src/qrx.c:5008:82: note: ...this statement, but the latter is misleadingly indented as if it were guarded by the 'if'
 5008 |     if(!g_storage_ready||!g_storage_fs||!g_storage_provider_id[0]||!cfg)return 0;char*cd=cfg_get(cfg,"chain_dir"),*wd=cfg_get(cfg,"wallet_dir");if(!cd||!wd){free(cd);free(wd);return-1;}QrxDB db;if(qrxdb_init(&db,cd)){free(cd);free(wd);return-1;}QrxStorageReadyAssignment ready[QRX_STORAGE_ACTIVATION_MAX_READY];size_t n=0;int rc=qrx_storage_collect_ready_assignments(&db,g_storage_fs,g_storage_provider_id,ready,QRX_STORAGE_ACTIVATION_MAX_READY,&n);qrxdb_close(&db);long long h=current_height_from_chain(cd);int submitted=0;if(!rc)for(size_t i=0;i<n;i++){if(storage_accept_marker_waiting(node_dir,ready[i].contract_id,ready[i].shard_index,h))continue;char*tx=NULL;if(!storage_provider_make_accept_tx(cd,wd,g_storage_provider_id,ready[i].contract_id,ready[i].shard_index,&tx)&&tx){if(node_store_mempool_tx(node_dir,tx)==0){storage_accept_marker_write(node_dir,ready[i].contract_id,ready[i].shard_index,h);submitted++;}OPENSSL_cleanse(tx,strlen(tx));free(tx);}}
      |                                                                                  ^~~~
/mnt/data/qrx_0936_work/qrx-core/src/qrx.c: In function 'storage_provider_make_postor_tx':
/mnt/data/qrx_0936_work/qrx-core/src/qrx.c:5018:5: warning: this 'if' clause does not guard... [-Wmisleading-indentation]
 5018 |     if(!chain_dir||!wallet_dir||!provider||!due||!payload||!tx_out)return-1;*tx_out=NULL;const char*pass=getenv("QRX_PASSPHRASE");if(!pass)return-1;
      |     ^~
/mnt/data/qrx_0936_work/qrx-core/src/bitcoin/qrx_btc_spv.c: At top level:
/mnt/data/qrx_0936_work/qrx-core/src/bitcoin/qrx_btc_spv.c:25:13: warning: 'seterrf' defined but not used [-Wunused-function]
   25 | static void seterrf(char *err,size_t sz,const char *fmt,unsigned long long v){if(err&&sz)snprintf(err,sz,fmt,v);}
      |             ^~~~~~~
/mnt/data/qrx_0936_work/qrx-core/src/qrx.c:5018:77: note: ...this statement, but the latter is misleadingly indented as if it were guarded by the 'if'
 5018 |     if(!chain_dir||!wallet_dir||!provider||!due||!payload||!tx_out)return-1;*tx_out=NULL;const char*pass=getenv("QRX_PASSPHRASE");if(!pass)return-1;
      |                                                                             ^
/mnt/data/qrx_0936_work/qrx-core/src/qrx.c: In function 'storage_provider_auto_postor':
/mnt/data/qrx_0936_work/qrx-core/src/qrx.c:5026:5: warning: this 'if' clause does not guard... [-Wmisleading-indentation]
 5026 |     if(!g_storage_ready||!g_storage_fs||!g_storage_provider_id[0]||!cfg)return 0;char*cd=cfg_get(cfg,"chain_dir"),*wd=cfg_get(cfg,"wallet_dir");if(!cd||!wd){free(cd);free(wd);return-1;}QrxDB db;if(qrxdb_init(&db,cd)){free(cd);free(wd);return-1;}long long h=current_height_from_chain(cd);QrxPoStorDueAssignment due[64];size_t n=0;int rc=qrx_storage_postor_collect(&db,g_storage_provider_id,(uint64_t)(h<0?0:h),due,64,&n),submitted=0;if(!rc)for(size_t i=0;i<n;i++){if(due[i].health==QRX_POSTOR_HEALTH_ACTIVE||due[i].health==QRX_POSTOR_HEALTH_REPAIRING)continue;if(storage_postor_marker_waiting(node_dir,due[i].contract_id,due[i].shard_index,due[i].epoch,h))continue;unsigned char*leaf=NULL;size_t leafn=0;QrxMerkleProof proof;char*payload=NULL,*tx=NULL;if(!qrx_storage_postor_build_local(&db,g_storage_fs,g_storage_provider_id,&due[i],&leaf,&leafn,&proof)&&!qrx_storage_postor_payload(&due[i],leaf,leafn,&proof,&payload)&&!storage_provider_make_postor_tx(cd,wd,g_storage_provider_id,&due[i],payload,&tx)&&tx&&node_store_mempool_tx(node_dir,tx)==0){storage_postor_marker_write(node_dir,due[i].contract_id,due[i].shard_index,due[i].epoch,h);submitted++;}if(leaf){OPENSSL_cleanse(leaf,leafn);free(leaf);}if(payload){OPENSSL_cleanse(payload,strlen(payload));free(payload);}if(tx){OPENSSL_cleanse(tx,strlen(tx));free(tx);}}
      |     ^~
/mnt/data/qrx_0936_work/qrx-core/src/qrx.c:5026:82: note: ...this statement, but the latter is misleadingly indented as if it were guarded by the 'if'
 5026 |     if(!g_storage_ready||!g_storage_fs||!g_storage_provider_id[0]||!cfg)return 0;char*cd=cfg_get(cfg,"chain_dir"),*wd=cfg_get(cfg,"wallet_dir");if(!cd||!wd){free(cd);free(wd);return-1;}QrxDB db;if(qrxdb_init(&db,cd)){free(cd);free(wd);return-1;}long long h=current_height_from_chain(cd);QrxPoStorDueAssignment due[64];size_t n=0;int rc=qrx_storage_postor_collect(&db,g_storage_provider_id,(uint64_t)(h<0?0:h),due,64,&n),submitted=0;if(!rc)for(size_t i=0;i<n;i++){if(due[i].health==QRX_POSTOR_HEALTH_ACTIVE||due[i].health==QRX_POSTOR_HEALTH_REPAIRING)continue;if(storage_postor_marker_waiting(node_dir,due[i].contract_id,due[i].shard_index,due[i].epoch,h))continue;unsigned char*leaf=NULL;size_t leafn=0;QrxMerkleProof proof;char*payload=NULL,*tx=NULL;if(!qrx_storage_postor_build_local(&db,g_storage_fs,g_storage_provider_id,&due[i],&leaf,&leafn,&proof)&&!qrx_storage_postor_payload(&due[i],leaf,leafn,&proof,&payload)&&!storage_provider_make_postor_tx(cd,wd,g_storage_provider_id,&due[i],payload,&tx)&&tx&&node_store_mempool_tx(node_dir,tx)==0){storage_postor_marker_write(node_dir,due[i].contract_id,due[i].shard_index,due[i].epoch,h);submitted++;}if(leaf){OPENSSL_cleanse(leaf,leafn);free(leaf);}if(payload){OPENSSL_cleanse(payload,strlen(payload));free(payload);}if(tx){OPENSSL_cleanse(tx,strlen(tx));free(tx);}}
      |                                                                                  ^~~~
/mnt/data/qrx_0936_work/qrx-core/src/qrx.c: In function 'storage_provider_make_repair_tx':
/mnt/data/qrx_0936_work/qrx-core/src/qrx.c:5034:5: warning: this 'if' clause does not guard... [-Wmisleading-indentation]
 5034 |     if(!chain_dir||!wallet_dir||!provider||!type||!payload||!tx_out)return-1;*tx_out=NULL;const char*pass=getenv("QRX_PASSPHRASE");if(!pass)return-1;char pth[1536];snprintf(pth,sizeof(pth),"%s/ed25519_priv.pem",wallet_dir);EVP_PKEY*ed=load_priv_pem(pth,pass);snprintf(pth,sizeof(pth),"%s/mldsa65_priv.pem",wallet_dir);EVP_PKEY*ml=load_priv_pem(pth,pass);snprintf(pth,sizeof(pth),"%s/ed25519_pub.pem",wallet_dir);EVP_PKEY*ep=load_pub_pem(pth);snprintf(pth,sizeof(pth),"%s/mldsa65_pub.pem",wallet_dir);EVP_PKEY*mp=load_pub_pem(pth);if(!ed||!ml||!ep||!mp){EVP_PKEY_free(ed);EVP_PKEY_free(ml);EVP_PKEY_free(ep);EVP_PKEY_free(mp);return-1;}
      |     ^~
/mnt/data/qrx_0936_work/qrx-core/src/qrx.c:5034:78: note: ...this statement, but the latter is misleadingly indented as if it were guarded by the 'if'
 5034 |     if(!chain_dir||!wallet_dir||!provider||!type||!payload||!tx_out)return-1;*tx_out=NULL;const char*pass=getenv("QRX_PASSPHRASE");if(!pass)return-1;char pth[1536];snprintf(pth,sizeof(pth),"%s/ed25519_priv.pem",wallet_dir);EVP_PKEY*ed=load_priv_pem(pth,pass);snprintf(pth,sizeof(pth),"%s/mldsa65_priv.pem",wallet_dir);EVP_PKEY*ml=load_priv_pem(pth,pass);snprintf(pth,sizeof(pth),"%s/ed25519_pub.pem",wallet_dir);EVP_PKEY*ep=load_pub_pem(pth);snprintf(pth,sizeof(pth),"%s/mldsa65_pub.pem",wallet_dir);EVP_PKEY*mp=load_pub_pem(pth);if(!ed||!ml||!ep||!mp){EVP_PKEY_free(ed);EVP_PKEY_free(ml);EVP_PKEY_free(ep);EVP_PKEY_free(mp);return-1;}
      |                                                                              ^
/mnt/data/qrx_0936_work/qrx-core/src/qrx.c: In function 'storage_provider_auto_repair':
/mnt/data/qrx_0936_work/qrx-core/src/qrx.c:5038:5: warning: this 'if' clause does not guard... [-Wmisleading-indentation]
 5038 |     if(!g_storage_ready||!g_storage_fs||!g_storage_provider_id[0]||!cfg)return 0;char*cd=cfg_get(cfg,"chain_dir"),*wd=cfg_get(cfg,"wallet_dir");if(!cd||!wd){free(cd);free(wd);return-1;}QrxDB db;if(qrxdb_init(&db,cd)){free(cd);free(wd);return-1;}long long h=current_height_from_chain(cd);int submitted=0;
      |     ^~
/mnt/data/qrx_0936_work/qrx-core/src/qrx.c:5038:82: note: ...this statement, but the latter is misleadingly indented as if it were guarded by the 'if'
 5038 |     if(!g_storage_ready||!g_storage_fs||!g_storage_provider_id[0]||!cfg)return 0;char*cd=cfg_get(cfg,"chain_dir"),*wd=cfg_get(cfg,"wallet_dir");if(!cd||!wd){free(cd);free(wd);return-1;}QrxDB db;if(qrxdb_init(&db,cd)){free(cd);free(wd);return-1;}long long h=current_height_from_chain(cd);int submitted=0;
      |                                                                                  ^~~~
/mnt/data/qrx_0936_work/qrx-core/src/qrx.c: In function 'node_handle_client':
/mnt/data/qrx_0936_work/qrx-core/src/qrx.c:5151:5: warning: this 'if' clause does not guard... [-Wmisleading-indentation]
 5151 |     if (ann_host) free(ann_host); if (ann_port) free(ann_port); free(msg); free(node_cfg);
      |     ^~
/mnt/data/qrx_0936_work/qrx-core/src/qrx.c:5151:35: note: ...this statement, but the latter is misleadingly indented as if it were guarded by the 'if'
 5151 |     if (ann_host) free(ann_host); if (ann_port) free(ann_port); free(msg); free(node_cfg);
      |                                   ^~
/mnt/data/qrx_0936_work/qrx-core/src/qrx.c: In function 'verify_vote_file_internal':
/mnt/data/qrx_0936_work/qrx-core/src/qrx.c:5343:5: warning: this 'if' clause does not guard... [-Wmisleading-indentation]
 5343 |     if (network_id) free(network_id); if (genesis_hash) free(genesis_hash); if (protocol_version) free(protocol_version); if (block_hash) free(block_hash); if (height_s) free(height_s); if (round_s) free(round_s); if (validator) free(validator); if (validator_power_s) free(validator_power_s); if (timestamp) free(timestamp); if (pub_hex) free(pub_hex); if (sig_hex) free(sig_hex); free(txt);
      |     ^~
[  4%] Building C object CMakeFiles/qrxcore.dir/src/consensus/qrx_finality.c.o
/mnt/data/qrx_0936_work/qrx-core/src/qrx.c:5343:39: note: ...this statement, but the latter is misleadingly indented as if it were guarded by the 'if'
 5343 |     if (network_id) free(network_id); if (genesis_hash) free(genesis_hash); if (protocol_version) free(protocol_version); if (block_hash) free(block_hash); if (height_s) free(height_s); if (round_s) free(round_s); if (validator) free(validator); if (validator_power_s) free(validator_power_s); if (timestamp) free(timestamp); if (pub_hex) free(pub_hex); if (sig_hex) free(sig_hex); free(txt);
      |                                       ^~
/mnt/data/qrx_0936_work/qrx-core/src/qrx.c: In function 'vote_block_cmd_as':
/mnt/data/qrx_0936_work/qrx-core/src/qrx.c:5375:9: warning: this 'if' clause does not guard... [-Wmisleading-indentation]
 5375 |         if (lh) free(lh); if (lr) free(lr); if (lbh) free(lbh); free(locktxt);
      |         ^~
/mnt/data/qrx_0936_work/qrx-core/src/qrx.c:5375:27: note: ...this statement, but the latter is misleadingly indented as if it were guarded by the 'if'
 5375 |         if (lh) free(lh); if (lr) free(lr); if (lbh) free(lbh); free(locktxt);
      |                           ^~
[  4%] Building C object CMakeFiles/qrxcore.dir/src/consensus/qrx_finality_state.c.o
/mnt/data/qrx_0936_work/qrx-core/src/qrx.c: In function 'finalize_block_cmd':
/mnt/data/qrx_0936_work/qrx-core/src/qrx.c:5455:5: warning: this 'if' clause does not guard... [-Wmisleading-indentation]
 5455 |     if(write_text(out,final)!=0)die("write finalization failed"); record_validator_seen(chain_dir,validator,atoll(height_s));int offline_penalties=apply_offline_penalties(chain_dir,atoll(height_s));int generals_auto_resolved=generals_autonomous_world_resolve(chain_dir,atoll(height_s));journal_append(chain_dir,"finalize height=%s round=%s block_hash=%s parent=%s yes_power=%lld total_power=%lld state_root=%s offline_penalties=%d generals_auto_resolved=%d",height_s,round_s,block_hash,parent_hash,yes_power,total_power,final_root,offline_penalties,generals_auto_resolved);printf("%s\noffline_penalties=%d\ngenerals_auto_resolved=%d\nstate_root=%s\n",out,offline_penalties,generals_auto_resolved,final_root);
      |     ^~
/mnt/data/qrx_0936_work/qrx-core/src/qrx.c:5455:67: note: ...this statement, but the latter is misleadingly indented as if it were guarded by the 'if'
 5455 |     if(write_text(out,final)!=0)die("write finalization failed"); record_validator_seen(chain_dir,validator,atoll(height_s));int offline_penalties=apply_offline_penalties(chain_dir,atoll(height_s));int generals_auto_resolved=generals_autonomous_world_resolve(chain_dir,atoll(height_s));journal_append(chain_dir,"finalize height=%s round=%s block_hash=%s parent=%s yes_power=%lld total_power=%lld state_root=%s offline_penalties=%d generals_auto_resolved=%d",height_s,round_s,block_hash,parent_hash,yes_power,total_power,final_root,offline_penalties,generals_auto_resolved);printf("%s\noffline_penalties=%d\ngenerals_auto_resolved=%d\nstate_root=%s\n",out,offline_penalties,generals_auto_resolved,final_root);
      |                                                                   ^~~~~~~~~~~~~~~~~~~~~
/mnt/data/qrx_0936_work/qrx-core/src/qrx.c:5456:5: warning: this 'if' clause does not guard... [-Wmisleading-indentation]
 5456 |     if(bts)free(bts);free(block_hash);free(validator);free(height_s);free(round_s);return 0;
      |     ^~
/mnt/data/qrx_0936_work/qrx-core/src/qrx.c:5456:22: note: ...this statement, but the latter is misleadingly indented as if it were guarded by the 'if'
 5456 |     if(bts)free(bts);free(block_hash);free(validator);free(height_s);free(round_s);return 0;
      |                      ^~~~
[  4%] Building C object CMakeFiles/qrxcore.dir/src/consensus/qrx_slashing.c.o
/mnt/data/qrx_0936_work/qrx-core/src/qrx.c: In function 'verify_block_cmd':
/mnt/data/qrx_0936_work/qrx-core/src/qrx.c:5590:5: warning: this 'if' clause does not guard... [-Wmisleading-indentation]
 5590 |     if(validator_is_tombstoned(chain_dir,validator))die("validator tombstoned");if(validator_is_jailed_now(chain_dir,validator))die("validator jailed");if(validator_is_safely_paused(chain_dir,validator))die("validator SAFE PAUSED");if(validator_is_compute_jailed_at(chain_dir,validator,height))die("validator compute-fraud jailed");if(!validator_has_min_self_stake_at(chain_dir,validator,height))die("validator self stake below minimum");if(validator_snapshot_write(chain_dir,height,round)!=0)die("validator snapshot unavailable");long long current_power=validator_power_from_snapshot(chain_dir,height,round,validator);if(current_power<=0||atoll(validator_power_s)!=current_power)die("validator power mismatch");char expected_proposer[385];if(expected_proposer_from_snapshot(chain_dir,height,round,expected_proposer)!=0)die("cannot derive deterministic proposer");if(strcmp(expected_proposer,validator))die("unexpected proposer for height/round");
      |     ^~
/mnt/data/qrx_0936_work/qrx-core/src/qrx.c:5590:81: note: ...this statement, but the latter is misleadingly indented as if it were guarded by the 'if'
 5590 |     if(validator_is_tombstoned(chain_dir,validator))die("validator tombstoned");if(validator_is_jailed_now(chain_dir,validator))die("validator jailed");if(validator_is_safely_paused(chain_dir,validator))die("validator SAFE PAUSED");if(validator_is_compute_jailed_at(chain_dir,validator,height))die("validator compute-fraud jailed");if(!validator_has_min_self_stake_at(chain_dir,validator,height))die("validator self stake below minimum");if(validator_snapshot_write(chain_dir,height,round)!=0)die("validator snapshot unavailable");long long current_power=validator_power_from_snapshot(chain_dir,height,round,validator);if(current_power<=0||atoll(validator_power_s)!=current_power)die("validator power mismatch");char expected_proposer[385];if(expected_proposer_from_snapshot(chain_dir,height,round,expected_proposer)!=0)die("cannot derive deterministic proposer");if(strcmp(expected_proposer,validator))die("unexpected proposer for height/round");
      |                                                                                 ^~
/mnt/data/qrx_0936_work/qrx-core/src/qrx.c: In function 'validator_power_total':
/mnt/data/qrx_0936_work/qrx-core/src/qrx.c:5637:9: warning: this 'if' clause does not guard... [-Wmisleading-indentation]
 5637 |         if(!fs) self=kv_get_ll_bin(stakes,validator); if(!fd) delegated=kv_get_ll_bin(totals,validator);
      |         ^~
/mnt/data/qrx_0936_work/qrx-core/src/qrx.c:5637:55: note: ...this statement, but the latter is misleadingly indented as if it were guarded by the 'if'
 5637 |         if(!fs) self=kv_get_ll_bin(stakes,validator); if(!fd) delegated=kv_get_ll_bin(totals,validator);
      |                                                       ^~
/mnt/data/qrx_0936_work/qrx-core/src/qrx.c: In function 'collect_stake_user_cb':
/mnt/data/qrx_0936_work/qrx-core/src/qrx.c:5650:5: warning: this 'for' clause does not guard... [-Wmisleading-indentation]
 5650 |     for(size_t j=0;j<*c->count;j++)if(!strcmp(c->users[j],addr))return 0; if(*c->count<c->max){snprintf(c->users[*c->count],385,"%s",addr);(*c->count)++;} return 0;}
      |     ^~~
/mnt/data/qrx_0936_work/qrx-core/src/qrx.c:5650:75: note: ...this statement, but the latter is misleadingly indented as if it were guarded by the 'for'
 5650 |     for(size_t j=0;j<*c->count;j++)if(!strcmp(c->users[j],addr))return 0; if(*c->count<c->max){snprintf(c->users[*c->count],385,"%s",addr);(*c->count)++;} return 0;}
      |                                                                           ^~
[  5%] Building C object CMakeFiles/qrxcore.dir/src/economics/qrx_economics.c.o
/mnt/data/qrx_0936_work/qrx-core/src/qrx.c: In function 'htlc_create_cmd':
/mnt/data/qrx_0936_work/qrx-core/src/qrx.c:5875:54: warning: zero-length gnu_printf format string [-Wformat-zero-length]
 5875 |     snprintf(r->secret_hash, sizeof(r->secret_hash), "");
      |                                                      ^~
[  5%] Building C object CMakeFiles/qrxcore.dir/src/treasury/qrx_dev_addresses.c.o
/mnt/data/qrx_0936_work/qrx-core/src/qrx.c: In function 'gov_read_passphrase':
/mnt/data/qrx_0936_work/qrx-core/src/qrx.c:6068:5: warning: this 'if' clause does not guard... [-Wmisleading-indentation]
 6068 |     if(strlen(a)<12)die("governance/attester passphrase must be at least 12 characters");snprintf(out,sz,"%s",a);OPENSSL_cleanse(a,sizeof(a));OPENSSL_cleanse(b,sizeof(b));return 0;}
      |     ^~
/mnt/data/qrx_0936_work/qrx-core/src/qrx.c:6068:90: note: ...this statement, but the latter is misleadingly indented as if it were guarded by the 'if'
 6068 |     if(strlen(a)<12)die("governance/attester passphrase must be at least 12 characters");snprintf(out,sz,"%s",a);OPENSSL_cleanse(a,sizeof(a));OPENSSL_cleanse(b,sizeof(b));return 0;}
      |                                                                                          ^~~~~~~~
[  5%] Building C object CMakeFiles/qrxcore.dir/src/resource/qrx_resource.c.o
[  6%] Building C object CMakeFiles/qrxcore.dir/src/compute/qrx_compute.c.o
/mnt/data/qrx_0936_work/qrx-core/src/qrx.c: In function 'stealth_wallet_spend_scalar':
/mnt/data/qrx_0936_work/qrx-core/src/qrx.c:6258:5: warning: this 'if' clause does not guard... [-Wmisleading-indentation]
 6258 |     if(BN_mod(d,d,n,ctx)!=1)goto done; if(BN_is_zero(d))BN_one(d);
      |     ^~
/mnt/data/qrx_0936_work/qrx-core/src/qrx.c:6258:40: note: ...this statement, but the latter is misleadingly indented as if it were guarded by the 'if'
 6258 |     if(BN_mod(d,d,n,ctx)!=1)goto done; if(BN_is_zero(d))BN_one(d);
      |                                        ^~
/mnt/data/qrx_0936_work/qrx-core/src/qrx.c:6261:5: warning: this 'if' clause does not guard... [-Wmisleading-indentation]
 6261 |     if(elen!=33)goto done; bytes_to_hex_local(enc,33,pub_hex); *priv_out=d; d=NULL; rc=0;
      |     ^~
/mnt/data/qrx_0936_work/qrx-core/src/qrx.c:6261:28: note: ...this statement, but the latter is misleadingly indented as if it were guarded by the 'if'
 6261 |     if(elen!=33)goto done; bytes_to_hex_local(enc,33,pub_hex); *priv_out=d; d=NULL; rc=0;
      |                            ^~~~~~~~~~~~~~~~~~
/mnt/data/qrx_0936_work/qrx-core/src/qrx.c: In function 'stealth_shared_tweak':
/mnt/data/qrx_0936_work/qrx-core/src/qrx.c:6273:5: warning: this 'if' clause does not guard... [-Wmisleading-indentation]
 6273 |     if(stealth_secp_group_order(&g,&n)!=0)goto done; ctx=BN_CTX_new(); t=BN_bin2bn(digest,64,NULL); if(!ctx||!t)goto done;
      |     ^~
/mnt/data/qrx_0936_work/qrx-core/src/qrx.c:6273:54: note: ...this statement, but the latter is misleadingly indented as if it were guarded by the 'if'
 6273 |     if(stealth_secp_group_order(&g,&n)!=0)goto done; ctx=BN_CTX_new(); t=BN_bin2bn(digest,64,NULL); if(!ctx||!t)goto done;
      |                                                      ^~~
/mnt/data/qrx_0936_work/qrx-core/src/compute/qrx_compute.c: In function 'qrx_ai_model_registry_find':
/mnt/data/qrx_0936_work/qrx-core/src/compute/qrx_compute.c:315:5: warning: this 'if' clause does not guard... [-Wmisleading-indentation]
  315 |     if(!r||!id||!ver) return NULL; for(uint32_t i=0;i<r->count;i++) if(!strcmp(r->records[i].model_id,id)&&!strcmp(r->records[i].model_version,ver)) return &r->records[i]; return NULL;
      |     ^~
/mnt/data/qrx_0936_work/qrx-core/src/compute/qrx_compute.c:315:36: note: ...this statement, but the latter is misleadingly indented as if it were guarded by the 'if'
  315 |     if(!r||!id||!ver) return NULL; for(uint32_t i=0;i<r->count;i++) if(!strcmp(r->records[i].model_id,id)&&!strcmp(r->records[i].model_version,ver)) return &r->records[i]; return NULL;
      |                                    ^~~
/mnt/data/qrx_0936_work/qrx-core/src/qrx.c:6274:5: warning: this 'if' clause does not guard... [-Wmisleading-indentation]
 6274 |     if(BN_mod(t,t,n,ctx)!=1)goto done; if(BN_is_zero(t))BN_one(t); *tweak_out=t; t=NULL; rc=0;
      |     ^~
/mnt/data/qrx_0936_work/qrx-core/src/compute/qrx_compute.c: In function 'qrx_compute_escrow_mark_assigned':
/mnt/data/qrx_0936_work/qrx-core/src/compute/qrx_compute.c:495:5: warning: this 'if' clause does not guard... [-Wmisleading-indentation]
  495 |     if(!e||e->state!=QRX_COMPUTE_ESCROW_LOCKED) return -1; e->state=QRX_COMPUTE_ESCROW_ASSIGNED; return 0;
      |     ^~
/mnt/data/qrx_0936_work/qrx-core/src/compute/qrx_compute.c:495:60: note: ...this statement, but the latter is misleadingly indented as if it were guarded by the 'if'
  495 |     if(!e||e->state!=QRX_COMPUTE_ESCROW_LOCKED) return -1; e->state=QRX_COMPUTE_ESCROW_ASSIGNED; return 0;
      |                                                            ^
/mnt/data/qrx_0936_work/qrx-core/src/compute/qrx_compute.c: In function 'qrx_compute_sandbox_policy_default':
/mnt/data/qrx_0936_work/qrx-core/src/compute/qrx_compute.c:518:5: warning: this 'if' clause does not guard... [-Wmisleading-indentation]
  518 |     if(!n||!p) return -1; memset(p,0,sizeof(*p)); p->version=QRX_SANDBOX_POLICY_VERSION;
      |     ^~
/mnt/data/qrx_0936_work/qrx-core/src/compute/qrx_compute.c:518:27: note: ...this statement, but the latter is misleadingly indented as if it were guarded by the 'if'
  518 |     if(!n||!p) return -1; memset(p,0,sizeof(*p)); p->version=QRX_SANDBOX_POLICY_VERSION;
      |                           ^~~~~~
/mnt/data/qrx_0936_work/qrx-core/src/qrx.c:6274:40: note: ...this statement, but the latter is misleadingly indented as if it were guarded by the 'if'
 6274 |     if(BN_mod(t,t,n,ctx)!=1)goto done; if(BN_is_zero(t))BN_one(t); *tweak_out=t; t=NULL; rc=0;
      |                                        ^~
/mnt/data/qrx_0936_work/qrx-core/src/compute/qrx_compute.c: In function 'qrx_compute_budget_guard_init':
/mnt/data/qrx_0936_work/qrx-core/src/compute/qrx_compute.c:544:5: warning: this 'if' clause does not guard... [-Wmisleading-indentation]
  544 |     if(!g||!authorized) return -1; memset(g,0,sizeof(*g)); g->authorized_atoms=authorized; g->state=QRX_BUDGET_RUNNING; return 0;
      |     ^~
/mnt/data/qrx_0936_work/qrx-core/src/compute/qrx_compute.c:544:36: note: ...this statement, but the latter is misleadingly indented as if it were guarded by the 'if'
  544 |     if(!g||!authorized) return -1; memset(g,0,sizeof(*g)); g->authorized_atoms=authorized; g->state=QRX_BUDGET_RUNNING; return 0;
      |                                    ^~~~~~
/mnt/data/qrx_0936_work/qrx-core/src/compute/qrx_compute.c: In function 'qrx_compute_budget_guard_checkpoint':
/mnt/data/qrx_0936_work/qrx-core/src/compute/qrx_compute.c:561:5: warning: this 'if' clause does not guard... [-Wmisleading-indentation]
  561 |     if(g->verified_spent_atoms>=g->authorized_atoms) g->state=QRX_BUDGET_PAUSED_EXHAUSTED; return 0;
      |     ^~
/mnt/data/qrx_0936_work/qrx-core/src/compute/qrx_compute.c:561:92: note: ...this statement, but the latter is misleadingly indented as if it were guarded by the 'if'
  561 |     if(g->verified_spent_atoms>=g->authorized_atoms) g->state=QRX_BUDGET_PAUSED_EXHAUSTED; return 0;
      |                                                                                            ^~~~~~
/mnt/data/qrx_0936_work/qrx-core/src/compute/qrx_compute.c: In function 'qrx_compute_budget_guard_resume':
/mnt/data/qrx_0936_work/qrx-core/src/compute/qrx_compute.c:568:5: warning: this 'if' clause does not guard... [-Wmisleading-indentation]
  568 |     if(!g||g->state!=QRX_BUDGET_EXTENDED||!g->checkpoint_seq) return -1; g->state=QRX_BUDGET_RESUMING; return 0;
      |     ^~
/mnt/data/qrx_0936_work/qrx-core/src/compute/qrx_compute.c:568:74: note: ...this statement, but the latter is misleadingly indented as if it were guarded by the 'if'
  568 |     if(!g||g->state!=QRX_BUDGET_EXTENDED||!g->checkpoint_seq) return -1; g->state=QRX_BUDGET_RESUMING; return 0;
      |                                                                          ^
/mnt/data/qrx_0936_work/qrx-core/src/compute/qrx_compute.c: In function 'qrx_compute_budget_guard_complete':
/mnt/data/qrx_0936_work/qrx-core/src/compute/qrx_compute.c:571:5: warning: this 'if' clause does not guard... [-Wmisleading-indentation]
  571 |     if(!g||g->verified_spent_atoms>g->authorized_atoms||g->state==QRX_BUDGET_PAUSED_EXHAUSTED) return -1; g->state=QRX_BUDGET_COMPLETED; return 0;
      |     ^~
/mnt/data/qrx_0936_work/qrx-core/src/compute/qrx_compute.c:571:107: note: ...this statement, but the latter is misleadingly indented as if it were guarded by the 'if'
  571 |     if(!g||g->verified_spent_atoms>g->authorized_atoms||g->state==QRX_BUDGET_PAUSED_EXHAUSTED) return -1; g->state=QRX_BUDGET_COMPLETED; return 0;
      |                                                                                                           ^
/mnt/data/qrx_0936_work/qrx-core/src/compute/qrx_compute.c: In function 'qrx_pouc_receipt_validate':
/mnt/data/qrx_0936_work/qrx-core/src/compute/qrx_compute.c:583:2: warning: this 'if' clause does not guard... [-Wmisleading-indentation]
  583 |  if(r->verification_mode<QRX_POUC_VERIFY_SPOT||r->verification_mode>QRX_POUC_VERIFY_REDUNDANT_2_OF_3)return -1; return 0;
      |  ^~
/mnt/data/qrx_0936_work/qrx-core/src/compute/qrx_compute.c:583:113: note: ...this statement, but the latter is misleadingly indented as if it were guarded by the 'if'
  583 |  if(r->verification_mode<QRX_POUC_VERIFY_SPOT||r->verification_mode>QRX_POUC_VERIFY_REDUNDANT_2_OF_3)return -1; return 0;
      |                                                                                                                 ^~~~~~
/mnt/data/qrx_0936_work/qrx-core/src/compute/qrx_compute.c: In function 'qrx_pouc_receipt_commitment':
/mnt/data/qrx_0936_work/qrx-core/src/compute/qrx_compute.c:586:2: warning: this 'if' clause does not guard... [-Wmisleading-indentation]
  586 |  if(qrx_pouc_receipt_validate(r)||!out)return -1; EVP_MD_CTX *c=EVP_MD_CTX_new(); if(!c)return -1; unsigned char h[32];unsigned int n=0;int ok=1;
      |  ^~
/mnt/data/qrx_0936_work/qrx-core/src/compute/qrx_compute.c:586:51: note: ...this statement, but the latter is misleadingly indented as if it were guarded by the 'if'
  586 |  if(qrx_pouc_receipt_validate(r)||!out)return -1; EVP_MD_CTX *c=EVP_MD_CTX_new(); if(!c)return -1; unsigned char h[32];unsigned int n=0;int ok=1;
      |                                                   ^~~~~~~~~~
/mnt/data/qrx_0936_work/qrx-core/src/compute/qrx_compute.c:588:2: warning: this 'if' clause does not guard... [-Wmisleading-indentation]
  588 |  if(EVP_DigestInit_ex(c,EVP_sha3_256(),NULL)!=1)ok=0; const char dom[]="QRX/POUC/RECEIPT/V1"; POUC_UPD(dom,sizeof(dom)-1); POUC_UPD(r->graph_commitment,64); POUC_UPD(&r->node_id,sizeof(r->node_id)); POUC_UPD(r->provider_id,strlen(r->provider_id)); POUC_UPD(r->input_commitment,64); POUC_UPD(r->model_commitment,64); POUC_UPD(r->runtime_id,strlen(r->runtime_id)); POUC_UPD(r->execution_params_commitment,64); POUC_UPD(r->result_commitment,64); POUC_UPD(&r->verified_compute_atoms,sizeof(r->verified_compute_atoms)); POUC_UPD(&r->started_height,sizeof(r->started_height)); POUC_UPD(&r->completed_height,sizeof(r->completed_height)); POUC_UPD(&r->verification_mode,sizeof(r->verification_mode)); if(ok&&EVP_DigestFinal_ex(c,h,&n)!=1)ok=0;EVP_MD_CTX_free(c); if(!ok||n!=32)return -1; static const char hx[]="0123456789abcdef";for(int i=0;i<32;i++){out[i*2]=hx[h[i]>>4];out[i*2+1]=hx[h[i]&15];}out[64]=0;return 0;
      |  ^~
/mnt/data/qrx_0936_work/qrx-core/src/compute/qrx_compute.c:588:55: note: ...this statement, but the latter is misleadingly indented as if it were guarded by the 'if'
  588 |  if(EVP_DigestInit_ex(c,EVP_sha3_256(),NULL)!=1)ok=0; const char dom[]="QRX/POUC/RECEIPT/V1"; POUC_UPD(dom,sizeof(dom)-1); POUC_UPD(r->graph_commitment,64); POUC_UPD(&r->node_id,sizeof(r->node_id)); POUC_UPD(r->provider_id,strlen(r->provider_id)); POUC_UPD(r->input_commitment,64); POUC_UPD(r->model_commitment,64); POUC_UPD(r->runtime_id,strlen(r->runtime_id)); POUC_UPD(r->execution_params_commitment,64); POUC_UPD(r->result_commitment,64); POUC_UPD(&r->verified_compute_atoms,sizeof(r->verified_compute_atoms)); POUC_UPD(&r->started_height,sizeof(r->started_height)); POUC_UPD(&r->completed_height,sizeof(r->completed_height)); POUC_UPD(&r->verification_mode,sizeof(r->verification_mode)); if(ok&&EVP_DigestFinal_ex(c,h,&n)!=1)ok=0;EVP_MD_CTX_free(c); if(!ok||n!=32)return -1; static const char hx[]="0123456789abcdef";for(int i=0;i<32;i++){out[i*2]=hx[h[i]>>4];out[i*2+1]=hx[h[i]&15];}out[64]=0;return 0;
      |                                                       ^~~~~
/mnt/data/qrx_0936_work/qrx-core/src/compute/qrx_compute.c: In function 'qrx_pouc_verify_result':
/mnt/data/qrx_0936_work/qrx-core/src/compute/qrx_compute.c:592:2: warning: this 'if' clause does not guard... [-Wmisleading-indentation]
  592 |  if(qrx_pouc_receipt_validate(r)||!o||mc>vc)return -1; memset(o,0,sizeof(*o)); if(qrx_pouc_receipt_commitment(r,o->receipt_commitment))return -1;o->verifier_count=vc;o->matching_verifiers=mc;
      |  ^~
/mnt/data/qrx_0936_work/qrx-core/src/compute/qrx_compute.c:592:56: note: ...this statement, but the latter is misleadingly indented as if it were guarded by the 'if'
  592 |  if(qrx_pouc_receipt_validate(r)||!o||mc>vc)return -1; memset(o,0,sizeof(*o)); if(qrx_pouc_receipt_commitment(r,o->receipt_commitment))return -1;o->verifier_count=vc;o->matching_verifiers=mc;
      |                                                        ^~~~~~
/mnt/data/qrx_0936_work/qrx-core/src/compute/qrx_compute.c: In function 'qrx_aura_agent_manifest_commitment':
/mnt/data/qrx_0936_work/qrx-core/src/compute/qrx_compute.c:659:5: warning: this 'if' clause does not guard... [-Wmisleading-indentation]
  659 |     if(ok && EVP_DigestFinal_ex(c,h,&hn)!=1) ok=0; EVP_MD_CTX_free(c); if(!ok||hn!=32)return -1;
      |     ^~
/mnt/data/qrx_0936_work/qrx-core/src/compute/qrx_compute.c:659:52: note: ...this statement, but the latter is misleadingly indented as if it were guarded by the 'if'
  659 |     if(ok && EVP_DigestFinal_ex(c,h,&hn)!=1) ok=0; EVP_MD_CTX_free(c); if(!ok||hn!=32)return -1;
      |                                                    ^~~~~~~~~~~~~~~
/mnt/data/qrx_0936_work/qrx-core/src/compute/qrx_compute.c: In function 'qrx_aura_session_open':
/mnt/data/qrx_0936_work/qrx-core/src/compute/qrx_compute.c:665:5: warning: this 'if' clause does not guard... [-Wmisleading-indentation]
  665 |     if(qrx_aura_agent_manifest_commitment(m,o->agent_commitment)) return -1; o->authorized_atoms=authorized; o->state=QRX_AURA_SESSION_OPEN; return 0;
      |     ^~
/mnt/data/qrx_0936_work/qrx-core/src/compute/qrx_compute.c:665:78: note: ...this statement, but the latter is misleadingly indented as if it were guarded by the 'if'
  665 |     if(qrx_aura_agent_manifest_commitment(m,o->agent_commitment)) return -1; o->authorized_atoms=authorized; o->state=QRX_AURA_SESSION_OPEN; return 0;
      |                                                                              ^
/mnt/data/qrx_0936_work/qrx-core/src/compute/qrx_compute.c: In function 'qrx_aura_tool_call_commitment':
/mnt/data/qrx_0936_work/qrx-core/src/compute/qrx_compute.c:701:5: warning: this 'if' clause does not guard... [-Wmisleading-indentation]
  701 |     if(!x||EVP_DigestInit_ex(x,EVP_sha3_256(),NULL)!=1)ok=0; if(ok&&EVP_DigestUpdate(x,dom,sizeof(dom)-1)!=1)ok=0;
      |     ^~
/mnt/data/qrx_0936_work/qrx-core/src/compute/qrx_compute.c:701:62: note: ...this statement, but the latter is misleadingly indented as if it were guarded by the 'if'
  701 |     if(!x||EVP_DigestInit_ex(x,EVP_sha3_256(),NULL)!=1)ok=0; if(ok&&EVP_DigestUpdate(x,dom,sizeof(dom)-1)!=1)ok=0;
      |                                                              ^~
/mnt/data/qrx_0936_work/qrx-core/src/compute/qrx_compute.c:706:5: warning: this 'if' clause does not guard... [-Wmisleading-indentation]
  706 |     if(ok&&EVP_DigestFinal_ex(x,h,&hn)!=1)ok=0;EVP_MD_CTX_free(x);if(!ok||hn!=32)return -1;static const char hx[]="0123456789abcdef";for(int i=0;i<32;i++){out[i*2]=hx[h[i]>>4];out[i*2+1]=hx[h[i]&15];}out[64]=0;return 0;
      |     ^~
/mnt/data/qrx_0936_work/qrx-core/src/compute/qrx_compute.c:706:48: note: ...this statement, but the latter is misleadingly indented as if it were guarded by the 'if'
  706 |     if(ok&&EVP_DigestFinal_ex(x,h,&hn)!=1)ok=0;EVP_MD_CTX_free(x);if(!ok||hn!=32)return -1;static const char hx[]="0123456789abcdef";for(int i=0;i<32;i++){out[i*2]=hx[h[i]>>4];out[i*2+1]=hx[h[i]&15];}out[64]=0;return 0;
      |                                                ^~~~~~~~~~~~~~~
/mnt/data/qrx_0936_work/qrx-core/src/compute/qrx_compute.c: In function 'qrx_aura_chat_message_commitment':
/mnt/data/qrx_0936_work/qrx-core/src/compute/qrx_compute.c:746:5: warning: this 'if' clause does not guard... [-Wmisleading-indentation]
  746 |     if(!m||!out||m->version!=QRX_AURA_CHAT_VERSION||!nonempty(m->message_id,sizeof(m->message_id)))return -1;EVP_MD_CTX*x=EVP_MD_CTX_new();unsigned char h[32];unsigned int hn=0;int ok=1;const char dom[]="QRX/AURA/CHAT-MESSAGE/V1";if(!x||EVP_DigestInit_ex(x,EVP_sha3_256(),NULL)!=1)ok=0;if(ok&&EVP_DigestUpdate(x,dom,sizeof(dom)-1)!=1)ok=0;
      |     ^~
/mnt/data/qrx_0936_work/qrx-core/src/compute/qrx_compute.c:746:110: note: ...this statement, but the latter is misleadingly indented as if it were guarded by the 'if'
  746 |     if(!m||!out||m->version!=QRX_AURA_CHAT_VERSION||!nonempty(m->message_id,sizeof(m->message_id)))return -1;EVP_MD_CTX*x=EVP_MD_CTX_new();unsigned char h[32];unsigned int hn=0;int ok=1;const char dom[]="QRX/AURA/CHAT-MESSAGE/V1";if(!x||EVP_DigestInit_ex(x,EVP_sha3_256(),NULL)!=1)ok=0;if(ok&&EVP_DigestUpdate(x,dom,sizeof(dom)-1)!=1)ok=0;
      |                                                                                                              ^~~~~~~~~~
/mnt/data/qrx_0936_work/qrx-core/src/compute/qrx_compute.c:750:5: warning: this 'if' clause does not guard... [-Wmisleading-indentation]
  750 |     if(ok&&(qrx_job_digest_u32(x,(uint32_t)m->role)||qrx_job_digest_u32(x,(uint32_t)m->state)||qrx_job_digest_u32(x,m->artifact_count)||qrx_job_digest_u64(x,m->authorized_fee_atoms)||qrx_job_digest_u64(x,m->verified_fee_atoms)||qrx_job_digest_u64(x,m->stream_sequence)))ok=0;if(ok&&EVP_DigestFinal_ex(x,h,&hn)!=1)ok=0;EVP_MD_CTX_free(x);if(!ok||hn!=32)return -1;static const char hx[]="0123456789abcdef";for(int i=0;i<32;i++){out[i*2]=hx[h[i]>>4];out[i*2+1]=hx[h[i]&15];}out[64]=0;return 0;
      |     ^~
/mnt/data/qrx_0936_work/qrx-core/src/compute/qrx_compute.c:750:276: note: ...this statement, but the latter is misleadingly indented as if it were guarded by the 'if'
  750 |     if(ok&&(qrx_job_digest_u32(x,(uint32_t)m->role)||qrx_job_digest_u32(x,(uint32_t)m->state)||qrx_job_digest_u32(x,m->artifact_count)||qrx_job_digest_u64(x,m->authorized_fee_atoms)||qrx_job_digest_u64(x,m->verified_fee_atoms)||qrx_job_digest_u64(x,m->stream_sequence)))ok=0;if(ok&&EVP_DigestFinal_ex(x,h,&hn)!=1)ok=0;EVP_MD_CTX_free(x);if(!ok||hn!=32)return -1;static const char hx[]="0123456789abcdef";for(int i=0;i<32;i++){out[i*2]=hx[h[i]>>4];out[i*2+1]=hx[h[i]&15];}out[64]=0;return 0;
      |                                                                                                                                                                                                                                                                                    ^~
/mnt/data/qrx_0936_work/qrx-core/src/compute/qrx_compute.c: In function 'qrx_aura_artifact_commitment':
/mnt/data/qrx_0936_work/qrx-core/src/compute/qrx_compute.c:785:5: warning: this 'if' clause does not guard... [-Wmisleading-indentation]
  785 |     if(!x||EVP_DigestInit_ex(x,EVP_sha3_256(),NULL)!=1)ok=0;if(ok&&EVP_DigestUpdate(x,dom,sizeof(dom)-1)!=1)ok=0;
      |     ^~
/mnt/data/qrx_0936_work/qrx-core/src/compute/qrx_compute.c:785:61: note: ...this statement, but the latter is misleadingly indented as if it were guarded by the 'if'
  785 |     if(!x||EVP_DigestInit_ex(x,EVP_sha3_256(),NULL)!=1)ok=0;if(ok&&EVP_DigestUpdate(x,dom,sizeof(dom)-1)!=1)ok=0;
      |                                                             ^~
/mnt/data/qrx_0936_work/qrx-core/src/qrx.c: In function 'stealth_split_address':
/mnt/data/qrx_0936_work/qrx-core/src/compute/qrx_compute.c:790:5: warning: this 'if' clause does not guard... [-Wmisleading-indentation]
  790 |     if(ok&&EVP_DigestFinal_ex(x,h,&hn)!=1)ok=0;EVP_MD_CTX_free(x);if(!ok||hn!=32)return -1;static const char hx[]="0123456789abcdef";for(int i=0;i<32;i++){out[i*2]=hx[h[i]>>4];out[i*2+1]=hx[h[i]&15];}out[64]=0;return 0;
      |     ^~
/mnt/data/qrx_0936_work/qrx-core/src/compute/qrx_compute.c:790:48: note: ...this statement, but the latter is misleadingly indented as if it were guarded by the 'if'
  790 |     if(ok&&EVP_DigestFinal_ex(x,h,&hn)!=1)ok=0;EVP_MD_CTX_free(x);if(!ok||hn!=32)return -1;static const char hx[]="0123456789abcdef";for(int i=0;i<32;i++){out[i*2]=hx[h[i]>>4];out[i*2+1]=hx[h[i]&15];}out[64]=0;return 0;
      |                                                ^~~~~~~~~~~~~~~
/mnt/data/qrx_0936_work/qrx-core/src/compute/qrx_compute.c: In function 'qrx_aura_project_validate':
/mnt/data/qrx_0936_work/qrx-core/src/compute/qrx_compute.c:794:5: warning: this 'if' clause does not guard... [-Wmisleading-indentation]
  794 |     if(p->root_ref[0]&&!qrx_job_ref_valid(p->root_ref,sizeof(p->root_ref)))return -1;if(p->private_pq>1||p->file_count>QRX_AURA_PROJECT_MAX_FILES)return -1;
      |     ^~
/mnt/data/qrx_0936_work/qrx-core/src/compute/qrx_compute.c:794:86: note: ...this statement, but the latter is misleadingly indented as if it were guarded by the 'if'
  794 |     if(p->root_ref[0]&&!qrx_job_ref_valid(p->root_ref,sizeof(p->root_ref)))return -1;if(p->private_pq>1||p->file_count>QRX_AURA_PROJECT_MAX_FILES)return -1;
      |                                                                                      ^~
/mnt/data/qrx_0936_work/qrx-core/src/compute/qrx_compute.c: In function 'qrx_aura_project_commitment':
/mnt/data/qrx_0936_work/qrx-core/src/compute/qrx_compute.c:803:1: warning: this 'if' clause does not guard... [-Wmisleading-indentation]
  803 | if(ok&&(qrx_job_digest_u32(x,p->version)||qrx_job_digest_u32(x,p->file_count)||qrx_job_digest_u32(x,p->private_pq)))ok=0;if(ok&&EVP_DigestFinal_ex(x,h,&hn)!=1)ok=0;EVP_MD_CTX_free(x);if(!ok||hn!=32)return -1;static const char hx[]="0123456789abcdef";for(int i=0;i<32;i++){out[i*2]=hx[h[i]>>4];out[i*2+1]=hx[h[i]&15];}out[64]=0;return 0;}
      | ^~
/mnt/data/qrx_0936_work/qrx-core/src/compute/qrx_compute.c:803:122: note: ...this statement, but the latter is misleadingly indented as if it were guarded by the 'if'
  803 | if(ok&&(qrx_job_digest_u32(x,p->version)||qrx_job_digest_u32(x,p->file_count)||qrx_job_digest_u32(x,p->private_pq)))ok=0;if(ok&&EVP_DigestFinal_ex(x,h,&hn)!=1)ok=0;EVP_MD_CTX_free(x);if(!ok||hn!=32)return -1;static const char hx[]="0123456789abcdef";for(int i=0;i<32;i++){out[i*2]=hx[h[i]>>4];out[i*2+1]=hx[h[i]&15];}out[64]=0;return 0;}
      |                                                                                                                          ^~
/mnt/data/qrx_0936_work/qrx-core/src/compute/qrx_compute.c: In function 'qrx_aura_code_workspace_validate':
/mnt/data/qrx_0936_work/qrx-core/src/compute/qrx_compute.c:817:5: warning: this 'if' clause does not guard... [-Wmisleading-indentation]
  817 |     if(w->patch_artifact_ref[0]&&!qrx_job_ref_valid(w->patch_artifact_ref,sizeof(w->patch_artifact_ref)))return -1;if(w->build_log_ref[0]&&!qrx_job_ref_valid(w->build_log_ref,sizeof(w->build_log_ref)))return -1;if(w->test_log_ref[0]&&!qrx_job_ref_valid(w->test_log_ref,sizeof(w->test_log_ref)))return -1;
      |     ^~
/mnt/data/qrx_0936_work/qrx-core/src/qrx.c:6309:5: warning: this 'if' clause does not guard... [-Wmisleading-indentation]
 6309 |     if(!saddr||strncmp(saddr,"squb2",5)!=0)return -1; const char *p=saddr+5; if(strlen(p)!=130)return -1;
      |     ^~
/mnt/data/qrx_0936_work/qrx-core/src/compute/qrx_compute.c:817:116: note: ...this statement, but the latter is misleadingly indented as if it were guarded by the 'if'
  817 |     if(w->patch_artifact_ref[0]&&!qrx_job_ref_valid(w->patch_artifact_ref,sizeof(w->patch_artifact_ref)))return -1;if(w->build_log_ref[0]&&!qrx_job_ref_valid(w->build_log_ref,sizeof(w->build_log_ref)))return -1;if(w->test_log_ref[0]&&!qrx_job_ref_valid(w->test_log_ref,sizeof(w->test_log_ref)))return -1;
      |                                                                                                                    ^~
/mnt/data/qrx_0936_work/qrx-core/src/compute/qrx_compute.c:819:5: warning: this 'if' clause does not guard... [-Wmisleading-indentation]
  819 |     if(qrx_aura_code_total_stage_fee(w)>w->max_total_fee_atoms)return -1;return 0;
      |     ^~
/mnt/data/qrx_0936_work/qrx-core/src/compute/qrx_compute.c:819:74: note: ...this statement, but the latter is misleadingly indented as if it were guarded by the 'if'
  819 |     if(qrx_aura_code_total_stage_fee(w)>w->max_total_fee_atoms)return -1;return 0;
      |                                                                          ^~~~~~
/mnt/data/qrx_0936_work/qrx-core/src/compute/qrx_compute.c: In function 'qrx_aura_code_workspace_add_stage':
/mnt/data/qrx_0936_work/qrx-core/src/compute/qrx_compute.c:822:5: warning: this 'if' clause does not guard... [-Wmisleading-indentation]
  822 |     if(!w||w->state!=QRX_AURA_CODE_PLAN_DRAFT||w->stage_count>=QRX_AURA_CODE_MAX_STAGES||!qrx_aura_code_one_stage_bit(mask)||!label||!label[0]||strlen(label)>=QRX_AURA_CODE_MAX_LABEL||!qrx_job_ref_valid(in,QRX_AURA_MAX_REF)||!qrx_job_ref_valid(out,QRX_AURA_MAX_REF)||!rt||!rt[0]||strlen(rt)>=QRX_AURA_CODE_MAX_RUNTIME||!fee||!ms||!bytes)return -1;uint64_t used=qrx_aura_code_total_stage_fee(w);if(used==UINT64_MAX||fee>w->max_total_fee_atoms||used>w->max_total_fee_atoms-fee)return -2;
      |     ^~
/mnt/data/qrx_0936_work/qrx-core/src/compute/qrx_compute.c:822:348: note: ...this statement, but the latter is misleadingly indented as if it were guarded by the 'if'
  822 |     if(!w||w->state!=QRX_AURA_CODE_PLAN_DRAFT||w->stage_count>=QRX_AURA_CODE_MAX_STAGES||!qrx_aura_code_one_stage_bit(mask)||!label||!label[0]||strlen(label)>=QRX_AURA_CODE_MAX_LABEL||!qrx_job_ref_valid(in,QRX_AURA_MAX_REF)||!qrx_job_ref_valid(out,QRX_AURA_MAX_REF)||!rt||!rt[0]||strlen(rt)>=QRX_AURA_CODE_MAX_RUNTIME||!fee||!ms||!bytes)return -1;uint64_t used=qrx_aura_code_total_stage_fee(w);if(used==UINT64_MAX||fee>w->max_total_fee_atoms||used>w->max_total_fee_atoms-fee)return -2;
      |                                                                                                                                                                                                                                                                                                                                                            ^~~~~~~~
/mnt/data/qrx_0936_work/qrx-core/src/compute/qrx_compute.c: In function 'qrx_aura_code_workspace_commitment':
/mnt/data/qrx_0936_work/qrx-core/src/compute/qrx_compute.c:830:1: warning: this 'if' clause does not guard... [-Wmisleading-indentation]
  830 | if(ok&&(qrx_job_digest_u32(x,w->version)||qrx_job_digest_u64(x,w->max_total_fee_atoms)||qrx_job_digest_u32(x,w->stage_count)||qrx_job_digest_u32(x,(uint32_t)w->state)||qrx_job_digest_u32(x,w->user_approved_execution)))ok=0;if(ok&&EVP_DigestFinal_ex(x,h,&hn)!=1)ok=0;EVP_MD_CTX_free(x);if(!ok||hn!=32)return -1;static const char hx[]="0123456789abcdef";for(int i=0;i<32;i++){out[i*2]=hx[h[i]>>4];out[i*2+1]=hx[h[i]&15];}out[64]=0;return 0;}
      | ^~
/mnt/data/qrx_0936_work/qrx-core/src/compute/qrx_compute.c:830:224: note: ...this statement, but the latter is misleadingly indented as if it were guarded by the 'if'
  830 | if(ok&&(qrx_job_digest_u32(x,w->version)||qrx_job_digest_u64(x,w->max_total_fee_atoms)||qrx_job_digest_u32(x,w->stage_count)||qrx_job_digest_u32(x,(uint32_t)w->state)||qrx_job_digest_u32(x,w->user_approved_execution)))ok=0;if(ok&&EVP_DigestFinal_ex(x,h,&hn)!=1)ok=0;EVP_MD_CTX_free(x);if(!ok||hn!=32)return -1;static const char hx[]="0123456789abcdef";for(int i=0;i<32;i++){out[i*2]=hx[h[i]>>4];out[i*2+1]=hx[h[i]&15];}out[64]=0;return 0;}
      |                                                                                                                                                                                                                                ^~
/mnt/data/qrx_0936_work/qrx-core/src/qrx.c:6309:55: note: ...this statement, but the latter is misleadingly indented as if it were guarded by the 'if'
 6309 |     if(!saddr||strncmp(saddr,"squb2",5)!=0)return -1; const char *p=saddr+5; if(strlen(p)!=130)return -1;
      |                                                       ^~~~~
/mnt/data/qrx_0936_work/qrx-core/src/compute/qrx_compute.c: In function 'qrx_aura_code_execution_validate':
/mnt/data/qrx_0936_work/qrx-core/src/compute/qrx_compute.c:852:381: warning: suggest parentheses around '&&' within '||' [-Wparentheses]
  852 |     for(uint32_t i=0;i<e->stage_count;i++){const QrxAuraCodeStageResult*r=&e->results[i];if(r->stage_id!=i+1||r->status<QRX_AURA_CODE_STAGE_PENDING||r->status>QRX_AURA_CODE_STAGE_CANCELLED||!qrx_aura_exec_ref_optional(r->output_ref)||!qrx_aura_exec_ref_optional(r->log_ref)||!qrx_aura_exec_result_commitment_optional(r->result_commitment)||!nonempty(r->summary,sizeof(r->summary))&&r->status>=QRX_AURA_CODE_STAGE_PASSED)return -1;if(r->status==QRX_AURA_CODE_STAGE_RUNNING)running++;if(r->charged_fee_atoms>w->stages[i].max_fee_atoms)return -1;if(UINT64_MAX-sum<r->charged_fee_atoms)return -1;sum+=r->charged_fee_atoms;if(r->finished_ms&&r->started_ms&&r->finished_ms<r->started_ms)return -1;}
      |                                                                                                                                                                                                                                                                                                                                                     ~~~~~~~~~~~~~~~~~~~~~~~~~~~~~~~~~~~~~~~~^~~~~~~~~~~~~~~~~~~~~~~~~~~~~~~~~~~~~~~
/mnt/data/qrx_0936_work/qrx-core/src/compute/qrx_compute.c:853:5: warning: this 'if' clause does not guard... [-Wmisleading-indentation]
  853 |     if(running>1||sum!=e->total_charged_atoms||sum>w->max_total_fee_atoms)return -1;return 0;
      |     ^~
/mnt/data/qrx_0936_work/qrx-core/src/compute/qrx_compute.c:853:85: note: ...this statement, but the latter is misleadingly indented as if it were guarded by the 'if'
  853 |     if(running>1||sum!=e->total_charged_atoms||sum>w->max_total_fee_atoms)return -1;return 0;
      |                                                                                     ^~~~~~
/mnt/data/qrx_0936_work/qrx-core/src/compute/qrx_compute.c: In function 'qrx_aura_code_execution_start_stage':
/mnt/data/qrx_0936_work/qrx-core/src/compute/qrx_compute.c:856:5: warning: this 'if' clause does not guard... [-Wmisleading-indentation]
  856 |     if(!e||qrx_aura_code_execution_validate(w,e)||e->state!=QRX_AURA_CODE_PLAN_RUNNING||idx>=e->stage_count||!started)return -1;if(idx>0&&e->results[idx-1].status!=QRX_AURA_CODE_STAGE_PASSED)return -2;QrxAuraCodeStageResult*r=&e->results[idx];if(r->status!=QRX_AURA_CODE_STAGE_PENDING)return -3;r->status=QRX_AURA_CODE_STAGE_RUNNING;r->started_ms=started;e->current_stage_index=idx;return 0;
      |     ^~
/mnt/data/qrx_0936_work/qrx-core/src/compute/qrx_compute.c:856:129: note: ...this statement, but the latter is misleadingly indented as if it were guarded by the 'if'
  856 |     if(!e||qrx_aura_code_execution_validate(w,e)||e->state!=QRX_AURA_CODE_PLAN_RUNNING||idx>=e->stage_count||!started)return -1;if(idx>0&&e->results[idx-1].status!=QRX_AURA_CODE_STAGE_PASSED)return -2;QrxAuraCodeStageResult*r=&e->results[idx];if(r->status!=QRX_AURA_CODE_STAGE_PENDING)return -3;r->status=QRX_AURA_CODE_STAGE_RUNNING;r->started_ms=started;e->current_stage_index=idx;return 0;
      |                                                                                                                                 ^~
/mnt/data/qrx_0936_work/qrx-core/src/compute/qrx_compute.c: In function 'qrx_aura_code_execution_record_result':
/mnt/data/qrx_0936_work/qrx-core/src/compute/qrx_compute.c:859:5: warning: this 'if' clause does not guard... [-Wmisleading-indentation]
  859 |     if(!e||qrx_aura_code_execution_validate(w,e)||idx>=e->stage_count||(st!=QRX_AURA_CODE_STAGE_PASSED&&st!=QRX_AURA_CODE_STAGE_FAILED&&st!=QRX_AURA_CODE_STAGE_CANCELLED)||!finished||!summary||!summary[0]||strlen(summary)>=QRX_AURA_CODE_RESULT_MAX_SUMMARY||!qrx_aura_exec_ref_optional(outref)||!qrx_aura_exec_ref_optional(logref)||!qrx_aura_exec_result_commitment_optional(commit)||fee>w->stages[idx].max_fee_atoms)return -1;QrxAuraCodeStageResult*r=&e->results[idx];if(r->status!=QRX_AURA_CODE_STAGE_RUNNING||finished<r->started_ms)return -2;if(fee>w->max_total_fee_atoms-e->total_charged_atoms)return -3;r->status=st;r->exit_code=exit_code;r->charged_fee_atoms=fee;r->finished_ms=finished;snprintf(r->output_ref,sizeof(r->output_ref),"%s",outref?outref:"");snprintf(r->log_ref,sizeof(r->log_ref),"%s",logref?logref:"");snprintf(r->result_commitment,sizeof(r->result_commitment),"%s",commit?commit:"");snprintf(r->summary,sizeof(r->summary),"%s",summary);e->total_charged_atoms+=fee;if(st==QRX_AURA_CODE_STAGE_FAILED)e->state=QRX_AURA_CODE_PLAN_FAILED;else if(st==QRX_AURA_CODE_STAGE_CANCELLED)e->state=QRX_AURA_CODE_PLAN_CANCELLED;else if(idx+1==e->stage_count)e->current_stage_index=e->stage_count;return 0;
      |     ^~
/mnt/data/qrx_0936_work/qrx-core/src/compute/qrx_compute.c:859:426: note: ...this statement, but the latter is misleadingly indented as if it were guarded by the 'if'
  859 |     if(!e||qrx_aura_code_execution_validate(w,e)||idx>=e->stage_count||(st!=QRX_AURA_CODE_STAGE_PASSED&&st!=QRX_AURA_CODE_STAGE_FAILED&&st!=QRX_AURA_CODE_STAGE_CANCELLED)||!finished||!summary||!summary[0]||strlen(summary)>=QRX_AURA_CODE_RESULT_MAX_SUMMARY||!qrx_aura_exec_ref_optional(outref)||!qrx_aura_exec_ref_optional(logref)||!qrx_aura_exec_result_commitment_optional(commit)||fee>w->stages[idx].max_fee_atoms)return -1;QrxAuraCodeStageResult*r=&e->results[idx];if(r->status!=QRX_AURA_CODE_STAGE_RUNNING||finished<r->started_ms)return -2;if(fee>w->max_total_fee_atoms-e->total_charged_atoms)return -3;r->status=st;r->exit_code=exit_code;r->charged_fee_atoms=fee;r->finished_ms=finished;snprintf(r->output_ref,sizeof(r->output_ref),"%s",outref?outref:"");snprintf(r->log_ref,sizeof(r->log_ref),"%s",logref?logref:"");snprintf(r->result_commitment,sizeof(r->result_commitment),"%s",commit?commit:"");snprintf(r->summary,sizeof(r->summary),"%s",summary);e->total_charged_atoms+=fee;if(st==QRX_AURA_CODE_STAGE_FAILED)e->state=QRX_AURA_CODE_PLAN_FAILED;else if(st==QRX_AURA_CODE_STAGE_CANCELLED)e->state=QRX_AURA_CODE_PLAN_CANCELLED;else if(idx+1==e->stage_count)e->current_stage_index=e->stage_count;return 0;
      |                                                                                                                                                                                                                                                                                                                                                                                                                                          ^~~~~~~~~~~~~~~~~~~~~~
/mnt/data/qrx_0936_work/qrx-core/src/compute/qrx_compute.c: In function 'qrx_aura_code_execution_commitment':
/mnt/data/qrx_0936_work/qrx-core/src/compute/qrx_compute.c:868:1: warning: this 'if' clause does not guard... [-Wmisleading-indentation]
  868 | if(ok&&(qrx_job_digest_u32(x,e->version)||qrx_job_digest_u32(x,e->current_stage_index)||qrx_job_digest_u32(x,e->stage_count)||qrx_job_digest_u64(x,e->total_charged_atoms)||qrx_job_digest_u32(x,(uint32_t)e->state)||qrx_job_digest_u32(x,e->final_user_approved)))ok=0;if(ok&&EVP_DigestFinal_ex(x,h,&hn)!=1)ok=0;EVP_MD_CTX_free(x);if(!ok||hn!=32)return -1;static const char hx[]="0123456789abcdef";for(int i=0;i<32;i++){out[i*2]=hx[h[i]>>4];out[i*2+1]=hx[h[i]&15];}out[64]=0;return 0;}
      | ^~
/mnt/data/qrx_0936_work/qrx-core/src/compute/qrx_compute.c:868:266: note: ...this statement, but the latter is misleadingly indented as if it were guarded by the 'if'
  868 | if(ok&&(qrx_job_digest_u32(x,e->version)||qrx_job_digest_u32(x,e->current_stage_index)||qrx_job_digest_u32(x,e->stage_count)||qrx_job_digest_u64(x,e->total_charged_atoms)||qrx_job_digest_u32(x,(uint32_t)e->state)||qrx_job_digest_u32(x,e->final_user_approved)))ok=0;if(ok&&EVP_DigestFinal_ex(x,h,&hn)!=1)ok=0;EVP_MD_CTX_free(x);if(!ok||hn!=32)return -1;static const char hx[]="0123456789abcdef";for(int i=0;i<32;i++){out[i*2]=hx[h[i]>>4];out[i*2+1]=hx[h[i]&15];}out[64]=0;return 0;}
      |                                                                                                                                                                                                                                                                          ^~
/mnt/data/qrx_0936_work/qrx-core/src/qrx.c:6312:5: warning: this 'for' clause does not guard... [-Wmisleading-indentation]
 6312 |     for(size_t i=0;i<66;i++)if(!isxdigit((unsigned char)spend[i]))return -1; return 0;
      |     ^~~
/mnt/data/qrx_0936_work/qrx-core/src/compute/qrx_compute.c: In function 'qrx_moe_placement_commitment':
/mnt/data/qrx_0936_work/qrx-core/src/compute/qrx_compute.c:879:1: warning: this 'if' clause does not guard... [-Wmisleading-indentation]
  879 | if(ok&&(qrx_job_digest_u32(x,p->version)||qrx_job_digest_u32(x,p->fragment.layer_id)||qrx_job_digest_u32(x,p->fragment.expert_id)||qrx_job_digest_u32(x,p->fragment.fragment_id)||qrx_job_digest_u32(x,p->fragment.fragment_count)||qrx_job_digest_u64(x,p->fragment.size_bytes)||qrx_job_digest_u32(x,(uint32_t)p->residency)||qrx_job_digest_u32(x,(uint32_t)p->cache_state)||qrx_job_digest_u32(x,p->replica_ordinal)||qrx_job_digest_u32(x,p->measured_latency_us)))ok=0;if(ok&&EVP_DigestFinal_ex(x,h,&hn)!=1)ok=0;EVP_MD_CTX_free(x);if(!ok||hn!=32)return -1;static const char hx[]="0123456789abcdef";for(int i=0;i<32;i++){out[i*2]=hx[h[i]>>4];out[i*2+1]=hx[h[i]&15];}out[64]=0;return 0;}
      | ^~
/mnt/data/qrx_0936_work/qrx-core/src/compute/qrx_compute.c:879:462: note: ...this statement, but the latter is misleadingly indented as if it were guarded by the 'if'
  879 | if(ok&&(qrx_job_digest_u32(x,p->version)||qrx_job_digest_u32(x,p->fragment.layer_id)||qrx_job_digest_u32(x,p->fragment.expert_id)||qrx_job_digest_u32(x,p->fragment.fragment_id)||qrx_job_digest_u32(x,p->fragment.fragment_count)||qrx_job_digest_u64(x,p->fragment.size_bytes)||qrx_job_digest_u32(x,(uint32_t)p->residency)||qrx_job_digest_u32(x,(uint32_t)p->cache_state)||qrx_job_digest_u32(x,p->replica_ordinal)||qrx_job_digest_u32(x,p->measured_latency_us)))ok=0;if(ok&&EVP_DigestFinal_ex(x,h,&hn)!=1)ok=0;EVP_MD_CTX_free(x);if(!ok||hn!=32)return -1;static const char hx[]="0123456789abcdef";for(int i=0;i<32;i++){out[i*2]=hx[h[i]>>4];out[i*2+1]=hx[h[i]&15];}out[64]=0;return 0;}
      |                                                                                                                                                                                                                                                                                                                                                                                                                                                                              ^~
/mnt/data/qrx_0936_work/qrx-core/src/qrx.c:6312:78: note: ...this statement, but the latter is misleadingly indented as if it were guarded by the 'for'
 6312 |     for(size_t i=0;i<66;i++)if(!isxdigit((unsigned char)spend[i]))return -1; return 0;
      |                                                                              ^~~~~~
/mnt/data/qrx_0936_work/qrx-core/src/qrx.c: In function 'stealth_parse_line':
/mnt/data/qrx_0936_work/qrx-core/src/compute/qrx_compute.c: In function 'qrx_moe_prefetch_plan_commitment':
/mnt/data/qrx_0936_work/qrx-core/src/compute/qrx_compute.c:931:1: warning: this 'if' clause does not guard... [-Wmisleading-indentation]
  931 | if(ok&&(qrx_job_digest_u32(x,p->version)||qrx_job_digest_u32(x,p->next_layer_id)||qrx_job_digest_u32(x,p->item_count)||qrx_job_digest_u64(x,p->total_prefetch_bytes)||qrx_job_digest_u64(x,p->estimated_wire_bytes)))ok=0;if(ok&&EVP_DigestFinal_ex(x,h,&hn)!=1)ok=0;EVP_MD_CTX_free(x);if(!ok||hn!=32)return -1;static const char hx[]="0123456789abcdef";for(int i=0;i<32;i++){out[i*2]=hx[h[i]>>4];out[i*2+1]=hx[h[i]&15];}out[64]=0;return 0;}
      | ^~
/mnt/data/qrx_0936_work/qrx-core/src/compute/qrx_compute.c:931:219: note: ...this statement, but the latter is misleadingly indented as if it were guarded by the 'if'
  931 | if(ok&&(qrx_job_digest_u32(x,p->version)||qrx_job_digest_u32(x,p->next_layer_id)||qrx_job_digest_u32(x,p->item_count)||qrx_job_digest_u64(x,p->total_prefetch_bytes)||qrx_job_digest_u64(x,p->estimated_wire_bytes)))ok=0;if(ok&&EVP_DigestFinal_ex(x,h,&hn)!=1)ok=0;EVP_MD_CTX_free(x);if(!ok||hn!=32)return -1;static const char hx[]="0123456789abcdef";for(int i=0;i<32;i++){out[i*2]=hx[h[i]>>4];out[i*2+1]=hx[h[i]&15];}out[64]=0;return 0;}
      |                                                                                                                                                                                                                           ^~
/mnt/data/qrx_0936_work/qrx-core/src/qrx.c:6316:5: warning: this 'if' clause does not guard... [-Wmisleading-indentation]
 6316 |     if(!line||!r)return -1;char buf[4096];snprintf(buf,sizeof(buf),"%s",line);buf[strcspn(buf,"\r\n")]=0;
      |     ^~
/mnt/data/qrx_0936_work/qrx-core/src/compute/qrx_compute.c: In function 'qrx_moe_microbatch_commitment':
/mnt/data/qrx_0936_work/qrx-core/src/compute/qrx_compute.c:959:1: warning: this 'if' clause does not guard... [-Wmisleading-indentation]
  959 | if(ok&&(qrx_job_digest_u32(x,b->item_count)||qrx_job_digest_u32(x,b->total_tokens)||qrx_job_digest_u64(x,b->total_activation_elements)||qrx_job_digest_u64(x,b->estimated_wire_bytes)||qrx_job_digest_u64(x,b->earliest_deadline_us)))ok=0;if(ok&&EVP_DigestFinal_ex(x,h,&hn)!=1)ok=0;EVP_MD_CTX_free(x);if(!ok||hn!=32)return -1;static const char hx[]="0123456789abcdef";for(int j=0;j<32;j++){out[j*2]=hx[h[j]>>4];out[j*2+1]=hx[h[j]&15];}out[64]=0;return 0;}
      | ^~
/mnt/data/qrx_0936_work/qrx-core/src/compute/qrx_compute.c:959:236: note: ...this statement, but the latter is misleadingly indented as if it were guarded by the 'if'
  959 | if(ok&&(qrx_job_digest_u32(x,b->item_count)||qrx_job_digest_u32(x,b->total_tokens)||qrx_job_digest_u64(x,b->total_activation_elements)||qrx_job_digest_u64(x,b->estimated_wire_bytes)||qrx_job_digest_u64(x,b->earliest_deadline_us)))ok=0;if(ok&&EVP_DigestFinal_ex(x,h,&hn)!=1)ok=0;EVP_MD_CTX_free(x);if(!ok||hn!=32)return -1;static const char hx[]="0123456789abcdef";for(int j=0;j<32;j++){out[j*2]=hx[h[j]>>4];out[j*2+1]=hx[h[j]&15];}out[64]=0;return 0;}
      |                                                                                                                                                                                                                                            ^~
/mnt/data/qrx_0936_work/qrx-core/src/compute/qrx_compute.c: In function 'qrx_moe_aggregation_commitment':
/mnt/data/qrx_0936_work/qrx-core/src/qrx.c:6316:28: note: ...this statement, but the latter is misleadingly indented as if it were guarded by the 'if'
 6316 |     if(!line||!r)return -1;char buf[4096];snprintf(buf,sizeof(buf),"%s",line);buf[strcspn(buf,"\r\n")]=0;
      |                            ^~~~
/mnt/data/qrx_0936_work/qrx-core/src/compute/qrx_compute.c:972:1: warning: this 'if' clause does not guard... [-Wmisleading-indentation]
  972 | if(ok&&(qrx_job_digest_u32(x,p->input_count)||qrx_job_digest_u64(x,p->local_input_bytes)||qrx_job_digest_u64(x,p->uplink_result_bytes)))ok=0;if(ok&&EVP_DigestFinal_ex(x,h,&hn)!=1)ok=0;EVP_MD_CTX_free(x);if(!ok||hn!=32)return -1;static const char hx[]="0123456789abcdef";for(int j=0;j<32;j++){out[j*2]=hx[h[j]>>4];out[j*2+1]=hx[h[j]&15];}out[64]=0;return 0;}
      | ^~
/mnt/data/qrx_0936_work/qrx-core/src/compute/qrx_compute.c:972:142: note: ...this statement, but the latter is misleadingly indented as if it were guarded by the 'if'
  972 | if(ok&&(qrx_job_digest_u32(x,p->input_count)||qrx_job_digest_u64(x,p->local_input_bytes)||qrx_job_digest_u64(x,p->uplink_result_bytes)))ok=0;if(ok&&EVP_DigestFinal_ex(x,h,&hn)!=1)ok=0;EVP_MD_CTX_free(x);if(!ok||hn!=32)return -1;static const char hx[]="0123456789abcdef";for(int j=0;j<32;j++){out[j*2]=hx[h[j]>>4];out[j*2+1]=hx[h[j]&15];}out[64]=0;return 0;}
      |                                                                                                                                              ^~
/mnt/data/qrx_0936_work/qrx-core/src/qrx.c: In function 'stealth_ecdsa_sign':
/mnt/data/qrx_0936_work/qrx-core/src/compute/qrx_compute.c: In function 'qrx_moe_telemetry_commitment':
/mnt/data/qrx_0936_work/qrx-core/src/compute/qrx_compute.c:1012:1: warning: this 'if' clause does not guard... [-Wmisleading-indentation]
 1012 | if(ok&&EVP_DigestFinal_ex(x,h,&hn)!=1)ok=0;EVP_MD_CTX_free(x);if(!ok||hn!=32)return -1;static const char hx[]="0123456789abcdef";for(int j=0;j<32;j++){out[j*2]=hx[h[j]>>4];out[j*2+1]=hx[h[j]&15];}out[64]=0;return 0;}
      | ^~
/mnt/data/qrx_0936_work/qrx-core/src/compute/qrx_compute.c:1012:44: note: ...this statement, but the latter is misleadingly indented as if it were guarded by the 'if'
 1012 | if(ok&&EVP_DigestFinal_ex(x,h,&hn)!=1)ok=0;EVP_MD_CTX_free(x);if(!ok||hn!=32)return -1;static const char hx[]="0123456789abcdef";for(int j=0;j<32;j++){out[j*2]=hx[h[j]>>4];out[j*2+1]=hx[h[j]&15];}out[64]=0;return 0;}
      |                                            ^~~~~~~~~~~~~~~
/mnt/data/qrx_0936_work/qrx-core/src/qrx.c:6346:1: warning: 'EC_KEY_new_by_curve_name' is deprecated: Since OpenSSL 3.0 [-Wdeprecated-declarations]
 6346 | static int stealth_ecdsa_sign(const BIGNUM *priv,const char *msg,char **sig_hex_out){int rc=-1;EC_KEY *key=EC_KEY_new_by_curve_name(NID_secp256k1);if(!key)return -1;const EC_GROUP *g=EC_KEY_get0_group(key);EC_POINT *P=EC_POINT_new(g);BN_CTX *ctx=BN_CTX_new();if(!P||!ctx||EC_KEY_set_private_key(key,priv)!=1||EC_POINT_mul(g,P,priv,NULL,NULL,ctx)!=1||EC_KEY_set_public_key(key,P)!=1)goto done;unsigned char h[32];SHA256((const unsigned char*)msg,strlen(msg),h);ECDSA_SIG *sig=ECDSA_do_sign(h,32,key);if(!sig)goto done;int len=i2d_ECDSA_SIG(sig,NULL);unsigned char *der=malloc(len),*q=der;if(!der){ECDSA_SIG_free(sig);goto done;}i2d_ECDSA_SIG(sig,&q);char *hex=malloc((size_t)len*2+1);if(!hex){free(der);ECDSA_SIG_free(sig);goto done;}bytes_to_hex_local(der,(size_t)len,hex);*sig_hex_out=hex;free(der);ECDSA_SIG_free(sig);rc=0;done:if(P)EC_POINT_free(P);if(ctx)BN_CTX_free(ctx);EC_KEY_free(key);return rc;}
      | ^~~~~~
In file included from /mnt/data/qrx_0936_work/qrx-core/src/qrx.c:123:
/usr/include/openssl/ec.h:1009:31: note: declared here
 1009 | OSSL_DEPRECATEDIN_3_0 EC_KEY *EC_KEY_new_by_curve_name(int nid);
      |                               ^~~~~~~~~~~~~~~~~~~~~~~~
/mnt/data/qrx_0936_work/qrx-core/src/compute/qrx_compute.c: In function 'qrx_moe_benchmark_run':
/mnt/data/qrx_0936_work/qrx-core/src/compute/qrx_compute.c:1039:5: warning: this 'if' clause does not guard... [-Wmisleading-indentation]
 1039 |     if(qrx_moe_benchmark_scenario_validate(s)||!out)return -1;memset(out,0,sizeof(*out));out->version=QRX_MOE_BENCH_VERSION;uint64_t raw=0,wire_per_token=qrx_u64_sat_add(s->activation_bytes_per_token,s->result_bytes_per_token);uint64_t worst_transport_us=0;uint32_t wi=0;
      |     ^~
/mnt/data/qrx_0936_work/qrx-core/src/compute/qrx_compute.c:1039:63: note: ...this statement, but the latter is misleadingly indented as if it were guarded by the 'if'
 1039 |     if(qrx_moe_benchmark_scenario_validate(s)||!out)return -1;memset(out,0,sizeof(*out));out->version=QRX_MOE_BENCH_VERSION;uint64_t raw=0,wire_per_token=qrx_u64_sat_add(s->activation_bytes_per_token,s->result_bytes_per_token);uint64_t worst_transport_us=0;uint32_t wi=0;
      |                                                               ^~~~~~
/mnt/data/qrx_0936_work/qrx-core/src/qrx.c:6346:1: warning: 'EC_KEY_get0_group' is deprecated: Since OpenSSL 3.0 [-Wdeprecated-declarations]
 6346 | static int stealth_ecdsa_sign(const BIGNUM *priv,const char *msg,char **sig_hex_out){int rc=-1;EC_KEY *key=EC_KEY_new_by_curve_name(NID_secp256k1);if(!key)return -1;const EC_GROUP *g=EC_KEY_get0_group(key);EC_POINT *P=EC_POINT_new(g);BN_CTX *ctx=BN_CTX_new();if(!P||!ctx||EC_KEY_set_private_key(key,priv)!=1||EC_POINT_mul(g,P,priv,NULL,NULL,ctx)!=1||EC_KEY_set_public_key(key,P)!=1)goto done;unsigned char h[32];SHA256((const unsigned char*)msg,strlen(msg),h);ECDSA_SIG *sig=ECDSA_do_sign(h,32,key);if(!sig)goto done;int len=i2d_ECDSA_SIG(sig,NULL);unsigned char *der=malloc(len),*q=der;if(!der){ECDSA_SIG_free(sig);goto done;}i2d_ECDSA_SIG(sig,&q);char *hex=malloc((size_t)len*2+1);if(!hex){free(der);ECDSA_SIG_free(sig);goto done;}bytes_to_hex_local(der,(size_t)len,hex);*sig_hex_out=hex;free(der);ECDSA_SIG_free(sig);rc=0;done:if(P)EC_POINT_free(P);if(ctx)BN_CTX_free(ctx);EC_KEY_free(key);return rc;}
      | ^~~~~~
/usr/include/openssl/ec.h:1045:39: note: declared here
 1045 | OSSL_DEPRECATEDIN_3_0 const EC_GROUP *EC_KEY_get0_group(const EC_KEY *key);
      |                                       ^~~~~~~~~~~~~~~~~
/mnt/data/qrx_0936_work/qrx-core/src/compute/qrx_compute.c: In function 'qrx_moe_benchmark_commitment':
/mnt/data/qrx_0936_work/qrx-core/src/compute/qrx_compute.c:1044:5: warning: this 'if' clause does not guard... [-Wmisleading-indentation]
 1044 |     if(qrx_moe_benchmark_scenario_validate(s)||!r||r->version!=QRX_MOE_BENCH_VERSION||!out)return -1;EVP_MD_CTX*x=EVP_MD_CTX_new();unsigned char h[32];unsigned int hn=0;int ok=1;const char dom[]="QRX/MOE/BENCHMARK/V1";if(!x||EVP_DigestInit_ex(x,EVP_sha3_256(),NULL)!=1)ok=0;if(ok&&EVP_DigestUpdate(x,dom,sizeof(dom)-1)!=1)ok=0;if(ok&&qrx_digest_field(x,s->scenario_id,strlen(s->scenario_id)))ok=0;
      |     ^~
/mnt/data/qrx_0936_work/qrx-core/src/compute/qrx_compute.c:1044:102: note: ...this statement, but the latter is misleadingly indented as if it were guarded by the 'if'
 1044 |     if(qrx_moe_benchmark_scenario_validate(s)||!r||r->version!=QRX_MOE_BENCH_VERSION||!out)return -1;EVP_MD_CTX*x=EVP_MD_CTX_new();unsigned char h[32];unsigned int hn=0;int ok=1;const char dom[]="QRX/MOE/BENCHMARK/V1";if(!x||EVP_DigestInit_ex(x,EVP_sha3_256(),NULL)!=1)ok=0;if(ok&&EVP_DigestUpdate(x,dom,sizeof(dom)-1)!=1)ok=0;if(ok&&qrx_digest_field(x,s->scenario_id,strlen(s->scenario_id)))ok=0;
      |                                                                                                      ^~~~~~~~~~
/mnt/data/qrx_0936_work/qrx-core/src/qrx.c:6346:1: warning: 'EC_KEY_set_private_key' is deprecated: Since OpenSSL 3.0 [-Wdeprecated-declarations]
 6346 | static int stealth_ecdsa_sign(const BIGNUM *priv,const char *msg,char **sig_hex_out){int rc=-1;EC_KEY *key=EC_KEY_new_by_curve_name(NID_secp256k1);if(!key)return -1;const EC_GROUP *g=EC_KEY_get0_group(key);EC_POINT *P=EC_POINT_new(g);BN_CTX *ctx=BN_CTX_new();if(!P||!ctx||EC_KEY_set_private_key(key,priv)!=1||EC_POINT_mul(g,P,priv,NULL,NULL,ctx)!=1||EC_KEY_set_public_key(key,P)!=1)goto done;unsigned char h[32];SHA256((const unsigned char*)msg,strlen(msg),h);ECDSA_SIG *sig=ECDSA_do_sign(h,32,key);if(!sig)goto done;int len=i2d_ECDSA_SIG(sig,NULL);unsigned char *der=malloc(len),*q=der;if(!der){ECDSA_SIG_free(sig);goto done;}i2d_ECDSA_SIG(sig,&q);char *hex=malloc((size_t)len*2+1);if(!hex){free(der);ECDSA_SIG_free(sig);goto done;}bytes_to_hex_local(der,(size_t)len,hex);*sig_hex_out=hex;free(der);ECDSA_SIG_free(sig);rc=0;done:if(P)EC_POINT_free(P);if(ctx)BN_CTX_free(ctx);EC_KEY_free(key);return rc;}
      | ^~~~~~
/usr/include/openssl/ec.h:1067:27: note: declared here
 1067 | OSSL_DEPRECATEDIN_3_0 int EC_KEY_set_private_key(EC_KEY *key, const BIGNUM *prv);
      |                           ^~~~~~~~~~~~~~~~~~~~~~
/mnt/data/qrx_0936_work/qrx-core/src/compute/qrx_compute.c:1052:5: warning: this 'if' clause does not guard... [-Wmisleading-indentation]
 1052 |     if(ok&&EVP_DigestFinal_ex(x,h,&hn)!=1)ok=0;EVP_MD_CTX_free(x);if(!ok||hn!=32)return -1;static const char hx[]="0123456789abcdef";for(int j=0;j<32;j++){out[j*2]=hx[h[j]>>4];out[j*2+1]=hx[h[j]&15];}out[64]=0;return 0;
      |     ^~
/mnt/data/qrx_0936_work/qrx-core/src/compute/qrx_compute.c:1052:48: note: ...this statement, but the latter is misleadingly indented as if it were guarded by the 'if'
 1052 |     if(ok&&EVP_DigestFinal_ex(x,h,&hn)!=1)ok=0;EVP_MD_CTX_free(x);if(!ok||hn!=32)return -1;static const char hx[]="0123456789abcdef";for(int j=0;j<32;j++){out[j*2]=hx[h[j]>>4];out[j*2+1]=hx[h[j]&15];}out[64]=0;return 0;
      |                                                ^~~~~~~~~~~~~~~
/mnt/data/qrx_0936_work/qrx-core/src/compute/qrx_compute.c: In function 'qrx_moe_discover_cuda':
/mnt/data/qrx_0936_work/qrx-core/src/compute/qrx_compute.c:1108:24: warning: ISO C forbids conversion of object pointer to function pointer type [-Wpedantic]
 1108 |     QrxCuInitFn cuInit=(QrxCuInitFn)qrx_dlsym_cuda(h,"cuInit");
      |                        ^
/mnt/data/qrx_0936_work/qrx-core/src/qrx.c:6346:1: warning: 'EC_KEY_set_public_key' is deprecated: Since OpenSSL 3.0 [-Wdeprecated-declarations]
 6346 | static int stealth_ecdsa_sign(const BIGNUM *priv,const char *msg,char **sig_hex_out){int rc=-1;EC_KEY *key=EC_KEY_new_by_curve_name(NID_secp256k1);if(!key)return -1;const EC_GROUP *g=EC_KEY_get0_group(key);EC_POINT *P=EC_POINT_new(g);BN_CTX *ctx=BN_CTX_new();if(!P||!ctx||EC_KEY_set_private_key(key,priv)!=1||EC_POINT_mul(g,P,priv,NULL,NULL,ctx)!=1||EC_KEY_set_public_key(key,P)!=1)goto done;unsigned char h[32];SHA256((const unsigned char*)msg,strlen(msg),h);ECDSA_SIG *sig=ECDSA_do_sign(h,32,key);if(!sig)goto done;int len=i2d_ECDSA_SIG(sig,NULL);unsigned char *der=malloc(len),*q=der;if(!der){ECDSA_SIG_free(sig);goto done;}i2d_ECDSA_SIG(sig,&q);char *hex=malloc((size_t)len*2+1);if(!hex){free(der);ECDSA_SIG_free(sig);goto done;}bytes_to_hex_local(der,(size_t)len,hex);*sig_hex_out=hex;free(der);ECDSA_SIG_free(sig);rc=0;done:if(P)EC_POINT_free(P);if(ctx)BN_CTX_free(ctx);EC_KEY_free(key);return rc;}
      | ^~~~~~
/usr/include/openssl/ec.h:1081:27: note: declared here
 1081 | OSSL_DEPRECATEDIN_3_0 int EC_KEY_set_public_key(EC_KEY *key, const EC_POINT *pub);
      |                           ^~~~~~~~~~~~~~~~~~~~~
/mnt/data/qrx_0936_work/qrx-core/src/compute/qrx_compute.c:1109:36: warning: ISO C forbids conversion of object pointer to function pointer type [-Wpedantic]
 1109 |     QrxCuDeviceGetCountFn getCount=(QrxCuDeviceGetCountFn)qrx_dlsym_cuda(h,"cuDeviceGetCount");
      |                                    ^
/mnt/data/qrx_0936_work/qrx-core/src/compute/qrx_compute.c:1110:29: warning: ISO C forbids conversion of object pointer to function pointer type [-Wpedantic]
 1110 |     QrxCuDeviceGetFn getDev=(QrxCuDeviceGetFn)qrx_dlsym_cuda(h,"cuDeviceGet");
      |                             ^
/mnt/data/qrx_0936_work/qrx-core/src/compute/qrx_compute.c:1111:34: warning: ISO C forbids conversion of object pointer to function pointer type [-Wpedantic]
 1111 |     QrxCuDeviceGetNameFn getName=(QrxCuDeviceGetNameFn)qrx_dlsym_cuda(h,"cuDeviceGetName");
      |                                  ^
/mnt/data/qrx_0936_work/qrx-core/src/compute/qrx_compute.c:1112:42: warning: ISO C forbids conversion of object pointer to function pointer type [-Wpedantic]
 1112 |     QrxCuDeviceComputeCapabilityFn getCC=(QrxCuDeviceComputeCapabilityFn)qrx_dlsym_cuda(h,"cuDeviceComputeCapability");
      |                                          ^
/mnt/data/qrx_0936_work/qrx-core/src/compute/qrx_compute.c:1113:34: warning: ISO C forbids conversion of object pointer to function pointer type [-Wpedantic]
 1113 |     QrxCuDeviceTotalMemFn getMem=(QrxCuDeviceTotalMemFn)qrx_dlsym_cuda(h,"cuDeviceTotalMem_v2");if(!getMem)getMem=(QrxCuDeviceTotalMemFn)qrx_dlsym_cuda(h,"cuDeviceTotalMem");
      |                                  ^
/mnt/data/qrx_0936_work/qrx-core/src/qrx.c:6346:1: warning: 'ECDSA_do_sign' is deprecated: Since OpenSSL 3.0 [-Wdeprecated-declarations]
 6346 | static int stealth_ecdsa_sign(const BIGNUM *priv,const char *msg,char **sig_hex_out){int rc=-1;EC_KEY *key=EC_KEY_new_by_curve_name(NID_secp256k1);if(!key)return -1;const EC_GROUP *g=EC_KEY_get0_group(key);EC_POINT *P=EC_POINT_new(g);BN_CTX *ctx=BN_CTX_new();if(!P||!ctx||EC_KEY_set_private_key(key,priv)!=1||EC_POINT_mul(g,P,priv,NULL,NULL,ctx)!=1||EC_KEY_set_public_key(key,P)!=1)goto done;unsigned char h[32];SHA256((const unsigned char*)msg,strlen(msg),h);ECDSA_SIG *sig=ECDSA_do_sign(h,32,key);if(!sig)goto done;int len=i2d_ECDSA_SIG(sig,NULL);unsigned char *der=malloc(len),*q=der;if(!der){ECDSA_SIG_free(sig);goto done;}i2d_ECDSA_SIG(sig,&q);char *hex=malloc((size_t)len*2+1);if(!hex){free(der);ECDSA_SIG_free(sig);goto done;}bytes_to_hex_local(der,(size_t)len,hex);*sig_hex_out=hex;free(der);ECDSA_SIG_free(sig);rc=0;done:if(P)EC_POINT_free(P);if(ctx)BN_CTX_free(ctx);EC_KEY_free(key);return rc;}
      | ^~~~~~
/usr/include/openssl/ec.h:1376:34: note: declared here
 1376 | OSSL_DEPRECATEDIN_3_0 ECDSA_SIG *ECDSA_do_sign(const unsigned char *dgst,
      |                                  ^~~~~~~~~~~~~
/mnt/data/qrx_0936_work/qrx-core/src/compute/qrx_compute.c:1113:115: warning: ISO C forbids conversion of object pointer to function pointer type [-Wpedantic]
 1113 |     QrxCuDeviceTotalMemFn getMem=(QrxCuDeviceTotalMemFn)qrx_dlsym_cuda(h,"cuDeviceTotalMem_v2");if(!getMem)getMem=(QrxCuDeviceTotalMemFn)qrx_dlsym_cuda(h,"cuDeviceTotalMem");
      |                                                                                                                   ^
/mnt/data/qrx_0936_work/qrx-core/src/compute/qrx_compute.c: In function 'qrx_moe_runtime_discover_native':
/mnt/data/qrx_0936_work/qrx-core/src/compute/qrx_compute.c:1137:5: warning: this 'if' clause does not guard... [-Wmisleading-indentation]
 1137 |     if(!out)return -1;memset(out,0,sizeof(*out));out->version=QRX_MOE_DISCOVERY_VERSION;
      |     ^~
/mnt/data/qrx_0936_work/qrx-core/src/compute/qrx_compute.c:1137:23: note: ...this statement, but the latter is misleadingly indented as if it were guarded by the 'if'
 1137 |     if(!out)return -1;memset(out,0,sizeof(*out));out->version=QRX_MOE_DISCOVERY_VERSION;
      |                       ^~~~~~
/mnt/data/qrx_0936_work/qrx-core/src/compute/qrx_compute.c: In function 'qrx_moe_runtime_kernel_mask':
/mnt/data/qrx_0936_work/qrx-core/src/compute/qrx_compute.c:1148:5: warning: this 'if' clause does not guard... [-Wmisleading-indentation]
 1148 |     if(qrx_moe_runtime_device_validate(d))return 0;uint32_t m=0;if(d->accelerator_features&QRX_MOE_ACCEL_FEAT_FP32)m|=QRX_MOE_KERNEL_FP32;if(d->accelerator_features&QRX_MOE_ACCEL_FEAT_FP16)m|=QRX_MOE_KERNEL_FP16;if(d->accelerator_features&QRX_MOE_ACCEL_FEAT_INT8)m|=QRX_MOE_KERNEL_INT8;if(d->accelerator_features&QRX_MOE_ACCEL_FEAT_TENSOR_CORES)m|=QRX_MOE_KERNEL_TENSORCORE;if(d->accelerator_features&QRX_MOE_ACCEL_FEAT_MLX)m|=QRX_MOE_KERNEL_MLX;if(d->accelerator_features&QRX_MOE_ACCEL_FEAT_METAL)m|=QRX_MOE_KERNEL_METAL;return m;
      |     ^~
/mnt/data/qrx_0936_work/qrx-core/src/compute/qrx_compute.c:1148:52: note: ...this statement, but the latter is misleadingly indented as if it were guarded by the 'if'
 1148 |     if(qrx_moe_runtime_device_validate(d))return 0;uint32_t m=0;if(d->accelerator_features&QRX_MOE_ACCEL_FEAT_FP32)m|=QRX_MOE_KERNEL_FP32;if(d->accelerator_features&QRX_MOE_ACCEL_FEAT_FP16)m|=QRX_MOE_KERNEL_FP16;if(d->accelerator_features&QRX_MOE_ACCEL_FEAT_INT8)m|=QRX_MOE_KERNEL_INT8;if(d->accelerator_features&QRX_MOE_ACCEL_FEAT_TENSOR_CORES)m|=QRX_MOE_KERNEL_TENSORCORE;if(d->accelerator_features&QRX_MOE_ACCEL_FEAT_MLX)m|=QRX_MOE_KERNEL_MLX;if(d->accelerator_features&QRX_MOE_ACCEL_FEAT_METAL)m|=QRX_MOE_KERNEL_METAL;return m;
      |                                                    ^~~~~~~~
/mnt/data/qrx_0936_work/qrx-core/src/qrx.c:6346:1: warning: 'EC_KEY_free' is deprecated: Since OpenSSL 3.0 [-Wdeprecated-declarations]
 6346 | static int stealth_ecdsa_sign(const BIGNUM *priv,const char *msg,char **sig_hex_out){int rc=-1;EC_KEY *key=EC_KEY_new_by_curve_name(NID_secp256k1);if(!key)return -1;const EC_GROUP *g=EC_KEY_get0_group(key);EC_POINT *P=EC_POINT_new(g);BN_CTX *ctx=BN_CTX_new();if(!P||!ctx||EC_KEY_set_private_key(key,priv)!=1||EC_POINT_mul(g,P,priv,NULL,NULL,ctx)!=1||EC_KEY_set_public_key(key,P)!=1)goto done;unsigned char h[32];SHA256((const unsigned char*)msg,strlen(msg),h);ECDSA_SIG *sig=ECDSA_do_sign(h,32,key);if(!sig)goto done;int len=i2d_ECDSA_SIG(sig,NULL);unsigned char *der=malloc(len),*q=der;if(!der){ECDSA_SIG_free(sig);goto done;}i2d_ECDSA_SIG(sig,&q);char *hex=malloc((size_t)len*2+1);if(!hex){free(der);ECDSA_SIG_free(sig);goto done;}bytes_to_hex_local(der,(size_t)len,hex);*sig_hex_out=hex;free(der);ECDSA_SIG_free(sig);rc=0;done:if(P)EC_POINT_free(P);if(ctx)BN_CTX_free(ctx);EC_KEY_free(key);return rc;}
      | ^~~~~~
/usr/include/openssl/ec.h:1014:28: note: declared here
 1014 | OSSL_DEPRECATEDIN_3_0 void EC_KEY_free(EC_KEY *key);
      |                            ^~~~~~~~~~~
/mnt/data/qrx_0936_work/qrx-core/src/compute/qrx_compute.c: In function 'qrx_moe_worker_eligible':
/mnt/data/qrx_0936_work/qrx-core/src/compute/qrx_compute.c:1151:5: warning: this 'if' clause does not guard... [-Wmisleading-indentation]
 1151 |     if(qrx_moe_runtime_device_validate(d)||!r||r->version!=QRX_MOE_DISCOVERY_VERSION||r->backend<QRX_MOE_BACKEND_CPU||r->backend>QRX_MOE_BACKEND_OTHER||!r->requested_batch_items)return 0;if(d->backend!=r->backend)return 0;if(d->device_memory_bytes<r->required_device_memory_bytes||d->max_batch_items<r->requested_batch_items)return 0;uint32_t have=qrx_moe_runtime_kernel_mask(d);return (have&r->required_kernel_features)==r->required_kernel_features;
      |     ^~
/mnt/data/qrx_0936_work/qrx-core/src/qrx.c: In function 'stealth_ecdsa_verify':
/mnt/data/qrx_0936_work/qrx-core/src/compute/qrx_compute.c:1151:188: note: ...this statement, but the latter is misleadingly indented as if it were guarded by the 'if'
 1151 |     if(qrx_moe_runtime_device_validate(d)||!r||r->version!=QRX_MOE_DISCOVERY_VERSION||r->backend<QRX_MOE_BACKEND_CPU||r->backend>QRX_MOE_BACKEND_OTHER||!r->requested_batch_items)return 0;if(d->backend!=r->backend)return 0;if(d->device_memory_bytes<r->required_device_memory_bytes||d->max_batch_items<r->requested_batch_items)return 0;uint32_t have=qrx_moe_runtime_kernel_mask(d);return (have&r->required_kernel_features)==r->required_kernel_features;
      |                                                                                                                                                                                            ^~
/mnt/data/qrx_0936_work/qrx-core/src/compute/qrx_compute.c: In function 'qrx_moe_calibration_profile_validate':
/mnt/data/qrx_0936_work/qrx-core/src/compute/qrx_compute.c:1154:5: warning: this 'if' clause does not guard... [-Wmisleading-indentation]
 1154 |     if(!p||p->version!=QRX_MOE_CALIBRATION_VERSION||!nonempty(p->profile_id,129)||qrx_moe_runtime_device_validate(&p->device)||!p->sample_count)return -1;if(p->model_milli_tokens_per_second&&!p->model_batch_items)return -2;return 0;
      |     ^~
/mnt/data/qrx_0936_work/qrx-core/src/compute/qrx_compute.c:1154:155: note: ...this statement, but the latter is misleadingly indented as if it were guarded by the 'if'
 1154 |     if(!p||p->version!=QRX_MOE_CALIBRATION_VERSION||!nonempty(p->profile_id,129)||qrx_moe_runtime_device_validate(&p->device)||!p->sample_count)return -1;if(p->model_milli_tokens_per_second&&!p->model_batch_items)return -2;return 0;
      |                                                                                                                                                           ^~
/mnt/data/qrx_0936_work/qrx-core/src/compute/qrx_compute.c: In function 'qrx_moe_calibration_apply_to_benchmark':
/mnt/data/qrx_0936_work/qrx-core/src/compute/qrx_compute.c:1157:5: warning: this 'if' clause does not guard... [-Wmisleading-indentation]
 1157 |     if(qrx_moe_calibration_profile_validate(p)||!n||n->version!=QRX_MOE_BENCH_VERSION||!p->model_milli_tokens_per_second)return -1;n->device=p->device;n->standalone_milli_tokens_per_second=p->model_milli_tokens_per_second;if(p->transport_latency_us)n->transport.latency_us=p->transport_latency_us;if(p->transport_bandwidth_mbps)n->transport.bandwidth_mbps=p->transport_bandwidth_mbps;return 0;
      |     ^~
/mnt/data/qrx_0936_work/qrx-core/src/qrx.c:6348:1: warning: 'EC_KEY_new_by_curve_name' is deprecated: Since OpenSSL 3.0 [-Wdeprecated-declarations]
 6348 | static int stealth_ecdsa_verify(const char *pub_hex,const char *msg,const char *sig_hex){unsigned char pub[33];if(strlen(pub_hex)!=66||hex_to_bytes_local(pub_hex,pub,33)!=0)return -1;size_t slen=strlen(sig_hex)/2;if(strlen(sig_hex)%2||slen<8||slen>256)return -1;unsigned char *der=malloc(slen);if(!der)return -1;if(hex_to_bytes_local(sig_hex,der,slen)!=0){free(der);return -1;}const unsigned char *q=der;ECDSA_SIG *sig=d2i_ECDSA_SIG(NULL,&q,(long)slen);if(!sig){free(der);return -1;}EC_KEY *key=EC_KEY_new_by_curve_name(NID_secp256k1);const EC_GROUP *g=key?EC_KEY_get0_group(key):NULL;EC_POINT *P=g?EC_POINT_new(g):NULL;BN_CTX *ctx=BN_CTX_new();int rc=-1;if(key&&P&&ctx&&EC_POINT_oct2point(g,P,pub,33,ctx)==1&&EC_KEY_set_public_key(key,P)==1){unsigned char h[32];SHA256((const unsigned char*)msg,strlen(msg),h);rc=ECDSA_do_verify(h,32,sig,key)==1?0:-1;}if(P)EC_POINT_free(P);if(ctx)BN_CTX_free(ctx);if(key)EC_KEY_free(key);ECDSA_SIG_free(sig);free(der);return rc;}
      | ^~~~~~
/usr/include/openssl/ec.h:1009:31: note: declared here
 1009 | OSSL_DEPRECATEDIN_3_0 EC_KEY *EC_KEY_new_by_curve_name(int nid);
      |                               ^~~~~~~~~~~~~~~~~~~~~~~~
/mnt/data/qrx_0936_work/qrx-core/src/compute/qrx_compute.c:1157:132: note: ...this statement, but the latter is misleadingly indented as if it were guarded by the 'if'
 1157 |     if(qrx_moe_calibration_profile_validate(p)||!n||n->version!=QRX_MOE_BENCH_VERSION||!p->model_milli_tokens_per_second)return -1;n->device=p->device;n->standalone_milli_tokens_per_second=p->model_milli_tokens_per_second;if(p->transport_latency_us)n->transport.latency_us=p->transport_latency_us;if(p->transport_bandwidth_mbps)n->transport.bandwidth_mbps=p->transport_bandwidth_mbps;return 0;
      |                                                                                                                                    ^
/mnt/data/qrx_0936_work/qrx-core/src/compute/qrx_compute.c: In function 'qrx_moe_calibration_commitment':
/mnt/data/qrx_0936_work/qrx-core/src/compute/qrx_compute.c:1160:5: warning: this 'if' clause does not guard... [-Wmisleading-indentation]
 1160 |     if(qrx_moe_calibration_profile_validate(p)||!out)return -1;EVP_MD_CTX*x=EVP_MD_CTX_new();unsigned char h[32];unsigned int hn=0;int ok=1;const char dom[]="QRX/MOE/CALIBRATION/V1";if(!x||EVP_DigestInit_ex(x,EVP_sha3_256(),NULL)!=1)ok=0;if(ok&&EVP_DigestUpdate(x,dom,sizeof(dom)-1)!=1)ok=0;if(ok&&qrx_digest_field(x,p->profile_id,strlen(p->profile_id)))ok=0;if(ok&&qrx_digest_field(x,p->device.device_name,strlen(p->device.device_name)))ok=0;
      |     ^~
/mnt/data/qrx_0936_work/qrx-core/src/compute/qrx_compute.c:1160:64: note: ...this statement, but the latter is misleadingly indented as if it were guarded by the 'if'
 1160 |     if(qrx_moe_calibration_profile_validate(p)||!out)return -1;EVP_MD_CTX*x=EVP_MD_CTX_new();unsigned char h[32];unsigned int hn=0;int ok=1;const char dom[]="QRX/MOE/CALIBRATION/V1";if(!x||EVP_DigestInit_ex(x,EVP_sha3_256(),NULL)!=1)ok=0;if(ok&&EVP_DigestUpdate(x,dom,sizeof(dom)-1)!=1)ok=0;if(ok&&qrx_digest_field(x,p->profile_id,strlen(p->profile_id)))ok=0;if(ok&&qrx_digest_field(x,p->device.device_name,strlen(p->device.device_name)))ok=0;
      |                                                                ^~~~~~~~~~
/mnt/data/qrx_0936_work/qrx-core/src/compute/qrx_compute.c:1166:5: warning: this 'if' clause does not guard... [-Wmisleading-indentation]
 1166 |     if(ok&&EVP_DigestFinal_ex(x,h,&hn)!=1)ok=0;EVP_MD_CTX_free(x);if(!ok||hn!=32)return -1;static const char hx[]="0123456789abcdef";for(int j=0;j<32;j++){out[j*2]=hx[h[j]>>4];out[j*2+1]=hx[h[j]&15];}out[64]=0;return 0;
      |     ^~
/mnt/data/qrx_0936_work/qrx-core/src/qrx.c:6348:1: warning: 'EC_KEY_get0_group' is deprecated: Since OpenSSL 3.0 [-Wdeprecated-declarations]
 6348 | static int stealth_ecdsa_verify(const char *pub_hex,const char *msg,const char *sig_hex){unsigned char pub[33];if(strlen(pub_hex)!=66||hex_to_bytes_local(pub_hex,pub,33)!=0)return -1;size_t slen=strlen(sig_hex)/2;if(strlen(sig_hex)%2||slen<8||slen>256)return -1;unsigned char *der=malloc(slen);if(!der)return -1;if(hex_to_bytes_local(sig_hex,der,slen)!=0){free(der);return -1;}const unsigned char *q=der;ECDSA_SIG *sig=d2i_ECDSA_SIG(NULL,&q,(long)slen);if(!sig){free(der);return -1;}EC_KEY *key=EC_KEY_new_by_curve_name(NID_secp256k1);const EC_GROUP *g=key?EC_KEY_get0_group(key):NULL;EC_POINT *P=g?EC_POINT_new(g):NULL;BN_CTX *ctx=BN_CTX_new();int rc=-1;if(key&&P&&ctx&&EC_POINT_oct2point(g,P,pub,33,ctx)==1&&EC_KEY_set_public_key(key,P)==1){unsigned char h[32];SHA256((const unsigned char*)msg,strlen(msg),h);rc=ECDSA_do_verify(h,32,sig,key)==1?0:-1;}if(P)EC_POINT_free(P);if(ctx)BN_CTX_free(ctx);if(key)EC_KEY_free(key);ECDSA_SIG_free(sig);free(der);return rc;}
      | ^~~~~~
/usr/include/openssl/ec.h:1045:39: note: declared here
 1045 | OSSL_DEPRECATEDIN_3_0 const EC_GROUP *EC_KEY_get0_group(const EC_KEY *key);
      |                                       ^~~~~~~~~~~~~~~~~
/mnt/data/qrx_0936_work/qrx-core/src/compute/qrx_compute.c:1166:48: note: ...this statement, but the latter is misleadingly indented as if it were guarded by the 'if'
 1166 |     if(ok&&EVP_DigestFinal_ex(x,h,&hn)!=1)ok=0;EVP_MD_CTX_free(x);if(!ok||hn!=32)return -1;static const char hx[]="0123456789abcdef";for(int j=0;j<32;j++){out[j*2]=hx[h[j]>>4];out[j*2+1]=hx[h[j]&15];}out[64]=0;return 0;
      |                                                ^~~~~~~~~~~~~~~
/mnt/data/qrx_0936_work/qrx-core/src/compute/qrx_compute.c: In function 'qrx_moe_worker_adapter_validate':
/mnt/data/qrx_0936_work/qrx-core/src/compute/qrx_compute.c:1171:5: warning: this 'if' clause does not guard... [-Wmisleading-indentation]
 1171 |     if(a->ready&&(!a->execute||!a->kernel_mask))return -2;return 0;
      |     ^~
/mnt/data/qrx_0936_work/qrx-core/src/compute/qrx_compute.c:1171:59: note: ...this statement, but the latter is misleadingly indented as if it were guarded by the 'if'
 1171 |     if(a->ready&&(!a->execute||!a->kernel_mask))return -2;return 0;
      |                                                           ^~~~~~
/mnt/data/qrx_0936_work/qrx-core/src/compute/qrx_compute.c: In function 'qrx_moe_worker_adapter_execute':
/mnt/data/qrx_0936_work/qrx-core/src/qrx.c:6348:1: warning: 'EC_KEY_set_public_key' is deprecated: Since OpenSSL 3.0 [-Wdeprecated-declarations]
 6348 | static int stealth_ecdsa_verify(const char *pub_hex,const char *msg,const char *sig_hex){unsigned char pub[33];if(strlen(pub_hex)!=66||hex_to_bytes_local(pub_hex,pub,33)!=0)return -1;size_t slen=strlen(sig_hex)/2;if(strlen(sig_hex)%2||slen<8||slen>256)return -1;unsigned char *der=malloc(slen);if(!der)return -1;if(hex_to_bytes_local(sig_hex,der,slen)!=0){free(der);return -1;}const unsigned char *q=der;ECDSA_SIG *sig=d2i_ECDSA_SIG(NULL,&q,(long)slen);if(!sig){free(der);return -1;}EC_KEY *key=EC_KEY_new_by_curve_name(NID_secp256k1);const EC_GROUP *g=key?EC_KEY_get0_group(key):NULL;EC_POINT *P=g?EC_POINT_new(g):NULL;BN_CTX *ctx=BN_CTX_new();int rc=-1;if(key&&P&&ctx&&EC_POINT_oct2point(g,P,pub,33,ctx)==1&&EC_KEY_set_public_key(key,P)==1){unsigned char h[32];SHA256((const unsigned char*)msg,strlen(msg),h);rc=ECDSA_do_verify(h,32,sig,key)==1?0:-1;}if(P)EC_POINT_free(P);if(ctx)BN_CTX_free(ctx);if(key)EC_KEY_free(key);ECDSA_SIG_free(sig);free(der);return rc;}
      | ^~~~~~
/usr/include/openssl/ec.h:1081:27: note: declared here
 1081 | OSSL_DEPRECATEDIN_3_0 int EC_KEY_set_public_key(EC_KEY *key, const EC_POINT *pub);
      |                           ^~~~~~~~~~~~~~~~~~~~~
/mnt/data/qrx_0936_work/qrx-core/src/compute/qrx_compute.c:1177:5: warning: this 'if' clause does not guard... [-Wmisleading-indentation]
 1177 |     if(in_n&&!in)return -4;if(out_cap&&!out)return -5;*out_n=0;return a->execute(a->ctx,in,in_n,out,out_cap,out_n);
      |     ^~
/mnt/data/qrx_0936_work/qrx-core/src/compute/qrx_compute.c:1177:28: note: ...this statement, but the latter is misleadingly indented as if it were guarded by the 'if'
 1177 |     if(in_n&&!in)return -4;if(out_cap&&!out)return -5;*out_n=0;return a->execute(a->ctx,in,in_n,out,out_cap,out_n);
      |                            ^~
/mnt/data/qrx_0936_work/qrx-core/src/qrx.c:6348:1: warning: 'ECDSA_do_verify' is deprecated: Since OpenSSL 3.0 [-Wdeprecated-declarations]
 6348 | static int stealth_ecdsa_verify(const char *pub_hex,const char *msg,const char *sig_hex){unsigned char pub[33];if(strlen(pub_hex)!=66||hex_to_bytes_local(pub_hex,pub,33)!=0)return -1;size_t slen=strlen(sig_hex)/2;if(strlen(sig_hex)%2||slen<8||slen>256)return -1;unsigned char *der=malloc(slen);if(!der)return -1;if(hex_to_bytes_local(sig_hex,der,slen)!=0){free(der);return -1;}const unsigned char *q=der;ECDSA_SIG *sig=d2i_ECDSA_SIG(NULL,&q,(long)slen);if(!sig){free(der);return -1;}EC_KEY *key=EC_KEY_new_by_curve_name(NID_secp256k1);const EC_GROUP *g=key?EC_KEY_get0_group(key):NULL;EC_POINT *P=g?EC_POINT_new(g):NULL;BN_CTX *ctx=BN_CTX_new();int rc=-1;if(key&&P&&ctx&&EC_POINT_oct2point(g,P,pub,33,ctx)==1&&EC_KEY_set_public_key(key,P)==1){unsigned char h[32];SHA256((const unsigned char*)msg,strlen(msg),h);rc=ECDSA_do_verify(h,32,sig,key)==1?0:-1;}if(P)EC_POINT_free(P);if(ctx)BN_CTX_free(ctx);if(key)EC_KEY_free(key);ECDSA_SIG_free(sig);free(der);return rc;}
      | ^~~~~~
/usr/include/openssl/ec.h:1402:27: note: declared here
 1402 | OSSL_DEPRECATEDIN_3_0 int ECDSA_do_verify(const unsigned char *dgst, int dgst_len,
      |                           ^~~~~~~~~~~~~~~
/mnt/data/qrx_0936_work/qrx-core/src/qrx.c:6348:1: warning: 'EC_KEY_free' is deprecated: Since OpenSSL 3.0 [-Wdeprecated-declarations]
 6348 | static int stealth_ecdsa_verify(const char *pub_hex,const char *msg,const char *sig_hex){unsigned char pub[33];if(strlen(pub_hex)!=66||hex_to_bytes_local(pub_hex,pub,33)!=0)return -1;size_t slen=strlen(sig_hex)/2;if(strlen(sig_hex)%2||slen<8||slen>256)return -1;unsigned char *der=malloc(slen);if(!der)return -1;if(hex_to_bytes_local(sig_hex,der,slen)!=0){free(der);return -1;}const unsigned char *q=der;ECDSA_SIG *sig=d2i_ECDSA_SIG(NULL,&q,(long)slen);if(!sig){free(der);return -1;}EC_KEY *key=EC_KEY_new_by_curve_name(NID_secp256k1);const EC_GROUP *g=key?EC_KEY_get0_group(key):NULL;EC_POINT *P=g?EC_POINT_new(g):NULL;BN_CTX *ctx=BN_CTX_new();int rc=-1;if(key&&P&&ctx&&EC_POINT_oct2point(g,P,pub,33,ctx)==1&&EC_KEY_set_public_key(key,P)==1){unsigned char h[32];SHA256((const unsigned char*)msg,strlen(msg),h);rc=ECDSA_do_verify(h,32,sig,key)==1?0:-1;}if(P)EC_POINT_free(P);if(ctx)BN_CTX_free(ctx);if(key)EC_KEY_free(key);ECDSA_SIG_free(sig);free(der);return rc;}
      | ^~~~~~
/usr/include/openssl/ec.h:1014:28: note: declared here
 1014 | OSSL_DEPRECATEDIN_3_0 void EC_KEY_free(EC_KEY *key);
      |                            ^~~~~~~~~~~
/mnt/data/qrx_0936_work/qrx-core/src/qrx.c: In function 'shielded_select_ring':
/mnt/data/qrx_0936_work/qrx-core/src/qrx.c:6487:58: warning: unused parameter 'arr' [-Wunused-parameter]
 6487 | static int shielded_select_ring(const ShieldedNoteRecord*arr,size_t n,size_t real,size_t**ring_out,size_t*ringn_out,size_t*realpos_out){if(real>=n||n==0)return -1;size_t target=n<8?n:8;if(target>16)target=16;size_t*ring=calloc(target,sizeof(size_t));if(!ring)return -1;size_t c=0;ring[c++]=real;unsigned char rb[8];size_t guard=0;while(c<target&&guard++<10000){if(RAND_bytes(rb,sizeof(rb))!=1){free(ring);return -1;}unsigned long long x=0;for(int k=0;k<8;k++)x=(x<<8)|rb[k];size_t j=(size_t)(x%n);int dup=0;for(size_t k=0;k<c;k++)if(ring[k]==j){dup=1;break;}if(!dup)ring[c++]=j;}if(c!=target){free(ring);return -1;}/* Shuffle so the real member is not pinned to a fixed position. */for(size_t i=target-1;i>0;i--){if(RAND_bytes(rb,sizeof(rb))!=1){free(ring);return -1;}unsigned long long x=0;for(int k=0;k<8;k++)x=(x<<8)|rb[k];size_t j=(size_t)(x%(i+1));size_t t=ring[i];ring[i]=ring[j];ring[j]=t;}size_t rp=0;for(size_t i=0;i<c;i++)if(ring[i]==real){rp=i;break;}*ring_out=ring;*ringn_out=c;*realpos_out=rp;return 0;}
      |                                 ~~~~~~~~~~~~~~~~~~~~~~~~~^~~
In file included from /mnt/data/qrx_0936_work/qrx-core/src/qrx.c:6531:
/mnt/data/qrx_0936_work/qrx-core/src/privacy/qrx_privacy_consensus.inc: In function 'privacy_b64_decode_text':
/mnt/data/qrx_0936_work/qrx-core/src/privacy/qrx_privacy_consensus.inc:39:5: warning: this 'if' clause does not guard... [-Wmisleading-indentation]
   39 |     if(!b64||!*b64)return NULL;size_t n=0;unsigned char *raw=base64_decode(b64,&n);if(!raw)return NULL;
      |     ^~
/mnt/data/qrx_0936_work/qrx-core/src/privacy/qrx_privacy_consensus.inc:39:32: note: ...this statement, but the latter is misleadingly indented as if it were guarded by the 'if'
   39 |     if(!b64||!*b64)return NULL;size_t n=0;unsigned char *raw=base64_decode(b64,&n);if(!raw)return NULL;
      |                                ^~~~~~
/mnt/data/qrx_0936_work/qrx-core/src/privacy/qrx_privacy_consensus.inc: In function 'privacy_write_b64_temp':
/mnt/data/qrx_0936_work/qrx-core/src/privacy/qrx_privacy_consensus.inc:48:5: warning: this 'if' clause does not guard... [-Wmisleading-indentation]
   48 |     if(!b64||strlen(b64)>200000)return -1;size_t n=0;unsigned char *raw=base64_decode(b64,&n);if(!raw)return -1;
      |     ^~
/mnt/data/qrx_0936_work/qrx-core/src/privacy/qrx_privacy_consensus.inc:48:43: note: ...this statement, but the latter is misleadingly indented as if it were guarded by the 'if'
   48 |     if(!b64||strlen(b64)>200000)return -1;size_t n=0;unsigned char *raw=base64_decode(b64,&n);if(!raw)return -1;
      |                                           ^~~~~~
/mnt/data/qrx_0936_work/qrx-core/src/privacy/qrx_privacy_consensus.inc: In function 'kyc_provider_lookup_authoritative':
/mnt/data/qrx_0936_work/qrx-core/src/privacy/qrx_privacy_consensus.inc:71:5: warning: this 'if' clause does not guard... [-Wmisleading-indentation]
   71 |     if(!provider||!*provider)return -1;char k[512],v[2048];
      |     ^~
/mnt/data/qrx_0936_work/qrx-core/src/privacy/qrx_privacy_consensus.inc:71:40: note: ...this statement, but the latter is misleadingly indented as if it were guarded by the 'if'
   71 |     if(!provider||!*provider)return -1;char k[512],v[2048];
      |                                        ^~~~
/mnt/data/qrx_0936_work/qrx-core/src/privacy/qrx_privacy_consensus.inc: In function 'kyc_provider_id_from_qualifier':
/mnt/data/qrx_0936_work/qrx-core/src/privacy/qrx_privacy_consensus.inc:79:5: warning: this 'if' clause does not guard... [-Wmisleading-indentation]
   79 |     if(!qualifier||strncmp(qualifier,"#KYC_",5))return -1;size_t i=0;const char*p=qualifier+5;while(*p&&*p!='/'&&i+1<96){unsigned char c=(unsigned char)*p;if(!(isalnum(c)||c=='_'||c=='.'||c=='-'))return -1;out[i++]=(char)c;p++;}out[i]=0;return i?0:-1;
      |     ^~
/mnt/data/qrx_0936_work/qrx-core/src/privacy/qrx_privacy_consensus.inc:79:59: note: ...this statement, but the latter is misleadingly indented as if it were guarded by the 'if'
   79 |     if(!qualifier||strncmp(qualifier,"#KYC_",5))return -1;size_t i=0;const char*p=qualifier+5;while(*p&&*p!='/'&&i+1<96){unsigned char c=(unsigned char)*p;if(!(isalnum(c)||c=='_'||c=='.'||c=='-'))return -1;out[i++]=(char)c;p++;}out[i]=0;return i?0:-1;
      |                                                           ^~~~~~
/mnt/data/qrx_0936_work/qrx-core/src/privacy/qrx_privacy_consensus.inc: In function 'privacy_attester_lookup_authoritative':
/mnt/data/qrx_0936_work/qrx-core/src/privacy/qrx_privacy_consensus.inc:127:5: warning: this 'if' clause does not guard... [-Wmisleading-indentation]
  127 |     if(!vp_valid_token(issuer))return -1;char k[512],v[256];snprintf(k,sizeof(k),"privacy:attester:%s:pubkey",issuer);
      |     ^~
/mnt/data/qrx_0936_work/qrx-core/src/privacy/qrx_privacy_consensus.inc:127:42: note: ...this statement, but the latter is misleadingly indented as if it were guarded by the 'if'
  127 |     if(!vp_valid_token(issuer))return -1;char k[512],v[256];snprintf(k,sizeof(k),"privacy:attester:%s:pubkey",issuer);
      |                                          ^~~~
/mnt/data/qrx_0936_work/qrx-core/src/privacy/qrx_privacy_consensus.inc:131:5: warning: this 'if' clause does not guard... [-Wmisleading-indentation]
  131 |     if(privacy_is_mainnet(chain_dir))return -1;return vp_attester_lookup(chain_dir,issuer,pubhex,active);
      |     ^~
/mnt/data/qrx_0936_work/qrx-core/src/privacy/qrx_privacy_consensus.inc:131:48: note: ...this statement, but the latter is misleadingly indented as if it were guarded by the 'if'
  131 |     if(privacy_is_mainnet(chain_dir))return -1;return vp_attester_lookup(chain_dir,issuer,pubhex,active);
      |                                                ^~~~~~
/mnt/data/qrx_0936_work/qrx-core/src/privacy/qrx_privacy_consensus.inc: In function 'validate_privacy_consensus_tx':
/mnt/data/qrx_0936_work/qrx-core/src/privacy/qrx_privacy_consensus.inc:276:5: warning: this 'if' clause does not guard... [-Wmisleading-indentation]
  276 |     if(!tx_type||!from||!to||!amount_s||!payload||strlen(payload)>QRX_PRIVACY_TX_MAX_BYTES)return -1;long long amount=parse_nonnegative_ll_strict(amount_s,"privacy amount");char *v=payload_get_field(payload,"privacy_version");if(!v||atoi(v)!=QRX_PRIVACY_CONSENSUS_VERSION){free(v);return -1;}free(v);
      |     ^~
/mnt/data/qrx_0936_work/qrx-core/src/privacy/qrx_privacy_consensus.inc:276:102: note: ...this statement, but the latter is misleadingly indented as if it were guarded by the 'if'
  276 |     if(!tx_type||!from||!to||!amount_s||!payload||strlen(payload)>QRX_PRIVACY_TX_MAX_BYTES)return -1;long long amount=parse_nonnegative_ll_strict(amount_s,"privacy amount");char *v=payload_get_field(payload,"privacy_version");if(!v||atoi(v)!=QRX_PRIVACY_CONSENSUS_VERSION){free(v);return -1;}free(v);
      |                                                                                                      ^~~~
[  6%] Building C object CMakeFiles/qrxcore.dir/src/compute/qrx_os_compute.c.o
/mnt/data/qrx_0936_work/qrx-core/src/compute/qrx_os_compute.c: In function 'qrx_os_compute_workspace_validate':
/mnt/data/qrx_0936_work/qrx-core/src/compute/qrx_os_compute.c:26:5: warning: this 'if' clause does not guard... [-Wmisleading-indentation]
   26 |     if(!w->max_total_fee_atoms||!w->expiry_height||w->private_pq>1)return -6;return 0;
      |     ^~
/mnt/data/qrx_0936_work/qrx-core/src/compute/qrx_os_compute.c:26:78: note: ...this statement, but the latter is misleadingly indented as if it were guarded by the 'if'
   26 |     if(!w->max_total_fee_atoms||!w->expiry_height||w->private_pq>1)return -6;return 0;
      |                                                                              ^~~~~~
/mnt/data/qrx_0936_work/qrx-core/src/compute/qrx_os_compute.c: In function 'qrx_os_compute_workspace_commitment':
/mnt/data/qrx_0936_work/qrx-core/src/compute/qrx_os_compute.c:29:5: warning: this 'if' clause does not guard... [-Wmisleading-indentation]
   29 |     if(qrx_os_compute_workspace_validate(w)||!out)return -1;EVP_MD_CTX*x=EVP_MD_CTX_new();int ok=1;const char dom[]="QRX/OS/COMPUTE-WORKSPACE/V1";if(!x||EVP_DigestInit_ex(x,EVP_sha3_256(),NULL)!=1)ok=0;
      |     ^~
/mnt/data/qrx_0936_work/qrx-core/src/compute/qrx_os_compute.c:29:61: note: ...this statement, but the latter is misleadingly indented as if it were guarded by the 'if'
   29 |     if(qrx_os_compute_workspace_validate(w)||!out)return -1;EVP_MD_CTX*x=EVP_MD_CTX_new();int ok=1;const char dom[]="QRX/OS/COMPUTE-WORKSPACE/V1";if(!x||EVP_DigestInit_ex(x,EVP_sha3_256(),NULL)!=1)ok=0;
      |                                                             ^~~~~~~~~~
/mnt/data/qrx_0936_work/qrx-core/src/compute/qrx_os_compute.c:31:5: warning: this 'if' clause does not guard... [-Wmisleading-indentation]
   31 |     if(ok&&EVP_DigestUpdate(x,dom,sizeof(dom)-1)!=1)ok=0;F(w->workspace_id);F(w->wallet_identity);F(w->drive_namespace_ref);F(w->payment_escrow_ref);F(w->settlement_ref);
      |     ^~
/mnt/data/qrx_0936_work/qrx-core/src/compute/qrx_os_compute.c:30:14: note: ...this statement, but the latter is misleadingly indented as if it were guarded by the 'if'
   30 | #define F(v) do{if(ok&&digest_field(x,(v),strlen(v)))ok=0;}while(0)
      |              ^~
/mnt/data/qrx_0936_work/qrx-core/src/compute/qrx_os_compute.c:31:58: note: in expansion of macro 'F'
   31 |     if(ok&&EVP_DigestUpdate(x,dom,sizeof(dom)-1)!=1)ok=0;F(w->workspace_id);F(w->wallet_identity);F(w->drive_namespace_ref);F(w->payment_escrow_ref);F(w->settlement_ref);
      |                                                          ^
/mnt/data/qrx_0936_work/qrx-core/src/compute/qrx_os_compute.c:33:5: warning: this 'if' clause does not guard... [-Wmisleading-indentation]
   33 |     if(ok&&(digest_u32(x,w->version)||digest_u32(x,(uint32_t)w->app)||digest_u32(x,w->service_mask)||digest_u64(x,w->max_total_fee_atoms)||digest_u64(x,w->expiry_height)||digest_u32(x,w->private_pq)))ok=0;int rc=ok?finish_hex(x,out):-1;EVP_MD_CTX_free(x);return rc;
      |     ^~
/mnt/data/qrx_0936_work/qrx-core/src/compute/qrx_os_compute.c:33:206: note: ...this statement, but the latter is misleadingly indented as if it were guarded by the 'if'
   33 |     if(ok&&(digest_u32(x,w->version)||digest_u32(x,(uint32_t)w->app)||digest_u32(x,w->service_mask)||digest_u64(x,w->max_total_fee_atoms)||digest_u64(x,w->expiry_height)||digest_u32(x,w->private_pq)))ok=0;int rc=ok?finish_hex(x,out):-1;EVP_MD_CTX_free(x);return rc;
      |                                                                                                                                                                                                              ^~~
/mnt/data/qrx_0936_work/qrx-core/src/compute/qrx_os_compute.c: In function 'graph_compatible':
/mnt/data/qrx_0936_work/qrx-core/src/compute/qrx_os_compute.c:36:5: warning: this 'if' clause does not guard... [-Wmisleading-indentation]
   36 |     if(qrx_os_compute_workspace_validate(w)||qrx_compute_job_graph_validate(g))return -1;if(strcmp(w->wallet_identity,g->owner))return -2;if(g->max_total_fee_atoms>w->max_total_fee_atoms||g->expiry_height>w->expiry_height)return -3;
      |     ^~
/mnt/data/qrx_0936_work/qrx-core/src/compute/qrx_os_compute.c:36:90: note: ...this statement, but the latter is misleadingly indented as if it were guarded by the 'if'
   36 |     if(qrx_os_compute_workspace_validate(w)||qrx_compute_job_graph_validate(g))return -1;if(strcmp(w->wallet_identity,g->owner))return -2;if(g->max_total_fee_atoms>w->max_total_fee_atoms||g->expiry_height>w->expiry_height)return -3;
      |                                                                                          ^~
/mnt/data/qrx_0936_work/qrx-core/src/compute/qrx_os_compute.c: In function 'qrx_os_compute_bind_graph':
/mnt/data/qrx_0936_work/qrx-core/src/compute/qrx_os_compute.c:42:5: warning: this 'if' clause does not guard... [-Wmisleading-indentation]
   42 |     if(!r||graph_compatible(w,g))return -1;memset(r,0,sizeof(*r));r->version=QRX_OS_COMPUTE_VERSION;if(!nonempty_bounded(g->graph_id,sizeof(g->graph_id)))return -2;snprintf(r->run_id,sizeof(r->run_id),"run:%s",g->graph_id);if(qrx_os_compute_workspace_commitment(w,r->workspace_commitment)||qrx_compute_job_graph_commitment(g,r->graph_commitment))return -3;r->state=QRX_OS_RUN_READY;return 0;
      |     ^~
/mnt/data/qrx_0936_work/qrx-core/src/compute/qrx_os_compute.c:42:44: note: ...this statement, but the latter is misleadingly indented as if it were guarded by the 'if'
   42 |     if(!r||graph_compatible(w,g))return -1;memset(r,0,sizeof(*r));r->version=QRX_OS_COMPUTE_VERSION;if(!nonempty_bounded(g->graph_id,sizeof(g->graph_id)))return -2;snprintf(r->run_id,sizeof(r->run_id),"run:%s",g->graph_id);if(qrx_os_compute_workspace_commitment(w,r->workspace_commitment)||qrx_compute_job_graph_commitment(g,r->graph_commitment))return -3;r->state=QRX_OS_RUN_READY;return 0;
      |                                            ^~~~~~
/mnt/data/qrx_0936_work/qrx-core/src/compute/qrx_os_compute.c: In function 'qrx_os_compute_complete':
/mnt/data/qrx_0936_work/qrx-core/src/compute/qrx_os_compute.c:47:5: warning: this 'if' clause does not guard... [-Wmisleading-indentation]
   47 |     if(!r||graph_compatible(w,g)||qrx_aura_artifact_validate(a)||r->state!=QRX_OS_RUN_RUNNING)return -1;if(strcmp(a->owner,w->wallet_identity)||fee>g->max_total_fee_atoms||fee>w->max_total_fee_atoms||!settled||settled<r->submitted_height)return -2;
      |     ^~
/mnt/data/qrx_0936_work/qrx-core/src/compute/qrx_os_compute.c:47:105: note: ...this statement, but the latter is misleadingly indented as if it were guarded by the 'if'
   47 |     if(!r||graph_compatible(w,g)||qrx_aura_artifact_validate(a)||r->state!=QRX_OS_RUN_RUNNING)return -1;if(strcmp(a->owner,w->wallet_identity)||fee>g->max_total_fee_atoms||fee>w->max_total_fee_atoms||!settled||settled<r->submitted_height)return -2;
      |                                                                                                         ^~
/mnt/data/qrx_0936_work/qrx-core/src/compute/qrx_os_compute.c: In function 'qrx_os_compute_run_commitment':
/mnt/data/qrx_0936_work/qrx-core/src/compute/qrx_os_compute.c:54:5: warning: this 'if' clause does not guard... [-Wmisleading-indentation]
   54 |     if(!r||r->version!=QRX_OS_COMPUTE_VERSION||!out||!nonempty_bounded(r->run_id,sizeof(r->run_id))||!hex64(r->workspace_commitment)||!hex64(r->graph_commitment)||r->state<QRX_OS_RUN_READY||r->state>QRX_OS_RUN_CANCELLED)return -1;if(r->state==QRX_OS_RUN_COMPLETED&&!hex64(r->output_artifact_commitment))return -2;
      |     ^~
/mnt/data/qrx_0936_work/qrx-core/src/compute/qrx_os_compute.c:54:231: note: ...this statement, but the latter is misleadingly indented as if it were guarded by the 'if'
   54 |     if(!r||r->version!=QRX_OS_COMPUTE_VERSION||!out||!nonempty_bounded(r->run_id,sizeof(r->run_id))||!hex64(r->workspace_commitment)||!hex64(r->graph_commitment)||r->state<QRX_OS_RUN_READY||r->state>QRX_OS_RUN_CANCELLED)return -1;if(r->state==QRX_OS_RUN_COMPLETED&&!hex64(r->output_artifact_commitment))return -2;
      |                                                                                                                                                                                                                                       ^~
/mnt/data/qrx_0936_work/qrx-core/src/compute/qrx_os_compute.c:59:5: warning: this 'if' clause does not guard... [-Wmisleading-indentation]
   59 |     if(ok&&(digest_u32(x,r->version)||digest_u32(x,(uint32_t)r->state)||digest_u64(x,r->charged_fee_atoms)||digest_u64(x,r->submitted_height)||digest_u64(x,r->settled_height)))ok=0;int rc=ok?finish_hex(x,out):-1;EVP_MD_CTX_free(x);return rc;
      |     ^~
/mnt/data/qrx_0936_work/qrx-core/src/compute/qrx_os_compute.c:59:182: note: ...this statement, but the latter is misleadingly indented as if it were guarded by the 'if'
   59 |     if(ok&&(digest_u32(x,r->version)||digest_u32(x,(uint32_t)r->state)||digest_u64(x,r->charged_fee_atoms)||digest_u64(x,r->submitted_height)||digest_u64(x,r->settled_height)))ok=0;int rc=ok?finish_hex(x,out):-1;EVP_MD_CTX_free(x);return rc;
      |                                                                                                                                                                                      ^~~
/mnt/data/qrx_0936_work/qrx-core/src/compute/qrx_os_compute.c: In function 'qrx_os_compute_bind_graph':
/mnt/data/qrx_0936_work/qrx-core/src/compute/qrx_os_compute.c:42:207: warning: '%s' directive output may be truncated writing up to 128 bytes into a region of size 125 [-Wformat-truncation=]
   42 |     if(!r||graph_compatible(w,g))return -1;memset(r,0,sizeof(*r));r->version=QRX_OS_COMPUTE_VERSION;if(!nonempty_bounded(g->graph_id,sizeof(g->graph_id)))return -2;snprintf(r->run_id,sizeof(r->run_id),"run:%s",g->graph_id);if(qrx_os_compute_workspace_commitment(w,r->workspace_commitment)||qrx_compute_job_graph_commitment(g,r->graph_commitment))return -3;r->state=QRX_OS_RUN_READY;return 0;
      |                                                                                                                                                                                                               ^~
/mnt/data/qrx_0936_work/qrx-core/src/compute/qrx_os_compute.c:42:165: note: 'snprintf' output between 5 and 133 bytes into a destination of size 129
   42 |     if(!r||graph_compatible(w,g))return -1;memset(r,0,sizeof(*r));r->version=QRX_OS_COMPUTE_VERSION;if(!nonempty_bounded(g->graph_id,sizeof(g->graph_id)))return -2;snprintf(r->run_id,sizeof(r->run_id),"run:%s",g->graph_id);if(qrx_os_compute_workspace_commitment(w,r->workspace_commitment)||qrx_compute_job_graph_commitment(g,r->graph_commitment))return -3;r->state=QRX_OS_RUN_READY;return 0;
      |                                                                                                                                                                     ^~~~~~~~~~~~~~~~~~~~~~~~~~~~~~~~~~~~~~~~~~~~~~~~~~~~~~~~~~
[  7%] Building C object CMakeFiles/qrxcore.dir/src/compute/qrx_compute_adversarial.c.o
/mnt/data/qrx_0936_work/qrx-core/src/qrx.c: In function 'supply_inv_cb':
/mnt/data/qrx_0936_work/qrx-core/src/qrx.c:7254:5: warning: this 'if' clause does not guard... [-Wmisleading-indentation]
 7254 |     if(!strncmp(k,"consensus:fee_pool:",19)||strstr(k,"treasury")||strstr(k,"prize_pool_atoms")||
      |     ^~
/mnt/data/qrx_0936_work/qrx-core/src/qrx.c:7257:137: note: ...this statement, but the latter is misleadingly indented as if it were guarded by the 'if'
 7257 |        !strcmp(k,"consensus:compute:escrow_pool")||!strcmp(k,"consensus:compute:slashing_pool")) return supply_inv_add(&a->protocol,x); return 0;}
      |                                                                                                                                         ^~~~~~
/mnt/data/qrx_0936_work/qrx-core/src/compute/qrx_compute_adversarial.c: In function 'qrx_compute_adversarial_evidence_commitment':
/mnt/data/qrx_0936_work/qrx-core/src/compute/qrx_compute_adversarial.c:48:5: warning: this 'if' clause does not guard... [-Wmisleading-indentation]
   48 |     if(ok&&EVP_DigestFinal_ex(x,h,&hn)!=1)ok=0;EVP_MD_CTX_free(x);if(!ok||hn!=32)return -2;static const char hx[]="0123456789abcdef";for(int i=0;i<32;i++){out[i*2]=hx[h[i]>>4];out[i*2+1]=hx[h[i]&15];}out[64]=0;return 0;
      |     ^~
/mnt/data/qrx_0936_work/qrx-core/src/compute/qrx_compute_adversarial.c:48:48: note: ...this statement, but the latter is misleadingly indented as if it were guarded by the 'if'
   48 |     if(ok&&EVP_DigestFinal_ex(x,h,&hn)!=1)ok=0;EVP_MD_CTX_free(x);if(!ok||hn!=32)return -2;static const char hx[]="0123456789abcdef";for(int i=0;i<32;i++){out[i*2]=hx[h[i]>>4];out[i*2+1]=hx[h[i]&15];}out[64]=0;return 0;
      |                                                ^~~~~~~~~~~~~~~
/mnt/data/qrx_0936_work/qrx-core/src/compute/qrx_compute_adversarial.c: In function 'qrx_compute_adversarial_evaluate':
/mnt/data/qrx_0936_work/qrx-core/src/compute/qrx_compute_adversarial.c:54:5: warning: this 'if' clause does not guard... [-Wmisleading-indentation]
   54 |     if(qrx_compute_adversarial_evidence_validate(e)||!v)return -1;memset(v,0,sizeof(*v));v->version=QRX_COMPUTE_ADVERSARIAL_VERSION;v->attack=e->attack;v->severity=QRX_ADV_SEVERITY_INFO;v->payout_allowed=1;if(qrx_compute_adversarial_evidence_commitment(e,v->evidence_commitment))return -2;
      |     ^~
/mnt/data/qrx_0936_work/qrx-core/src/compute/qrx_compute_adversarial.c:54:67: note: ...this statement, but the latter is misleadingly indented as if it were guarded by the 'if'
   54 |     if(qrx_compute_adversarial_evidence_validate(e)||!v)return -1;memset(v,0,sizeof(*v));v->version=QRX_COMPUTE_ADVERSARIAL_VERSION;v->attack=e->attack;v->severity=QRX_ADV_SEVERITY_INFO;v->payout_allowed=1;if(qrx_compute_adversarial_evidence_commitment(e,v->evidence_commitment))return -2;
      |                                                                   ^~~~~~
/mnt/data/qrx_0936_work/qrx-core/src/compute/qrx_compute_adversarial.c:58:13: warning: this 'if' clause does not guard... [-Wmisleading-indentation]
   58 |             if(r>=500)detected(v,r,r>=5000?QRX_ADV_SEVERITY_CRITICAL:QRX_ADV_SEVERITY_HIGH,QRX_ADV_ACTION_CHALLENGE|QRX_ADV_ACTION_REJECT_RESULT|QRX_ADV_ACTION_FREEZE_PAYOUT|QRX_ADV_ACTION_QUARANTINE|QRX_ADV_ACTION_SLASH_CANDIDATE,10000,1,0);break;}
      |             ^~
/mnt/data/qrx_0936_work/qrx-core/src/compute/qrx_compute_adversarial.c:58:243: note: ...this statement, but the latter is misleadingly indented as if it were guarded by the 'if'
   58 |             if(r>=500)detected(v,r,r>=5000?QRX_ADV_SEVERITY_CRITICAL:QRX_ADV_SEVERITY_HIGH,QRX_ADV_ACTION_CHALLENGE|QRX_ADV_ACTION_REJECT_RESULT|QRX_ADV_ACTION_FREEZE_PAYOUT|QRX_ADV_ACTION_QUARANTINE|QRX_ADV_ACTION_SLASH_CANDIDATE,10000,1,0);break;}
      |                                                                                                                                                                                                                                                   ^~~~~
[  7%] Building C object CMakeFiles/qrxcore.dir/src/compute/qrx_pouc_mainnet.c.o
/mnt/data/qrx_0936_work/qrx-core/src/compute/qrx_pouc_mainnet.c: In function 'qrx_pouc_chain_binding_validate':
/mnt/data/qrx_0936_work/qrx-core/src/compute/qrx_pouc_mainnet.c:16:2: warning: this 'if' clause does not guard... [-Wmisleading-indentation]
   16 |  if(!b||b->version!=QRX_POUC_MAINNET_VERSION||!nz(b->chain_id,QRX_POUC_MAINNET_CHAIN_ID_MAX)||!hex64(b->genesis_hash)||!nz(b->protocol_version,QRX_POUC_MAINNET_PROTOCOL_MAX))return -1;return 0;
      |  ^~
/mnt/data/qrx_0936_work/qrx-core/src/compute/qrx_pouc_mainnet.c:16:185: note: ...this statement, but the latter is misleadingly indented as if it were guarded by the 'if'
   16 |  if(!b||b->version!=QRX_POUC_MAINNET_VERSION||!nz(b->chain_id,QRX_POUC_MAINNET_CHAIN_ID_MAX)||!hex64(b->genesis_hash)||!nz(b->protocol_version,QRX_POUC_MAINNET_PROTOCOL_MAX))return -1;return 0;
      |                                                                                                                                                                                         ^~~~~~
/mnt/data/qrx_0936_work/qrx-core/src/compute/qrx_pouc_mainnet.c: In function 'qrx_pouc_mainnet_decide':
/mnt/data/qrx_0936_work/qrx-core/src/compute/qrx_pouc_mainnet.c:54:2: warning: this 'if' clause does not guard... [-Wmisleading-indentation]
   54 |  if(decision_commit(r,d,d->decision_commitment))return -9;return 0;
      |  ^~
/mnt/data/qrx_0936_work/qrx-core/src/compute/qrx_pouc_mainnet.c:54:59: note: ...this statement, but the latter is misleadingly indented as if it were guarded by the 'if'
   54 |  if(decision_commit(r,d,d->decision_commitment))return -9;return 0;
      |                                                           ^~~~~~
[  7%] Building C object CMakeFiles/qrxcore.dir/src/compute/qrx_pouc_journal.c.o
/mnt/data/qrx_0936_work/qrx-core/src/compute/qrx_pouc_journal.c: In function 'entry_decode':
/mnt/data/qrx_0936_work/qrx-core/src/compute/qrx_pouc_journal.c:65:5: warning: this 'if' clause does not guard... [-Wmisleading-indentation]
   65 |     if(!s||!e)return -1;memset(e,0,sizeof(*e));unsigned v=0,st=0,sl=0,jl=0;unsigned long long h=0,nn=0,p=0,r=0;
      |     ^~
/mnt/data/qrx_0936_work/qrx-core/src/compute/qrx_pouc_journal.c:65:25: note: ...this statement, but the latter is misleadingly indented as if it were guarded by the 'if'
   65 |     if(!s||!e)return -1;memset(e,0,sizeof(*e));unsigned v=0,st=0,sl=0,jl=0;unsigned long long h=0,nn=0,p=0,r=0;
      |                         ^~~~~~
/mnt/data/qrx_0936_work/qrx-core/src/compute/qrx_pouc_journal.c: In function 'qrx_pouc_journal_get':
/mnt/data/qrx_0936_work/qrx-core/src/compute/qrx_pouc_journal.c:76:5: warning: this 'if' clause does not guard... [-Wmisleading-indentation]
   76 |     if(!db||!hex64(r)||!out)return -1;char k[160],v[1024];key(k,sizeof(k),JR_PREFIX,r);if(getstr(db,k,v,sizeof(v)))return -2;return entry_decode(v,out);
      |     ^~
/mnt/data/qrx_0936_work/qrx-core/src/compute/qrx_pouc_journal.c:76:39: note: ...this statement, but the latter is misleadingly indented as if it were guarded by the 'if'
   76 |     if(!db||!hex64(r)||!out)return -1;char k[160],v[1024];key(k,sizeof(k),JR_PREFIX,r);if(getstr(db,k,v,sizeof(v)))return -2;return entry_decode(v,out);
      |                                       ^~~~
/mnt/data/qrx_0936_work/qrx-core/src/compute/qrx_pouc_journal.c: In function 'qrx_pouc_journal_get_escrow':
/mnt/data/qrx_0936_work/qrx-core/src/compute/qrx_pouc_journal.c:79:5: warning: this 'if' clause does not guard... [-Wmisleading-indentation]
   79 |     if(!db||!hex64(g)||!out)return -1;char k[160],v[640];key(k,sizeof(k),ES_PREFIX,g);if(getstr(db,k,v,sizeof(v)))return -2;return escrow_decode(v,out);
      |     ^~
/mnt/data/qrx_0936_work/qrx-core/src/compute/qrx_pouc_journal.c:79:39: note: ...this statement, but the latter is misleadingly indented as if it were guarded by the 'if'
   79 |     if(!db||!hex64(g)||!out)return -1;char k[160],v[640];key(k,sizeof(k),ES_PREFIX,g);if(getstr(db,k,v,sizeof(v)))return -2;return escrow_decode(v,out);
      |                                       ^~~~
/mnt/data/qrx_0936_work/qrx-core/src/compute/qrx_pouc_journal.c: In function 'qrx_pouc_journal_replay_consumed':
/mnt/data/qrx_0936_work/qrx-core/src/compute/qrx_pouc_journal.c:82:5: warning: this 'if' clause does not guard... [-Wmisleading-indentation]
   82 |     if(!db||!hex64(r))return -1;char k[160],v[64];key(k,sizeof(k),RP_PREFIX,r);if(getstr(db,k,v,sizeof(v)))return 0;if(!strcmp(v,"REVERTED"))return 0;return 1;
      |     ^~
/mnt/data/qrx_0936_work/qrx-core/src/compute/qrx_pouc_journal.c:82:33: note: ...this statement, but the latter is misleadingly indented as if it were guarded by the 'if'
   82 |     if(!db||!hex64(r))return -1;char k[160],v[64];key(k,sizeof(k),RP_PREFIX,r);if(getstr(db,k,v,sizeof(v)))return 0;if(!strcmp(v,"REVERTED"))return 0;return 1;
      |                                 ^~~~
/mnt/data/qrx_0936_work/qrx-core/src/compute/qrx_pouc_journal.c: In function 'qrx_pouc_journal_put_escrow':
/mnt/data/qrx_0936_work/qrx-core/src/compute/qrx_pouc_journal.c:94:5: warning: this 'if' clause does not guard... [-Wmisleading-indentation]
   94 |     if(!db||!e)return -1;QrxDBBatch b;if(qrxdb_batch_begin(db,&b))return -2;if(qrx_pouc_journal_stage_escrow(&b,e)||qrxdb_batch_commit(&b)){qrxdb_batch_abort(&b);return -3;}return 0;
      |     ^~
/mnt/data/qrx_0936_work/qrx-core/src/compute/qrx_pouc_journal.c:94:26: note: ...this statement, but the latter is misleadingly indented as if it were guarded by the 'if'
   94 |     if(!db||!e)return -1;QrxDBBatch b;if(qrxdb_batch_begin(db,&b))return -2;if(qrx_pouc_journal_stage_escrow(&b,e)||qrxdb_batch_commit(&b)){qrxdb_batch_abort(&b);return -3;}return 0;
      |                          ^~~~~~~~~~
/mnt/data/qrx_0936_work/qrx-core/src/compute/qrx_pouc_journal.c: In function 'transition_after':
/mnt/data/qrx_0936_work/qrx-core/src/compute/qrx_pouc_journal.c:98:5: warning: this 'if' clause does not guard... [-Wmisleading-indentation]
   98 |     if(!req||!d||!before||!after)return -1;*after=*before;
      |     ^~
/mnt/data/qrx_0936_work/qrx-core/src/compute/qrx_pouc_journal.c:98:44: note: ...this statement, but the latter is misleadingly indented as if it were guarded by the 'if'
   98 |     if(!req||!d||!before||!after)return -1;*after=*before;
      |                                            ^
/mnt/data/qrx_0936_work/qrx-core/src/compute/qrx_pouc_journal.c: In function 'qrx_pouc_journal_stage':
/mnt/data/qrx_0936_work/qrx-core/src/compute/qrx_pouc_journal.c:122:5: warning: this 'if' clause does not guard... [-Wmisleading-indentation]
  122 |     if(after_out)*after_out=after;return 0;
      |     ^~
/mnt/data/qrx_0936_work/qrx-core/src/compute/qrx_pouc_journal.c:122:35: note: ...this statement, but the latter is misleadingly indented as if it were guarded by the 'if'
  122 |     if(after_out)*after_out=after;return 0;
      |                                   ^~~~~~
/mnt/data/qrx_0936_work/qrx-core/src/compute/qrx_pouc_journal.c: In function 'qrx_pouc_journal_apply':
/mnt/data/qrx_0936_work/qrx-core/src/compute/qrx_pouc_journal.c:126:5: warning: this 'if' clause does not guard... [-Wmisleading-indentation]
  126 |     if(!db||!req||!d||!escrow)return -1;QrxDBBatch b;QrxComputeEscrow after;if(qrxdb_batch_begin(db,&b))return -10;int rc=qrx_pouc_journal_stage(db,&b,req,d,escrow,&after);if(rc){qrxdb_batch_abort(&b);return rc;}if(qrxdb_batch_commit(&b)){qrxdb_batch_abort(&b);return -11;}*escrow=after;return 0;
      |     ^~
/mnt/data/qrx_0936_work/qrx-core/src/compute/qrx_pouc_journal.c:126:41: note: ...this statement, but the latter is misleadingly indented as if it were guarded by the 'if'
  126 |     if(!db||!req||!d||!escrow)return -1;QrxDBBatch b;QrxComputeEscrow after;if(qrxdb_batch_begin(db,&b))return -10;int rc=qrx_pouc_journal_stage(db,&b,req,d,escrow,&after);if(rc){qrxdb_batch_abort(&b);return rc;}if(qrxdb_batch_commit(&b)){qrxdb_batch_abort(&b);return -11;}*escrow=after;return 0;
      |                                         ^~~~~~~~~~
/mnt/data/qrx_0936_work/qrx-core/src/compute/qrx_pouc_journal.c: In function 'qrx_pouc_journal_revert_above_height':
/mnt/data/qrx_0936_work/qrx-core/src/compute/qrx_pouc_journal.c:136:5: warning: this 'if' clause does not guard... [-Wmisleading-indentation]
  136 |     if(!db)return -1;RevertCtx c;memset(&c,0,sizeof(c));c.h=h;if(qrxdb_scan_prefix(db,JR_PREFIX,collect_revert,&c))return -2;if(!c.n){if(out)*out=0;return 0;}
      |     ^~
/mnt/data/qrx_0936_work/qrx-core/src/compute/qrx_pouc_journal.c:136:22: note: ...this statement, but the latter is misleadingly indented as if it were guarded by the 'if'
  136 |     if(!db)return -1;RevertCtx c;memset(&c,0,sizeof(c));c.h=h;if(qrxdb_scan_prefix(db,JR_PREFIX,collect_revert,&c))return -2;if(!c.n){if(out)*out=0;return 0;}
      |                      ^~~~~~~~~
[  8%] Building C object CMakeFiles/qrxcore.dir/src/compute/qrx_pouc_consensus.c.o
/mnt/data/qrx_0936_work/qrx-core/src/compute/qrx_pouc_consensus.c: In function 'qrx_pouc_consensus_stage_escrow_lock':
/mnt/data/qrx_0936_work/qrx-core/src/compute/qrx_pouc_consensus.c:40:5: warning: this 'if' clause does not guard... [-Wmisleading-indentation]
   40 |     if(qrx_pouc_journal_stage_escrow(b,e)||batch_u64(b,POOL_KEY,pool+e->locked_atoms))return -4;return 0;
      |     ^~
/mnt/data/qrx_0936_work/qrx-core/src/compute/qrx_pouc_consensus.c:40:97: note: ...this statement, but the latter is misleadingly indented as if it were guarded by the 'if'
   40 |     if(qrx_pouc_journal_stage_escrow(b,e)||batch_u64(b,POOL_KEY,pool+e->locked_atoms))return -4;return 0;
      |                                                                                                 ^~~~~~
/mnt/data/qrx_0936_work/qrx-core/src/compute/qrx_pouc_consensus.c: In function 'receipt_from_payload':
/mnt/data/qrx_0936_work/qrx-core/src/compute/qrx_pouc_consensus.c:44:5: warning: this 'if' clause does not guard... [-Wmisleading-indentation]
   44 |     if(!p||!r||!vc||!mv||!nonce)return -1;memset(r,0,sizeof(*r));r->version=QRX_POUC_VERSION;
      |     ^~
/mnt/data/qrx_0936_work/qrx-core/src/compute/qrx_pouc_consensus.c:44:43: note: ...this statement, but the latter is misleadingly indented as if it were guarded by the 'if'
   44 |     if(!p||!r||!vc||!mv||!nonce)return -1;memset(r,0,sizeof(*r));r->version=QRX_POUC_VERSION;
      |                                           ^~~~~~
/mnt/data/qrx_0936_work/qrx-core/src/compute/qrx_pouc_consensus.c: In function 'qrx_pouc_consensus_prepare':
/mnt/data/qrx_0936_work/qrx-core/src/compute/qrx_pouc_consensus.c:80:5: warning: this 'if' clause does not guard... [-Wmisleading-indentation]
   80 |     if(load_challenge(db,r->verification.receipt_commitment,r))return -15;QrxComputeAdversarialVerdict av;int arc=load_adversarial(db,r->verification.receipt_commitment,&av);if(arc<0)return -16;if(arc==0){r->has_adversarial_verdict=1;r->adversarial=av;}r->current_height=h;
      |     ^~
/mnt/data/qrx_0936_work/qrx-core/src/compute/qrx_pouc_consensus.c:80:75: note: ...this statement, but the latter is misleadingly indented as if it were guarded by the 'if'
   80 |     if(load_challenge(db,r->verification.receipt_commitment,r))return -15;QrxComputeAdversarialVerdict av;int arc=load_adversarial(db,r->verification.receipt_commitment,&av);if(arc<0)return -16;if(arc==0){r->has_adversarial_verdict=1;r->adversarial=av;}r->current_height=h;
      |                                                                           ^~~~~~~~~~~~~~~~~~~~~~~~~~~~
/mnt/data/qrx_0936_work/qrx-core/src/compute/qrx_pouc_consensus.c:81:5: warning: this 'if' clause does not guard... [-Wmisleading-indentation]
   81 |     if(qrx_pouc_mainnet_decide(r,&out->escrow_before,&out->decision))return -10;if(transition_copy(r,&out->decision,&out->escrow_before,&out->escrow_after))return -11;
      |     ^~
/mnt/data/qrx_0936_work/qrx-core/src/compute/qrx_pouc_consensus.c:81:81: note: ...this statement, but the latter is misleadingly indented as if it were guarded by the 'if'
   81 |     if(qrx_pouc_mainnet_decide(r,&out->escrow_before,&out->decision))return -10;if(transition_copy(r,&out->decision,&out->escrow_before,&out->escrow_after))return -11;
      |                                                                                 ^~
/mnt/data/qrx_0936_work/qrx-core/src/compute/qrx_pouc_consensus.c:88:5: warning: this 'if' clause does not guard... [-Wmisleading-indentation]
   88 |     if(out->provider_credit_atoms>LLONG_MAX||out->owner_credit_atoms>LLONG_MAX||out->development_credit_atoms>LLONG_MAX||out->network_credit_atoms>LLONG_MAX||out->escrow_pool_debit_atoms>LLONG_MAX)return -13;return 0;
      |     ^~
/mnt/data/qrx_0936_work/qrx-core/src/compute/qrx_pouc_consensus.c:88:209: note: ...this statement, but the latter is misleadingly indented as if it were guarded by the 'if'
   88 |     if(out->provider_credit_atoms>LLONG_MAX||out->owner_credit_atoms>LLONG_MAX||out->development_credit_atoms>LLONG_MAX||out->network_credit_atoms>LLONG_MAX||out->escrow_pool_debit_atoms>LLONG_MAX)return -13;return 0;
      |                                                                                                                                                                                                                 ^~~~~~
/mnt/data/qrx_0936_work/qrx-core/src/compute/qrx_pouc_consensus.c: In function 'qrx_pouc_consensus_stage':
/mnt/data/qrx_0936_work/qrx-core/src/compute/qrx_pouc_consensus.c:92:5: warning: this 'if' clause does not guard... [-Wmisleading-indentation]
   92 |     if(!db||!b||!e||e->version!=QRX_POUC_CONSENSUS_VERSION||!txid||!*txid||h!=e->request.current_height)return -1;QrxComputeEscrow after;if(qrx_pouc_journal_stage(db,b,&e->request,&e->decision,&e->escrow_before,&after))return -2;if(memcmp(&after,&e->escrow_after,sizeof(after)))return -3;
      |     ^~
/mnt/data/qrx_0936_work/qrx-core/src/compute/qrx_pouc_consensus.c:92:115: note: ...this statement, but the latter is misleadingly indented as if it were guarded by the 'if'
   92 |     if(!db||!b||!e||e->version!=QRX_POUC_CONSENSUS_VERSION||!txid||!*txid||h!=e->request.current_height)return -1;QrxComputeEscrow after;if(qrx_pouc_journal_stage(db,b,&e->request,&e->decision,&e->escrow_before,&after))return -2;if(memcmp(&after,&e->escrow_after,sizeof(after)))return -3;
      |                                                                                                                   ^~~~~~~~~~~~~~~~
[  8%] Building C object CMakeFiles/qrxcore.dir/src/compute/qrx_pouc_pipeline.c.o
/mnt/data/qrx_0936_work/qrx-core/src/compute/qrx_pouc_pipeline.c: In function 'qrx_pouc_pipeline_prepare':
/mnt/data/qrx_0936_work/qrx-core/src/compute/qrx_pouc_pipeline.c:63:5: warning: this 'if' clause does not guard... [-Wmisleading-indentation]
   63 |     if(!d||!tt||!from||!to||!p||!out||amount||!h||!safe(from)||!safe(to))return -1;memset(out,0,sizeof(*out));out->version=1;
      |     ^~
/mnt/data/qrx_0936_work/qrx-core/src/compute/qrx_pouc_pipeline.c:63:84: note: ...this statement, but the latter is misleadingly indented as if it were guarded by the 'if'
   63 |     if(!d||!tt||!from||!to||!p||!out||amount||!h||!safe(from)||!safe(to))return -1;memset(out,0,sizeof(*out));out->version=1;
      |                                                                                    ^~~~~~
/mnt/data/qrx_0936_work/qrx-core/src/compute/qrx_pouc_pipeline.c: In function 'qrx_pouc_pipeline_get_receipt_for_graph':
/mnt/data/qrx_0936_work/qrx-core/src/compute/qrx_pouc_pipeline.c:46:255: warning: '%s' directive output may be truncated writing up to 95 bytes into a region of size 65 [-Wformat-truncation=]
   46 | int qrx_pouc_pipeline_get_receipt_for_graph(QrxDB*d,const char gc[65],char rc[65]){if(!d||!hex64(gc)||!rc)return -1;char k[180],v[96];snprintf(k,sizeof(k),"%s%s",RECEIPT_GRAPH_PREFIX,gc);if(qrxdb_get(d,k,v,sizeof(v))||!hex64(v))return -2;snprintf(rc,65,"%s",v);return 0;}
      |                                                                                                                                                                                                                                                               ^~  ~
/mnt/data/qrx_0936_work/qrx-core/src/compute/qrx_pouc_pipeline.c:46:239: note: 'snprintf' output between 1 and 96 bytes into a destination of size 65
   46 | int qrx_pouc_pipeline_get_receipt_for_graph(QrxDB*d,const char gc[65],char rc[65]){if(!d||!hex64(gc)||!rc)return -1;char k[180],v[96];snprintf(k,sizeof(k),"%s%s",RECEIPT_GRAPH_PREFIX,gc);if(qrxdb_get(d,k,v,sizeof(v))||!hex64(v))return -2;snprintf(rc,65,"%s",v);return 0;}
      |                                                                                                                                                                                                                                               ^~~~~~~~~~~~~~~~~~~~~~
/mnt/data/qrx_0936_work/qrx-core/src/compute/qrx_pouc_pipeline.c: In function 'adversarial_result':
/mnt/data/qrx_0936_work/qrx-core/src/compute/qrx_pouc_pipeline.c:57:365: warning: '%s' directive output may be truncated writing up to 159 bytes into a region of size 129 [-Wformat-truncation=]
   57 | static int adversarial_result(const QrxPoucReceipt*r,const char observed[65],uint32_t vc,uint32_t mc,QrxComputeAdversarialVerdict*v){QrxComputeAdversarialEvidence e;memset(&e,0,sizeof(e));e.version=1;snprintf(e.scenario_id,sizeof(e.scenario_id),"receipt-%.*s",32,r->result_commitment);e.attack=QRX_ADV_RESULT_MISMATCH;snprintf(e.provider_id,sizeof(e.provider_id),"%s",r->provider_id);snprintf(e.expected_result_commitment,65,"%s",r->result_commitment);snprintf(e.observed_result_commitment,65,"%s",observed);e.verifier_count=vc;e.matching_verifiers=mc;return qrx_compute_adversarial_evaluate(&e,v);}
      |                                                                                                                                                                                                                                                                                                                                                                             ^~
/mnt/data/qrx_0936_work/qrx-core/src/compute/qrx_pouc_pipeline.c:57:319: note: 'snprintf' output between 1 and 160 bytes into a destination of size 129
   57 | static int adversarial_result(const QrxPoucReceipt*r,const char observed[65],uint32_t vc,uint32_t mc,QrxComputeAdversarialVerdict*v){QrxComputeAdversarialEvidence e;memset(&e,0,sizeof(e));e.version=1;snprintf(e.scenario_id,sizeof(e.scenario_id),"receipt-%.*s",32,r->result_commitment);e.attack=QRX_ADV_RESULT_MISMATCH;snprintf(e.provider_id,sizeof(e.provider_id),"%s",r->provider_id);snprintf(e.expected_result_commitment,65,"%s",r->result_commitment);snprintf(e.observed_result_commitment,65,"%s",observed);e.verifier_count=vc;e.matching_verifiers=mc;return qrx_compute_adversarial_evaluate(&e,v);}
      |                                                                                                                                                                                                                                                                                                                               ^~~~~~~~~~~~~~~~~~~~~~~~~~~~~~~~~~~~~~~~~~~~~~~~~~~~~~~~~~~~~~~~~
[  8%] Building C object CMakeFiles/qrxcore.dir/src/compute/qrx_pouc_verifier.c.o
/mnt/data/qrx_0936_work/qrx-core/src/privacy/qrx_privacy_consensus.inc: At top level:
/mnt/data/qrx_0936_work/qrx-core/src/privacy/qrx_privacy_consensus.inc:91:18: warning: 'privacy_leaf_count' defined but not used [-Wunused-function]
   91 | static long long privacy_leaf_count(const char *chain_dir){
      |                  ^~~~~~~~~~~~~~~~~~
/mnt/data/qrx_0936_work/qrx-core/src/qrx.c:6514:12: warning: 'shielded_verify_conservation' defined but not used [-Wunused-function]
 6514 | static int shielded_verify_conservation(const char*context,const ShieldedNoteRecord*arr,const size_t*idx,size_t inc,const ShieldedNoteRecord*outnotes,size_t outc,const char*A,const char*c,const char*s){EC_GROUP*g=EC_GROUP_new_by_curve_name(NID_secp256k1);BN_CTX*ctx=BN_CTX_new();EC_POINT*D=g?EC_POINT_new(g):NULL,*P=NULL,*neg=NULL;int rc=-1;if(!g||!ctx||!D)goto done;EC_POINT_set_to_infinity(g,D);for(size_t i=0;i<inc;i++){P=shielded_point_from_hex(g,arr[idx[i]].value_commitment,ctx);if(!P)goto done;EC_POINT_add(g,D,D,P,ctx);EC_POINT_free(P);P=NULL;}for(size_t i=0;i<outc;i++){P=shielded_point_from_hex(g,outnotes[i].value_commitment,ctx);if(!P)goto done;neg=EC_POINT_dup(P,g);EC_POINT_invert(g,neg,ctx);EC_POINT_add(g,D,D,neg,ctx);EC_POINT_free(neg);neg=NULL;EC_POINT_free(P);P=NULL;}rc=shielded_schnorr_verify_H(D,context,A,c,s);done:if(neg)EC_POINT_free(neg);if(P)EC_POINT_free(P);if(D)EC_POINT_free(D);if(ctx)BN_CTX_free(ctx);if(g)EC_GROUP_free(g);return rc;}
      |            ^~~~~~~~~~~~~~~~~~~~~~~~~~~~
/mnt/data/qrx_0936_work/qrx-core/src/qrx.c:6512:12: warning: 'shielded_conservation_proof' defined but not used [-Wunused-function]
 6512 | static int shielded_conservation_proof(const char*context,const ShieldedNoteRecord*arr,const size_t*idx,const ShieldedOwnedNote*w,size_t inc,const ShieldedNoteRecord*outnotes,const ShieldedOwnedNote*outw,size_t outc,char A[67],char c[65],char s[65]){EC_GROUP*g=EC_GROUP_new_by_curve_name(NID_secp256k1);BN_CTX*ctx=BN_CTX_new();BIGNUM*n=BN_new(),*rdiff=BN_new(),*tmp=BN_new();EC_POINT*D=g?EC_POINT_new(g):NULL,*P=NULL,*neg=NULL;int rc=-1;if(!g||!ctx||!n||!rdiff||!tmp||!D||EC_GROUP_get_order(g,n,ctx)!=1)goto done;EC_POINT_set_to_infinity(g,D);BN_zero(rdiff);for(size_t i=0;i<inc;i++){P=shielded_point_from_hex(g,arr[idx[i]].value_commitment,ctx);BIGNUM*r=shielded_bn_from_hex(w[i].blind_hex);if(!P||!r)goto done;EC_POINT_add(g,D,D,P,ctx);BN_mod_add(rdiff,rdiff,r,n,ctx);EC_POINT_free(P);P=NULL;BN_clear_free(r);}for(size_t i=0;i<outc;i++){P=shielded_point_from_hex(g,outnotes[i].value_commitment,ctx);BIGNUM*r=shielded_bn_from_hex(outw[i].blind_hex);if(!P||!r)goto done;neg=EC_POINT_dup(P,g);EC_POINT_invert(g,neg,ctx);EC_POINT_add(g,D,D,neg,ctx);BN_mod_sub(rdiff,rdiff,r,n,ctx);EC_POINT_free(neg);neg=NULL;EC_POINT_free(P);P=NULL;BN_clear_free(r);}rc=shielded_schnorr_prove_H(D,rdiff,context,A,c,s);done:if(neg)EC_POINT_free(neg);if(P)EC_POINT_free(P);if(D)EC_POINT_free(D);if(tmp)BN_free(tmp);if(rdiff)BN_clear_free(rdiff);if(n)BN_free(n);if(ctx)BN_CTX_free(ctx);if(g)EC_GROUP_free(g);return rc;}
      |            ^~~~~~~~~~~~~~~~~~~~~~~~~~~
/mnt/data/qrx_0936_work/qrx-core/src/qrx.c:6474:13: warning: 'shielded_make_nullifier_v3' defined but not used [-Wunused-function]
 6474 | static void shielded_make_nullifier_v3(const ShieldedNoteRecord*r,const ShieldedOwnedNote*w,char out[129]){char privh[65];shielded_bn_hex64(w->one_time_priv,privh);char buf[1024];snprintf(buf,sizeof(buf),"QUB-SHIELDED-NULLIFIER-v3|%s|%s|%s",r->leaf_commitment,w->rho,privh);sha3_512_hex_local(buf,out);OPENSSL_cleanse(privh,65);}
      |             ^~~~~~~~~~~~~~~~~~~~~~~~~~
/mnt/data/qrx_0936_work/qrx-core/src/qrx.c:6166:13: warning: 'stealth_seed_hash' defined but not used [-Wunused-function]
 6166 | static void stealth_seed_hash(const char *label, const char *input, char out[129]) {
      |             ^~~~~~~~~~~~~~~~~
/mnt/data/qrx_0936_work/qrx-core/src/qrx.c:5642:12: warning: 'validator_is_active' defined but not used [-Wunused-function]
 5642 | static int validator_is_active(const char *chain_dir, const char *validator) {
      |            ^~~~~~~~~~~~~~~~~~~
/mnt/data/qrx_0936_work/qrx-core/src/qrx.c:5277:18: warning: 'total_validator_power_all' defined but not used [-Wunused-function]
 5277 | static long long total_validator_power_all(const char *chain_dir) {
      |                  ^~~~~~~~~~~~~~~~~~~~~~~~~
/mnt/data/qrx_0936_work/qrx-core/src/qrx.c:3352:12: warning: 'execution_report_apply_tx' defined but not used [-Wunused-function]
 3352 | static int execution_report_apply_tx(const char *chain_dir,const char *gateway,const char *owner,const char *payload,const char *body_hash){
      |            ^~~~~~~~~~~~~~~~~~~~~~~~~
/mnt/data/qrx_0936_work/qrx-core/src/qrx.c:3306:12: warning: 'gateway_apply_tx' defined but not used [-Wunused-function]
 3306 | static int gateway_apply_tx(const char *chain_dir,const char *authority,const char *gateway,const char *tx_type,const char *payload,const char *body_hash){
      |            ^~~~~~~~~~~~~~~~
/mnt/data/qrx_0936_work/qrx-core/src/qrx.c:3279:12: warning: 'gateway_db_set_ll' defined but not used [-Wunused-function]
 3279 | static int gateway_db_set_ll(const char *chain_dir,const char *gateway,const char *field,long long value){char v[64];snprintf(v,sizeof(v),"%lld",value);return gateway_db_set_field(chain_dir,gateway,field,v);}
      |            ^~~~~~~~~~~~~~~~~
/mnt/data/qrx_0936_work/qrx-core/src/qrx.c:3214:12: warning: 'trade_apply_tx' defined but not used [-Wunused-function]
 3214 | static int trade_apply_tx(const char *chain_dir, const char *agent, const char *owner, const char *tx_type, const char *payload, const char *body_hash) {
      |            ^~~~~~~~~~~~~~
/mnt/data/qrx_0936_work/qrx-core/src/qrx.c:3056:12: warning: 'update_order_after_fill' defined but not used [-Wunused-function]
 3056 | static int update_order_after_fill(const char *chain_dir,const char *order_id,long long fill_qty,long long new_locked){long long rem=order_db_get_ll(chain_dir,order_id,"remaining_atoms",0),filled=order_db_get_ll(chain_dir,order_id,"filled_atoms",0);if(fill_qty<=0||fill_qty>rem)return -1;long long nf=0;checked_add_ll(filled,fill_qty,"filled quantity",&nf);long long nr=rem-fill_qty;long long h=current_height_from_chain(chain_dir);if(order_db_set_ll(chain_dir,order_id,"filled_atoms",nf)||order_db_set_ll(chain_dir,order_id,"remaining_atoms",nr)||order_db_set_ll(chain_dir,order_id,"locked_atoms",new_locked)||order_db_set_ll(chain_dir,order_id,"updated_height",h)||order_db_set_field(chain_dir,order_id,"status",nr==0?"filled":"partially_filled"))return -1;return 0;}
      |            ^~~~~~~~~~~~~~~~~~~~~~~
/mnt/data/qrx_0936_work/qrx-core/src/qrx.c:3052:12: warning: 'record_trade' defined but not used [-Wunused-function]
 3052 | static int record_trade(const char *chain_dir,const char *market,const char *maker,const char *taker,const char *buyer,const char *seller,long long qty,long long price,long long quote,long long seq,char *trade_id,size_t trade_id_sz){
      |            ^~~~~~~~~~~~
/mnt/data/qrx_0936_work/qrx-core/src/qrx.c:3020:18: warning: 'next_trade_sequence' defined but not used [-Wunused-function]
 3020 | static long long next_trade_sequence(const char *chain_dir){
      |                  ^~~~~~~~~~~~~~~~~~~
/mnt/data/qrx_0936_work/qrx-core/src/qrx.c:2586:12: warning: 'agent_apply_tx' defined but not used [-Wunused-function]
 2586 | static int agent_apply_tx(const char *chain_dir, const char *owner, const char *agent, const char *tx_type, const char *payload, const char *body_hash) {
      |            ^~~~~~~~~~~~~~
/mnt/data/qrx_0936_work/qrx-core/src/qrx.c:2109:12: warning: 'velocity_set_lane_nonce' defined but not used [-Wunused-function]
 2109 | static int velocity_set_lane_nonce(const char *chain_dir, const char *address, long long lane, long long nonce) {
      |            ^~~~~~~~~~~~~~~~~~~~~~~
/mnt/data/qrx_0936_work/qrx-core/src/qrx.c:2040:12: warning: 'fee_pool_add' defined but not used [-Wunused-function]
 2040 | static int fee_pool_add(const char *chain_dir, long long fee) {
      |            ^~~~~~~~~~~~
/mnt/data/qrx_0936_work/qrx-core/src/qrx.c:1922:12: warning: 'db_set_str' defined but not used [-Wunused-function]
 1922 | static int db_set_str(const char *path, const char *key, const char *val) { return db_set_ll(path, key, atoll(val)); }
      |            ^~~~~~~~~~
/mnt/data/qrx_0936_work/qrx-core/src/qrx.c:1919:12: warning: 'db_has_key' defined but not used [-Wunused-function]
 1919 | static int db_has_key(const char *path, const char *key) {
      |            ^~~~~~~~~~
/mnt/data/qrx_0936_work/qrx-core/src/qrx.c:103:14: warning: 'qrx_close_file' defined but not used [-Wunused-function]
  103 |   static int qrx_close_file(int fd) { return close(fd); }
      |              ^~~~~~~~~~~~~~
/mnt/data/qrx_0936_work/qrx-core/src/qrx.c: In function 'qrx_latest_finalized_head':
/mnt/data/qrx_0936_work/qrx-core/src/qrx.c:314:222: warning: '%s' directive output may be truncated writing up to 255 bytes into a region of size between 176 and 1199 [-Wformat-truncation=]
  314 |     DIR *d=opendir(dir); if(d){ struct dirent *de; while((de=readdir(d))){ if(de->d_name[0]=='.')continue; long long v=-1; if(sscanf(de->d_name,"%lld.final",&v)==1 && v>best){best=v;snprintf(bestpath,sizeof(bestpath),"%s/%s",dir,de->d_name);} } closedir(d); }
      |                                                                                                                                                                                                                              ^~
/mnt/data/qrx_0936_work/qrx-core/src/qrx.c:314:183: note: 'snprintf' output between 2 and 1280 bytes into a destination of size 1200
  314 |     DIR *d=opendir(dir); if(d){ struct dirent *de; while((de=readdir(d))){ if(de->d_name[0]=='.')continue; long long v=-1; if(sscanf(de->d_name,"%lld.final",&v)==1 && v>best){best=v;snprintf(bestpath,sizeof(bestpath),"%s/%s",dir,de->d_name);} } closedir(d); }
      |                                                                                                                                                                                       ^~~~~~~~~~~~~~~~~~~~~~~~~~~~~~~~~~~~~~~~~~~~~~~~~~~~~~~~~~
/mnt/data/qrx_0936_work/qrx-core/src/qrx.c: In function 'wallet_new_address_cmd':
/mnt/data/qrx_0936_work/qrx-core/src/qrx.c:1154:41: warning: '/.new-' directive output may be truncated writing 6 bytes into a region of size between 1 and 1024 [-Wformat-truncation=]
 1154 |     snprintf(tmpdir, sizeof(tmpdir), "%s/.new-%lld-%s", addrs_dir, (long long)time(NULL), rndhex ? rndhex : "tmp");
      |                                         ^~~~~~
/mnt/data/qrx_0936_work/qrx-core/src/qrx.c:1154:5: note: 'snprintf' output 12 or more bytes (assuming 1035) into a destination of size 1024
 1154 |     snprintf(tmpdir, sizeof(tmpdir), "%s/.new-%lld-%s", addrs_dir, (long long)time(NULL), rndhex ? rndhex : "tmp");
      |     ^~~~~~~~~~~~~~~~~~~~~~~~~~~~~~~~~~~~~~~~~~~~~~~~~~~~~~~~~~~~~~~~~~~~~~~~~~~~~~~~~~~~~~~~~~~~~~~~~~~~~~~~~~~~~~
/mnt/data/qrx_0936_work/qrx-core/src/qrx.c: In function 'snapshot_state_cmd':
/mnt/data/qrx_0936_work/qrx-core/src/qrx.c:1793:55: warning: '%s' directive output may be truncated writing up to 127 bytes into a region of size between 0 and 1023 [-Wformat-truncation=]
 1793 |     char dest[1024]; snprintf(dest, sizeof(dest), "%s/%s", snaps, label); mkdir_p(dest);
      |                                                       ^~          ~~~~~
/mnt/data/qrx_0936_work/qrx-core/src/qrx.c:1793:22: note: 'snprintf' output between 2 and 1152 bytes into a destination of size 1024
 1793 |     char dest[1024]; snprintf(dest, sizeof(dest), "%s/%s", snaps, label); mkdir_p(dest);
      |                      ^~~~~~~~~~~~~~~~~~~~~~~~~~~~~~~~~~~~~~~~~~~~~~~~~~~
/mnt/data/qrx_0936_work/qrx-core/src/qrx.c:1797:68: warning: '/balances.bin' directive output may be truncated writing 13 bytes into a region of size between 1 and 1024 [-Wformat-truncation=]
 1797 |     if ((buf=read_file(bal,&len))) { snprintf(out, sizeof(out), "%s/balances.bin", dest); write_file(out, buf, len); free(buf); }
      |                                                                    ^~~~~~~~~~~~~
/mnt/data/qrx_0936_work/qrx-core/src/qrx.c:1797:38: note: 'snprintf' output between 14 and 1037 bytes into a destination of size 1024
 1797 |     if ((buf=read_file(bal,&len))) { snprintf(out, sizeof(out), "%s/balances.bin", dest); write_file(out, buf, len); free(buf); }
      |                                      ^~~~~~~~~~~~~~~~~~~~~~~~~~~~~~~~~~~~~~~~~~~~~~~~~~~
/mnt/data/qrx_0936_work/qrx-core/src/qrx.c:1798:70: warning: '/nonces.bin' directive output may be truncated writing 11 bytes into a region of size between 1 and 1024 [-Wformat-truncation=]
 1798 |     if ((buf=read_file(nonce,&len))) { snprintf(out, sizeof(out), "%s/nonces.bin", dest); write_file(out, buf, len); free(buf); }
      |                                                                      ^~~~~~~~~~~
/mnt/data/qrx_0936_work/qrx-core/src/qrx.c:1798:40: note: 'snprintf' output between 12 and 1035 bytes into a destination of size 1024
 1798 |     if ((buf=read_file(nonce,&len))) { snprintf(out, sizeof(out), "%s/nonces.bin", dest); write_file(out, buf, len); free(buf); }
      |                                        ^~~~~~~~~~~~~~~~~~~~~~~~~~~~~~~~~~~~~~~~~~~~~~~~~
/mnt/data/qrx_0936_work/qrx-core/src/qrx.c:1799:69: warning: '/applied.bin' directive output may be truncated writing 12 bytes into a region of size between 1 and 1024 [-Wformat-truncation=]
 1799 |     if ((buf=read_file(appl,&len))) { snprintf(out, sizeof(out), "%s/applied.bin", dest); write_file(out, buf, len); free(buf); }
      |                                                                     ^~~~~~~~~~~~
/mnt/data/qrx_0936_work/qrx-core/src/qrx.c:1799:39: note: 'snprintf' output between 13 and 1036 bytes into a destination of size 1024
 1799 |     if ((buf=read_file(appl,&len))) { snprintf(out, sizeof(out), "%s/applied.bin", dest); write_file(out, buf, len); free(buf); }
      |                                       ^~~~~~~~~~~~~~~~~~~~~~~~~~~~~~~~~~~~~~~~~~~~~~~~~~
/mnt/data/qrx_0936_work/qrx-core/src/qrx.c:1800:72: warning: '/journal.log' directive output may be truncated writing 12 bytes into a region of size between 1 and 1024 [-Wformat-truncation=]
 1800 |     if ((buf=read_file(journal,&len))) { snprintf(out, sizeof(out), "%s/journal.log", dest); write_file(out, buf, len); free(buf); }
      |                                                                        ^~~~~~~~~~~~
/mnt/data/qrx_0936_work/qrx-core/src/qrx.c:1800:42: note: 'snprintf' output between 13 and 1036 bytes into a destination of size 1024
 1800 |     if ((buf=read_file(journal,&len))) { snprintf(out, sizeof(out), "%s/journal.log", dest); write_file(out, buf, len); free(buf); }
      |                                          ^~~~~~~~~~~~~~~~~~~~~~~~~~~~~~~~~~~~~~~~~~~~~~~~~~
[  9%] Building C object CMakeFiles/qrxcore.dir/src/compute/qrx_pouc_liveness.c.o
/mnt/data/qrx_0936_work/qrx-core/src/qrx.c: In function 'validator_snapshot_write':
/mnt/data/qrx_0936_work/qrx-core/src/qrx.c:1493:53: warning: '%lld' directive output may be truncated writing between 1 and 20 bytes into a region of size between 0 and 1023 [-Wformat-truncation=]
 1493 |     char path[1024]; snprintf(path,sizeof(path),"%s/%lld-%lld.validators",dir,height,round);
      |                                                     ^~~~
/mnt/data/qrx_0936_work/qrx-core/src/qrx.c:1493:22: note: 'snprintf' output between 16 and 1077 bytes into a destination of size 1024
 1493 |     char path[1024]; snprintf(path,sizeof(path),"%s/%lld-%lld.validators",dir,height,round);
      |                      ^~~~~~~~~~~~~~~~~~~~~~~~~~~~~~~~~~~~~~~~~~~~~~~~~~~~~~~~~~~~~~~~~~~~~~
/mnt/data/qrx_0936_work/qrx-core/src/compute/qrx_pouc_liveness.c: In function 'qrx_pouc_liveness_revert_above_height':
/mnt/data/qrx_0936_work/qrx-core/src/compute/qrx_pouc_liveness.c:48:2: warning: this 'if' clause does not guard... [-Wmisleading-indentation]
   48 |  if(!d)return -1;HistSet s;memset(&s,0,sizeof(s));if(qrxdb_scan_prefix(d,QRX_POUC_LIVENESS_HISTORY_PREFIX,scanhist,&s))return -2;qsort(s.h,s.n,sizeof(s.h[0]),cmph);uint32_t reverted=0;
      |  ^~
/mnt/data/qrx_0936_work/qrx-core/src/compute/qrx_pouc_liveness.c:48:18: note: ...this statement, but the latter is misleadingly indented as if it were guarded by the 'if'
   48 |  if(!d)return -1;HistSet s;memset(&s,0,sizeof(s));if(qrxdb_scan_prefix(d,QRX_POUC_LIVENESS_HISTORY_PREFIX,scanhist,&s))return -2;qsort(s.h,s.n,sizeof(s.h[0]),cmph);uint32_t reverted=0;
      |                  ^~~~~~~
/mnt/data/qrx_0936_work/qrx-core/src/qrx.c: In function 'shielded_merkle_root':
/mnt/data/qrx_0936_work/qrx-core/src/qrx.c:6466:491: warning: '%s' directive output may be truncated writing up to 255 bytes into a region of size 129 [-Wformat-truncation=]
 6466 | static int shielded_merkle_root(const char*chain_dir,char out[129]){char p[1024];shielded_merkle_path(chain_dir,p,sizeof(p));FILE*f=fopen(p,"rb");if(!f){sha3_512_hex_local("QUB-SHIELDED-EMPTY-MERKLE-v1",out);return 0;}size_t cap=16,n=0;char(*arr)[129]=malloc(cap*129);char line[256];while(fgets(line,sizeof(line),f)){line[strcspn(line,"\r\n")]=0;if(strlen(line)!=128)continue;if(n==cap){cap*=2;void*t=realloc(arr,cap*129);if(!t){free(arr);fclose(f);return -1;}arr=t;}snprintf(arr[n++],129,"%s",line);}fclose(f);if(!n){free(arr);sha3_512_hex_local("QUB-SHIELDED-EMPTY-MERKLE-v1",out);return 0;}while(n>1){size_t m=(n+1)/2;for(size_t i=0;i<m;i++){char buf[320];const char*a=arr[2*i];const char*b=2*i+1<n?arr[2*i+1]:arr[2*i];snprintf(buf,sizeof(buf),"QUB-SHIELDED-MERKLE-NODE-v1|%s|%s",a,b);sha3_512_hex_local(buf,arr[i]);}n=m;}snprintf(out,129,"%s",arr[0]);free(arr);return 0;}
      |                                                                                                                                                                                                                                                                                                                                                                                                                                                                                                           ^~  ~~~~
/mnt/data/qrx_0936_work/qrx-core/src/qrx.c:6466:468: note: 'snprintf' output between 1 and 256 bytes into a destination of size 129
 6466 | static int shielded_merkle_root(const char*chain_dir,char out[129]){char p[1024];shielded_merkle_path(chain_dir,p,sizeof(p));FILE*f=fopen(p,"rb");if(!f){sha3_512_hex_local("QUB-SHIELDED-EMPTY-MERKLE-v1",out);return 0;}size_t cap=16,n=0;char(*arr)[129]=malloc(cap*129);char line[256];while(fgets(line,sizeof(line),f)){line[strcspn(line,"\r\n")]=0;if(strlen(line)!=128)continue;if(n==cap){cap*=2;void*t=realloc(arr,cap*129);if(!t){free(arr);fclose(f);return -1;}arr=t;}snprintf(arr[n++],129,"%s",line);}fclose(f);if(!n){free(arr);sha3_512_hex_local("QUB-SHIELDED-EMPTY-MERKLE-v1",out);return 0;}while(n>1){size_t m=(n+1)/2;for(size_t i=0;i<m;i++){char buf[320];const char*a=arr[2*i];const char*b=2*i+1<n?arr[2*i+1]:arr[2*i];snprintf(buf,sizeof(buf),"QUB-SHIELDED-MERKLE-NODE-v1|%s|%s",a,b);sha3_512_hex_local(buf,arr[i]);}n=m;}snprintf(out,129,"%s",arr[0]);free(arr);return 0;}
      |                                                                                                                                                                                                                                                                                                                                                                                                                                                                                    ^~~~~~~~~~~~~~~~~~~~~~~~~~~~~~~~
/mnt/data/qrx_0936_work/qrx-core/src/qrx.c: In function 'vote_block_cmd_as':
/mnt/data/qrx_0936_work/qrx-core/src/qrx.c:5400:63: warning: '-' directive output may be truncated writing 1 byte into a region of size between 0 and 1023 [-Wformat-truncation=]
 5400 |     char localp[1024]; snprintf(localp, sizeof(localp), "%s/%s-%s-%s.vote", votesdir, height_s, round_s, address); write_text(localp, vote);
      |                                                               ^
/mnt/data/qrx_0936_work/qrx-core/src/qrx.c:5400:24: note: 'snprintf' output 9 or more bytes (assuming 1032) into a destination of size 1024
 5400 |     char localp[1024]; snprintf(localp, sizeof(localp), "%s/%s-%s-%s.vote", votesdir, height_s, round_s, address); write_text(localp, vote);
      |                        ^~~~~~~~~~~~~~~~~~~~~~~~~~~~~~~~~~~~~~~~~~~~~~~~~~~~~~~~~~~~~~~~~~~~~~~~~~~~~~~~~~~~~~~~~~
/mnt/data/qrx_0936_work/qrx-core/src/qrx.c: In function 'evidence_double_sign_cmd':
/mnt/data/qrx_0936_work/qrx-core/src/qrx.c:7184:52: warning: '%s' directive output may be truncated writing up to 199 bytes into a region of size between 0 and 1023 [-Wformat-truncation=]
 7184 |     char out[1024]; snprintf(out, sizeof(out), "%s/%s-h%s-r%s.ev", eviddir, v1, ha, ra);
      |                                                    ^~                       ~~
[  9%] Building C object CMakeFiles/qrxcore.dir/src/compute/qrx_pouc_reorg.c.o
/mnt/data/qrx_0936_work/qrx-core/src/qrx.c:7184:21: note: 'snprintf' output 9 or more bytes (assuming 1231) into a destination of size 1024
 7184 |     char out[1024]; snprintf(out, sizeof(out), "%s/%s-h%s-r%s.ev", eviddir, v1, ha, ra);
      |                     ^~~~~~~~~~~~~~~~~~~~~~~~~~~~~~~~~~~~~~~~~~~~~~~~~~~~~~~~~~~~~~~~~~~
/mnt/data/qrx_0936_work/qrx-core/src/compute/qrx_pouc_reorg.c: In function 'decode':
/mnt/data/qrx_0936_work/qrx-core/src/compute/qrx_pouc_reorg.c:32:5: warning: this 'if' clause does not guard... [-Wmisleading-indentation]
   32 |     if(!s||!e)return -1;memset(e,0,sizeof(*e));char st[16]={0};unsigned role=0;unsigned long long h=0,r=0,pb=0,pa=0,sb=0,sa=0;
      |     ^~
/mnt/data/qrx_0936_work/qrx-core/src/compute/qrx_pouc_reorg.c:32:25: note: ...this statement, but the latter is misleadingly indented as if it were guarded by the 'if'
   32 |     if(!s||!e)return -1;memset(e,0,sizeof(*e));char st[16]={0};unsigned role=0;unsigned long long h=0,r=0,pb=0,pa=0,sb=0,sa=0;
      |                         ^~~~~~
/mnt/data/qrx_0936_work/qrx-core/src/compute/qrx_pouc_reorg.c: In function 'qrx_pouc_reward_journal_revert_above_height':
/mnt/data/qrx_0936_work/qrx-core/src/compute/qrx_pouc_reorg.c:56:5: warning: this 'if' clause does not guard... [-Wmisleading-indentation]
   56 |     if(!d)return -1;RewardSet s;memset(&s,0,sizeof(s));if(qrxdb_scan_prefix(d,QRX_POUC_REWARD_JOURNAL_PREFIX,collect,&s))return -2;qsort(s.e,s.n,sizeof(s.e[0]),cmp_desc);uint32_t reverted=0;
      |     ^~
/mnt/data/qrx_0936_work/qrx-core/src/compute/qrx_pouc_reorg.c:56:21: note: ...this statement, but the latter is misleadingly indented as if it were guarded by the 'if'
   56 |     if(!d)return -1;RewardSet s;memset(&s,0,sizeof(s));if(qrxdb_scan_prefix(d,QRX_POUC_REWARD_JOURNAL_PREFIX,collect,&s))return -2;qsort(s.e,s.n,sizeof(s.e[0]),cmp_desc);uint32_t reverted=0;
      |                     ^~~~~~~~~
/mnt/data/qrx_0936_work/qrx-core/src/compute/qrx_pouc_reorg.c:57:117: warning: unused variable 'bv' [-Wunused-variable]
   57 |     for(uint32_t i=0;i<s.n;i++){QrxPoucRewardJournalEntry*e=&s.e[i];if(e->apply_height<=canon)continue;char bk[512],bv[128];snprintf(bk,sizeof(bk),"acct:balance:%s",e->verifier);uint64_t bal=0;if(dbu64(d,bk,&bal)||bal<e->reward_atoms)return -3;uint64_t pool=0;if(dbu64(d,POOL_KEY,&pool)||UINT64_MAX-pool<e->reward_atoms)return -4;QrxComputeEscrow esc;if(qrx_pouc_journal_get_escrow(d,e->graph_commitment,&esc))return -5;if(esc.verification_reward_spent_atoms<e->reward_atoms)return -6;esc.verification_reward_spent_atoms-=e->reward_atoms;
      |                                                                                                                     ^~
/mnt/data/qrx_0936_work/qrx-core/src/compute/qrx_pouc_reorg.c:60:5: warning: this 'if' clause does not guard... [-Wmisleading-indentation]
   60 |     if(out)*out=reverted;return 0;
      |     ^~
/mnt/data/qrx_0936_work/qrx-core/src/compute/qrx_pouc_reorg.c:60:26: note: ...this statement, but the latter is misleadingly indented as if it were guarded by the 'if'
   60 |     if(out)*out=reverted;return 0;
      |                          ^~~~~~
/mnt/data/qrx_0936_work/qrx-core/src/compute/qrx_pouc_reorg.c: In function 'qrx_pouc_canonical_reorg_hook':
/mnt/data/qrx_0936_work/qrx-core/src/compute/qrx_pouc_reorg.c:64:5: warning: this 'if' clause does not guard... [-Wmisleading-indentation]
   64 |     if(!d)return -1;QrxPoucCanonicalReorgReport r;memset(&r,0,sizeof(r));r.version=QRX_POUC_REORG_VERSION;r.canonical_height=canon;
      |     ^~
/mnt/data/qrx_0936_work/qrx-core/src/compute/qrx_pouc_reorg.c:64:21: note: ...this statement, but the latter is misleadingly indented as if it were guarded by the 'if'
   64 |     if(!d)return -1;QrxPoucCanonicalReorgReport r;memset(&r,0,sizeof(r));r.version=QRX_POUC_REORG_VERSION;r.canonical_height=canon;
      |                     ^~~~~~~~~~~~~~~~~~~~~~~~~~~
/mnt/data/qrx_0936_work/qrx-core/src/compute/qrx_pouc_reorg.c:72:5: warning: this 'if' clause does not guard... [-Wmisleading-indentation]
   72 |     if(out)*out=r;return 0;
      |     ^~
/mnt/data/qrx_0936_work/qrx-core/src/compute/qrx_pouc_reorg.c:72:19: note: ...this statement, but the latter is misleadingly indented as if it were guarded by the 'if'
   72 |     if(out)*out=r;return 0;
      |                   ^~~~~~
[  9%] Building C object CMakeFiles/qrxcore.dir/src/compute/qrx_pouc_undo.c.o
/mnt/data/qrx_0936_work/qrx-core/src/compute/qrx_pouc_undo.c: In function 'qrx_pouc_tx_undo_revert_above_height':
/mnt/data/qrx_0936_work/qrx-core/src/compute/qrx_pouc_undo.c:45:5: warning: this 'if' clause does not guard... [-Wmisleading-indentation]
   45 |     if(!d)return -1;UndoSet s={0};if(qrxdb_scan_prefix(d,QRX_POUC_TX_UNDO_PREFIX,collect_meta,&s)){free(s.a);return -2;}if(s.n>1)qsort(s.a,s.n,sizeof(s.a[0]),cmp_desc);uint32_t pending=0;for(uint32_t i=0;i<s.n;i++)if(s.a[i].apply_height>canon)pending++;if(!pending){free(s.a);if(out)*out=0;return 0;}
      |     ^~
/mnt/data/qrx_0936_work/qrx-core/src/compute/qrx_pouc_undo.c:45:21: note: ...this statement, but the latter is misleadingly indented as if it were guarded by the 'if'
   45 |     if(!d)return -1;UndoSet s={0};if(qrxdb_scan_prefix(d,QRX_POUC_TX_UNDO_PREFIX,collect_meta,&s)){free(s.a);return -2;}if(s.n>1)qsort(s.a,s.n,sizeof(s.a[0]),cmp_desc);uint32_t pending=0;for(uint32_t i=0;i<s.n;i++)if(s.a[i].apply_height>canon)pending++;if(!pending){free(s.a);if(out)*out=0;return 0;}
      |                     ^~~~~~~
[ 10%] Building C object CMakeFiles/qrxcore.dir/src/compute/qrx_aura_model_fabric.c.o
[ 10%] Building C object CMakeFiles/qrxcore.dir/src/compute/qrx_aura_fabric_gossip.c.o
[ 10%] Building C object CMakeFiles/qrxcore.dir/src/resource/qrx_storage_capacity.c.o
[ 11%] Building C object CMakeFiles/qrxcore.dir/src/resource/qrx_capacity_proof.c.o
[ 11%] Building C object CMakeFiles/qrxcore.dir/src/resource/qrx_storage_placement.c.o
/mnt/data/qrx_0936_work/qrx-core/src/resource/qrx_storage_placement.c: In function 'qrx_storage_placement_score':
/mnt/data/qrx_0936_work/qrx-core/src/resource/qrx_storage_placement.c:9:5: warning: this 'if' clause does not guard... [-Wmisleading-indentation]
    9 |     if(!c||!randomness||!c->active||!c->provider_id[0])return 0; uint64_t cap=qrx_resource_capacity_weight(c->proven_free_bytes); uint64_t reliability=((uint64_t)c->availability_bps+c->proof_success_bps)/2; if(reliability>10000)reliability=10000; uint64_t perf=c->performance_bps; if(perf<5000)perf=5000;if(perf>11500)perf=11500;
      |     ^~
/mnt/data/qrx_0936_work/qrx-core/src/resource/qrx_storage_placement.c:9:66: note: ...this statement, but the latter is misleadingly indented as if it were guarded by the 'if'
    9 |     if(!c||!randomness||!c->active||!c->provider_id[0])return 0; uint64_t cap=qrx_resource_capacity_weight(c->proven_free_bytes); uint64_t reliability=((uint64_t)c->availability_bps+c->proof_success_bps)/2; if(reliability>10000)reliability=10000; uint64_t perf=c->performance_bps; if(perf<5000)perf=5000;if(perf>11500)perf=11500;
      |                                                                  ^~~~~~~~
/mnt/data/qrx_0936_work/qrx-core/src/resource/qrx_storage_placement.c: In function 'qrx_storage_select_provider':
/mnt/data/qrx_0936_work/qrx-core/src/resource/qrx_storage_placement.c:15:5: warning: this 'if' clause does not guard... [-Wmisleading-indentation]
   15 |     if(!c||!n||!rnd||!out)return -1;int found=0;uint64_t best=0;size_t bi=0;for(size_t i=0;i<n;++i){const QrxStoragePlacementCandidate *p=&c[i];if(!p->active||p->proven_free_bytes<minfree||p->bond_atoms<minbond||!p->provider_id[0])continue;if(x&&(contains(p->provider_id,x->provider_ids,x->provider_count)||contains(p->operator_id,x->operator_ids,x->operator_count)))continue;if(x&&p->failure_domain_attested&&(contains(p->asn,x->asns,x->asn_count)||contains(p->region,x->regions,x->region_count)))continue;uint64_t s=qrx_storage_placement_score(p,rnd);if(!found||s>best){found=1;best=s;bi=i;}}
      |     ^~
/mnt/data/qrx_0936_work/qrx-core/src/resource/qrx_storage_placement.c:15:37: note: ...this statement, but the latter is misleadingly indented as if it were guarded by the 'if'
   15 |     if(!c||!n||!rnd||!out)return -1;int found=0;uint64_t best=0;size_t bi=0;for(size_t i=0;i<n;++i){const QrxStoragePlacementCandidate *p=&c[i];if(!p->active||p->proven_free_bytes<minfree||p->bond_atoms<minbond||!p->provider_id[0])continue;if(x&&(contains(p->provider_id,x->provider_ids,x->provider_count)||contains(p->operator_id,x->operator_ids,x->operator_count)))continue;if(x&&p->failure_domain_attested&&(contains(p->asn,x->asns,x->asn_count)||contains(p->region,x->regions,x->region_count)))continue;uint64_t s=qrx_storage_placement_score(p,rnd);if(!found||s>best){found=1;best=s;bi=i;}}
      |                                     ^~~
/mnt/data/qrx_0936_work/qrx-core/src/resource/qrx_storage_placement.c:16:5: warning: this 'if' clause does not guard... [-Wmisleading-indentation]
   16 |     if(!found)return -1;*out=bi;return 0;
      |     ^~
/mnt/data/qrx_0936_work/qrx-core/src/resource/qrx_storage_placement.c:16:25: note: ...this statement, but the latter is misleadingly indented as if it were guarded by the 'if'
   16 |     if(!found)return -1;*out=bi;return 0;
      |                         ^
[ 12%] Building C object CMakeFiles/qrxcore.dir/src/resource/qrx_storage_market.c.o
[ 12%] Building C object CMakeFiles/qrxcore.dir/src/resource/qrx_storage_repair.c.o
[ 12%] Building C object CMakeFiles/qrxcore.dir/src/resource/qrx_storage_atlas.c.o
/mnt/data/qrx_0936_work/qrx-core/src/resource/qrx_storage_atlas.c: In function 'qrx_storage_public_missions_from_atlas':
/mnt/data/qrx_0936_work/qrx-core/src/resource/qrx_storage_atlas.c:16:5: warning: this 'if' clause does not guard... [-Wmisleading-indentation]
   16 |     if(!out||!on||(n&&!c))return -1; *out=NULL; *on=0;
      |     ^~
/mnt/data/qrx_0936_work/qrx-core/src/resource/qrx_storage_atlas.c:16:38: note: ...this statement, but the latter is misleadingly indented as if it were guarded by the 'if'
   16 |     if(!out||!on||(n&&!c))return -1; *out=NULL; *on=0;
      |                                      ^
[ 13%] Building C object CMakeFiles/qrxcore.dir/src/resource/qrx_resource_globe.c.o
/mnt/data/qrx_0936_work/qrx-core/src/resource/qrx_resource_globe.c: In function 'qrx_resource_globe_build':
/mnt/data/qrx_0936_work/qrx-core/src/resource/qrx_resource_globe.c:45:5: warning: this 'if' clause does not guard... [-Wmisleading-indentation]
   45 |     if(!out||!outn||(count&&!obs))return -1;*out=NULL;*outn=0;if(!privacy)privacy=QRX_GLOBE_DEFAULT_PRIVACY_MIN_PROVIDERS;
      |     ^~
/mnt/data/qrx_0936_work/qrx-core/src/resource/qrx_resource_globe.c:45:45: note: ...this statement, but the latter is misleadingly indented as if it were guarded by the 'if'
   45 |     if(!out||!outn||(count&&!obs))return -1;*out=NULL;*outn=0;if(!privacy)privacy=QRX_GLOBE_DEFAULT_PRIVACY_MIN_PROVIDERS;
      |                                             ^
/mnt/data/qrx_0936_work/qrx-core/src/resource/qrx_resource_globe.c:77:9: warning: this 'for' clause does not guard... [-Wmisleading-indentation]
   77 |         for(int z=0;z<5;z++)if(x->layer_mask&bits[z]){sum+=scores[z];n++;}x->opportunity_score=n?(uint32_t)(sum/n):0;
      |         ^~~
/mnt/data/qrx_0936_work/qrx-core/src/resource/qrx_resource_globe.c:77:75: note: ...this statement, but the latter is misleadingly indented as if it were guarded by the 'for'
   77 |         for(int z=0;z<5;z++)if(x->layer_mask&bits[z]){sum+=scores[z];n++;}x->opportunity_score=n?(uint32_t)(sum/n):0;
      |                                                                           ^
/mnt/data/qrx_0936_work/qrx-core/src/resource/qrx_resource_globe.c: In function 'qrx_resource_globe_cell_commitment':
/mnt/data/qrx_0936_work/qrx-core/src/resource/qrx_resource_globe.c:91:5: warning: this 'if' clause does not guard... [-Wmisleading-indentation]
   91 |     if(ok&&upd(x,dom,sizeof(dom)-1))ok=0;if(ok&&upd(x,c->region,strlen(c->region)))ok=0;
      |     ^~
/mnt/data/qrx_0936_work/qrx-core/src/resource/qrx_resource_globe.c:91:42: note: ...this statement, but the latter is misleadingly indented as if it were guarded by the 'if'
   91 |     if(ok&&upd(x,dom,sizeof(dom)-1))ok=0;if(ok&&upd(x,c->region,strlen(c->region)))ok=0;
      |                                          ^~
/mnt/data/qrx_0936_work/qrx-core/src/resource/qrx_resource_globe.c:94:5: warning: this 'if' clause does not guard... [-Wmisleading-indentation]
   94 |     if(ok&&EVP_DigestFinal_ex(x,h,&hn)!=1)ok=0;EVP_MD_CTX_free(x);if(!ok||hn!=32)return -1;static const char hex[]="0123456789abcdef";for(int i=0;i<32;i++){out[i*2]=hex[h[i]>>4];out[i*2+1]=hex[h[i]&15];}out[64]=0;return 0;
      |     ^~
/mnt/data/qrx_0936_work/qrx-core/src/resource/qrx_resource_globe.c:94:48: note: ...this statement, but the latter is misleadingly indented as if it were guarded by the 'if'
   94 |     if(ok&&EVP_DigestFinal_ex(x,h,&hn)!=1)ok=0;EVP_MD_CTX_free(x);if(!ok||hn!=32)return -1;static const char hex[]="0123456789abcdef";for(int i=0;i<32;i++){out[i*2]=hex[h[i]>>4];out[i*2+1]=hex[h[i]&15];}out[64]=0;return 0;
      |                                                ^~~~~~~~~~~~~~~
[ 13%] Building C object CMakeFiles/qrxcore.dir/src/resource/qrx_resource_provider.c.o
/mnt/data/qrx_0936_work/qrx-core/src/resource/qrx_resource_provider.c: In function 'qrx_resource_provider_plan_commitment':
/mnt/data/qrx_0936_work/qrx-core/src/resource/qrx_resource_provider.c:43:5: warning: this 'if' clause does not guard... [-Wmisleading-indentation]
   43 |     if(ok&&EVP_DigestInit_ex(x,EVP_sha3_256(),NULL)!=1)ok=0;if(ok&&fld(x,dom,sizeof(dom)-1))ok=0;if(ok&&fld(x,p->region,strlen(p->region)))ok=0;
      |     ^~
/mnt/data/qrx_0936_work/qrx-core/src/resource/qrx_resource_provider.c:43:61: note: ...this statement, but the latter is misleadingly indented as if it were guarded by the 'if'
   43 |     if(ok&&EVP_DigestInit_ex(x,EVP_sha3_256(),NULL)!=1)ok=0;if(ok&&fld(x,dom,sizeof(dom)-1))ok=0;if(ok&&fld(x,p->region,strlen(p->region)))ok=0;
      |                                                             ^~
/mnt/data/qrx_0936_work/qrx-core/src/resource/qrx_resource_provider.c:45:5: warning: this 'if' clause does not guard... [-Wmisleading-indentation]
   45 |     if(ok&&EVP_DigestFinal_ex(x,h,&hn)!=1)ok=0;EVP_MD_CTX_free(x);if(!ok||hn!=32)return -2;static const char hx[]="0123456789abcdef";for(int i=0;i<32;i++){out[i*2]=hx[h[i]>>4];out[i*2+1]=hx[h[i]&15];}out[64]=0;return 0;
      |     ^~
/mnt/data/qrx_0936_work/qrx-core/src/resource/qrx_resource_provider.c:45:48: note: ...this statement, but the latter is misleadingly indented as if it were guarded by the 'if'
   45 |     if(ok&&EVP_DigestFinal_ex(x,h,&hn)!=1)ok=0;EVP_MD_CTX_free(x);if(!ok||hn!=32)return -2;static const char hx[]="0123456789abcdef";for(int i=0;i<32;i++){out[i*2]=hx[h[i]>>4];out[i*2+1]=hx[h[i]&15];}out[64]=0;return 0;
      |                                                ^~~~~~~~~~~~~~~
[ 13%] Building C object CMakeFiles/qrxcore.dir/src/resource/qrx_resource_provider_runtime.c.o
[ 14%] Building C object CMakeFiles/qrxcore.dir/src/resource/qrx_compute_opportunity.c.o
/mnt/data/qrx_0936_work/qrx-core/src/resource/qrx_compute_opportunity.c: In function 'storage_target':
/mnt/data/qrx_0936_work/qrx-core/src/resource/qrx_compute_opportunity.c:22:5: warning: this 'if' clause does not guard... [-Wmisleading-indentation]
   22 |     if(s<25)return 0;if(s<50)return 256u*GIB;if(s<75)return 1024u*GIB;if(s<90)return 2u*1024u*GIB;return 4u*1024u*GIB;
      |     ^~
/mnt/data/qrx_0936_work/qrx-core/src/resource/qrx_compute_opportunity.c:22:22: note: ...this statement, but the latter is misleadingly indented as if it were guarded by the 'if'
   22 |     if(s<25)return 0;if(s<50)return 256u*GIB;if(s<75)return 1024u*GIB;if(s<90)return 2u*1024u*GIB;return 4u*1024u*GIB;
      |                      ^~
/mnt/data/qrx_0936_work/qrx-core/src/resource/qrx_compute_opportunity.c: In function 'cache_target':
/mnt/data/qrx_0936_work/qrx-core/src/resource/qrx_compute_opportunity.c:25:5: warning: this 'if' clause does not guard... [-Wmisleading-indentation]
   25 |     if(s<25)return 0;if(s<50)return 64u*GIB;if(s<75)return 256u*GIB;if(s<90)return 500u*GIB;return 1024u*GIB;
      |     ^~
/mnt/data/qrx_0936_work/qrx-core/src/resource/qrx_compute_opportunity.c:25:22: note: ...this statement, but the latter is misleadingly indented as if it were guarded by the 'if'
   25 |     if(s<25)return 0;if(s<50)return 64u*GIB;if(s<75)return 256u*GIB;if(s<90)return 500u*GIB;return 1024u*GIB;
      |                      ^~
/mnt/data/qrx_0936_work/qrx-core/src/resource/qrx_compute_opportunity.c: In function 'thread_target':
/mnt/data/qrx_0936_work/qrx-core/src/resource/qrx_compute_opportunity.c:28:5: warning: this 'if' clause does not guard... [-Wmisleading-indentation]
   28 |     if(s<25)return 0;if(s<50)return 2;if(s<75)return 4;if(s<90)return 8;return 12;
      |     ^~
/mnt/data/qrx_0936_work/qrx-core/src/resource/qrx_compute_opportunity.c:28:22: note: ...this statement, but the latter is misleadingly indented as if it were guarded by the 'if'
   28 |     if(s<25)return 0;if(s<50)return 2;if(s<75)return 4;if(s<90)return 8;return 12;
      |                      ^~
/mnt/data/qrx_0936_work/qrx-core/src/resource/qrx_compute_opportunity.c: In function 'network_target':
/mnt/data/qrx_0936_work/qrx-core/src/resource/qrx_compute_opportunity.c:31:5: warning: this 'if' clause does not guard... [-Wmisleading-indentation]
   31 |     if(s<25)return 0;if(s<50)return 100;if(s<75)return 500;if(s<90)return 1000;return 2500;
      |     ^~
/mnt/data/qrx_0936_work/qrx-core/src/resource/qrx_compute_opportunity.c:31:22: note: ...this statement, but the latter is misleadingly indented as if it were guarded by the 'if'
   31 |     if(s<25)return 0;if(s<50)return 100;if(s<75)return 500;if(s<90)return 1000;return 2500;
      |                      ^~
/mnt/data/qrx_0936_work/qrx-core/src/resource/qrx_compute_opportunity.c: In function 'qrx_compute_opportunity_commitment':
/mnt/data/qrx_0936_work/qrx-core/src/resource/qrx_compute_opportunity.c:82:5: warning: this 'if' clause does not guard... [-Wmisleading-indentation]
   82 |     if(ok&&upd(x,dom,sizeof(dom)-1))ok=0;if(ok&&upd(x,r->region,strlen(r->region)))ok=0;
      |     ^~
/mnt/data/qrx_0936_work/qrx-core/src/resource/qrx_compute_opportunity.c:82:42: note: ...this statement, but the latter is misleadingly indented as if it were guarded by the 'if'
   82 |     if(ok&&upd(x,dom,sizeof(dom)-1))ok=0;if(ok&&upd(x,r->region,strlen(r->region)))ok=0;
      |                                          ^~
/mnt/data/qrx_0936_work/qrx-core/src/resource/qrx_compute_opportunity.c:85:5: warning: this 'if' clause does not guard... [-Wmisleading-indentation]
   85 |     if(ok&&EVP_DigestFinal_ex(x,h,&hn)!=1)ok=0;EVP_MD_CTX_free(x);if(!ok||hn!=32)return -1;static const char hx[]="0123456789abcdef";for(int i=0;i<32;i++){out[i*2]=hx[h[i]>>4];out[i*2+1]=hx[h[i]&15];}out[64]=0;return 0;
      |     ^~
/mnt/data/qrx_0936_work/qrx-core/src/resource/qrx_compute_opportunity.c:85:48: note: ...this statement, but the latter is misleadingly indented as if it were guarded by the 'if'
   85 |     if(ok&&EVP_DigestFinal_ex(x,h,&hn)!=1)ok=0;EVP_MD_CTX_free(x);if(!ok||hn!=32)return -1;static const char hx[]="0123456789abcdef";for(int i=0;i<32;i++){out[i*2]=hx[h[i]>>4];out[i*2+1]=hx[h[i]&15];}out[64]=0;return 0;
      |                                                ^~~~~~~~~~~~~~~
[ 14%] Building C object CMakeFiles/qrxcore.dir/src/resource/qrx_task_globe.c.o
/mnt/data/qrx_0936_work/qrx-core/src/resource/qrx_task_globe.c: In function 'cmp_event':
/mnt/data/qrx_0936_work/qrx-core/src/resource/qrx_task_globe.c:23:5: warning: this 'if' clause does not guard... [-Wmisleading-indentation]
   23 |     if(x->sequence<y->sequence)return -1;if(x->sequence>y->sequence)return 1;
      |     ^~
/mnt/data/qrx_0936_work/qrx-core/src/resource/qrx_task_globe.c:23:42: note: ...this statement, but the latter is misleadingly indented as if it were guarded by the 'if'
   23 |     if(x->sequence<y->sequence)return -1;if(x->sequence>y->sequence)return 1;
      |                                          ^~
/mnt/data/qrx_0936_work/qrx-core/src/resource/qrx_task_globe.c:24:5: warning: this 'if' clause does not guard... [-Wmisleading-indentation]
   24 |     if(x->timestamp_ms<y->timestamp_ms)return -1;if(x->timestamp_ms>y->timestamp_ms)return 1;
      |     ^~
/mnt/data/qrx_0936_work/qrx-core/src/resource/qrx_task_globe.c:24:50: note: ...this statement, but the latter is misleadingly indented as if it were guarded by the 'if'
   24 |     if(x->timestamp_ms<y->timestamp_ms)return -1;if(x->timestamp_ms>y->timestamp_ms)return 1;
      |                                                  ^~
/mnt/data/qrx_0936_work/qrx-core/src/resource/qrx_task_globe.c: In function 'seen_str':
/mnt/data/qrx_0936_work/qrx-core/src/resource/qrx_task_globe.c:28:5: warning: this 'for' clause does not guard... [-Wmisleading-indentation]
   28 |     for(size_t i=0;i<n;i++)if(!strcmp(arr[i],s))return 1;return 0;
      |     ^~~
/mnt/data/qrx_0936_work/qrx-core/src/resource/qrx_task_globe.c:28:58: note: ...this statement, but the latter is misleadingly indented as if it were guarded by the 'for'
   28 |     for(size_t i=0;i<n;i++)if(!strcmp(arr[i],s))return 1;return 0;
      |                                                          ^~~~~~
/mnt/data/qrx_0936_work/qrx-core/src/resource/qrx_task_globe.c: In function 'qrx_task_globe_frame_commitment':
/mnt/data/qrx_0936_work/qrx-core/src/resource/qrx_task_globe.c:77:5: warning: this 'if' clause does not guard... [-Wmisleading-indentation]
   77 |     if(ok&&upd(x,dom,sizeof(dom)-1))ok=0;if(ok&&upd(x,f->task_id,strlen(f->task_id)))ok=0;
      |     ^~
/mnt/data/qrx_0936_work/qrx-core/src/resource/qrx_task_globe.c:77:42: note: ...this statement, but the latter is misleadingly indented as if it were guarded by the 'if'
   77 |     if(ok&&upd(x,dom,sizeof(dom)-1))ok=0;if(ok&&upd(x,f->task_id,strlen(f->task_id)))ok=0;
      |                                          ^~
/mnt/data/qrx_0936_work/qrx-core/src/resource/qrx_task_globe.c:80:5: warning: this 'if' clause does not guard... [-Wmisleading-indentation]
   80 |     if(ok&&EVP_DigestFinal_ex(x,h,&hn)!=1)ok=0;EVP_MD_CTX_free(x);if(!ok||hn!=32)return -1;static const char hx[]="0123456789abcdef";for(int i=0;i<32;i++){out[i*2]=hx[h[i]>>4];out[i*2+1]=hx[h[i]&15];}out[64]=0;return 0;
      |     ^~
/mnt/data/qrx_0936_work/qrx-core/src/resource/qrx_task_globe.c:80:48: note: ...this statement, but the latter is misleadingly indented as if it were guarded by the 'if'
   80 |     if(ok&&EVP_DigestFinal_ex(x,h,&hn)!=1)ok=0;EVP_MD_CTX_free(x);if(!ok||hn!=32)return -1;static const char hx[]="0123456789abcdef";for(int i=0;i<32;i++){out[i*2]=hx[h[i]>>4];out[i*2+1]=hx[h[i]&15];}out[64]=0;return 0;
      |                                                ^~~~~~~~~~~~~~~
[ 14%] Building C object CMakeFiles/qrxcore.dir/src/resource/qrx_resource_dashboard.c.o
[ 15%] Building C object CMakeFiles/qrxcore.dir/src/resource/qrx_resource_live.c.o
/mnt/data/qrx_0936_work/qrx-core/src/resource/qrx_resource_live.c: In function 'qrx_resource_live_snapshot':
/mnt/data/qrx_0936_work/qrx-core/src/resource/qrx_resource_live.c:26:5: warning: this 'if' clause does not guard... [-Wmisleading-indentation]
   26 |     if(!chain_dir||!out||!cells_out||!cell_count_out)return -1;QrxDB db;if(qrxdb_init(&db,chain_dir))return -1;ProvVec pv={0};WorkCtx wc={0};int rc=0;
      |     ^~
/mnt/data/qrx_0936_work/qrx-core/src/resource/qrx_resource_live.c:26:64: note: ...this statement, but the latter is misleadingly indented as if it were guarded by the 'if'
   26 |     if(!chain_dir||!out||!cells_out||!cell_count_out)return -1;QrxDB db;if(qrxdb_init(&db,chain_dir))return -1;ProvVec pv={0};WorkCtx wc={0};int rc=0;
      |                                                                ^~~~~
[ 15%] Building C object CMakeFiles/qrxcore.dir/src/resource/qrx_drive_live.c.o
[ 16%] Building C object CMakeFiles/qrxcore.dir/src/resource/qrx_storage_consensus.c.o
/mnt/data/qrx_0936_work/qrx-core/src/resource/qrx_storage_consensus.c: In function 'provider_key_from_b64':
/mnt/data/qrx_0936_work/qrx-core/src/resource/qrx_storage_consensus.c:34:5: warning: this 'if' clause does not guard... [-Wmisleading-indentation]
   34 |     if(!b64||!*b64)return NULL; size_t n=strlen(b64); if(n>16384)return NULL;
      |     ^~
/mnt/data/qrx_0936_work/qrx-core/src/resource/qrx_storage_consensus.c:34:33: note: ...this statement, but the latter is misleadingly indented as if it were guarded by the 'if'
   34 |     if(!b64||!*b64)return NULL; size_t n=strlen(b64); if(n>16384)return NULL;
      |                                 ^~~~~~
/mnt/data/qrx_0936_work/qrx-core/src/resource/qrx_storage_consensus.c: In function 'qrx_storage_provider_discovery_key_lookup':
/mnt/data/qrx_0936_work/qrx-core/src/resource/qrx_storage_consensus.c:40:5: warning: this 'if' clause does not guard... [-Wmisleading-indentation]
   40 |     if(!ctx||!provider_id||!out||!safe_token(provider_id,129))return -1; *out=NULL; char key[320],b64[16384];
      |     ^~
/mnt/data/qrx_0936_work/qrx-core/src/resource/qrx_storage_consensus.c:40:74: note: ...this statement, but the latter is misleadingly indented as if it were guarded by the 'if'
   40 |     if(!ctx||!provider_id||!out||!safe_token(provider_id,129))return -1; *out=NULL; char key[320],b64[16384];
      |                                                                          ^
/mnt/data/qrx_0936_work/qrx-core/src/resource/qrx_storage_consensus.c: In function 'qrx_storage_repair_get':
/mnt/data/qrx_0936_work/qrx-core/src/resource/qrx_storage_consensus.c:64:5: warning: this 'if' clause does not guard... [-Wmisleading-indentation]
   64 |     if(!db||!cid||!out||!safe_token(cid,129))return -1;char k[400],v[900];snprintf(k,sizeof(k),REPAIR_PREFIX"%s/%010u",cid,shard);if(qrxdb_get(db,k,v,sizeof(v)))return -1;
      |     ^~
/mnt/data/qrx_0936_work/qrx-core/src/resource/qrx_storage_consensus.c:64:56: note: ...this statement, but the latter is misleadingly indented as if it were guarded by the 'if'
   64 |     if(!db||!cid||!out||!safe_token(cid,129))return -1;char k[400],v[900];snprintf(k,sizeof(k),REPAIR_PREFIX"%s/%010u",cid,shard);if(qrxdb_get(db,k,v,sizeof(v)))return -1;
      |                                                        ^~~~
[ 16%] Building C object CMakeFiles/qrxcore.dir/src/storage/qrx_storage_fs.c.o
[ 16%] Building C object CMakeFiles/qrxcore.dir/src/storage/qrx_merkle.c.o
[ 17%] Building C object CMakeFiles/qrxcore.dir/src/storage/qrx_drive_crypto.c.o
/mnt/data/qrx_0936_work/qrx-core/src/storage/qrx_drive_crypto.c: In function 'derive_kek':
/mnt/data/qrx_0936_work/qrx-core/src/storage/qrx_drive_crypto.c:13:5: warning: this 'if' clause does not guard... [-Wmisleading-indentation]
   13 |     if(!kdf||!secret||!secret_len||!out)goto done; ctx=EVP_KDF_CTX_new(kdf); if(!ctx)goto done;
      |     ^~
/mnt/data/qrx_0936_work/qrx-core/src/storage/qrx_drive_crypto.c:13:52: note: ...this statement, but the latter is misleadingly indented as if it were guarded by the 'if'
   13 |     if(!kdf||!secret||!secret_len||!out)goto done; ctx=EVP_KDF_CTX_new(kdf); if(!ctx)goto done;
      |                                                    ^~~
/mnt/data/qrx_0936_work/qrx-core/src/storage/qrx_drive_crypto.c: In function 'qrx_drive_generate_recipient_key':
/mnt/data/qrx_0936_work/qrx-core/src/storage/qrx_drive_crypto.c:25:5: warning: this 'if' clause does not guard... [-Wmisleading-indentation]
   25 |     if(!out)return -1; *out=NULL;
      |     ^~
/mnt/data/qrx_0936_work/qrx-core/src/storage/qrx_drive_crypto.c:25:24: note: ...this statement, but the latter is misleadingly indented as if it were guarded by the 'if'
   25 |     if(!out)return -1; *out=NULL;
      |                        ^
/mnt/data/qrx_0936_work/qrx-core/src/storage/qrx_drive_crypto.c: In function 'aes_gcm_encrypt':
/mnt/data/qrx_0936_work/qrx-core/src/storage/qrx_drive_crypto.c:33:5: warning: this 'if' clause does not guard... [-Wmisleading-indentation]
   33 |     if(!key||(!pt&&ptlen)||(!aad&&aadlen)||!nonce||!tag||!ctout||ptlen>INT_MAX||aadlen>INT_MAX)return -1; *ctout=NULL;
      |     ^~
/mnt/data/qrx_0936_work/qrx-core/src/storage/qrx_drive_crypto.c:33:107: note: ...this statement, but the latter is misleadingly indented as if it were guarded by the 'if'
   33 |     if(!key||(!pt&&ptlen)||(!aad&&aadlen)||!nonce||!tag||!ctout||ptlen>INT_MAX||aadlen>INT_MAX)return -1; *ctout=NULL;
      |                                                                                                           ^
/mnt/data/qrx_0936_work/qrx-core/src/storage/qrx_drive_crypto.c:34:5: warning: this 'if' clause does not guard... [-Wmisleading-indentation]
   34 |     if(RAND_bytes(nonce,12)!=1)return -1; uint8_t *ct=(uint8_t*)malloc(ptlen?ptlen:1); if(!ct)return -1;
      |     ^~
/mnt/data/qrx_0936_work/qrx-core/src/storage/qrx_drive_crypto.c:34:43: note: ...this statement, but the latter is misleadingly indented as if it were guarded by the 'if'
   34 |     if(RAND_bytes(nonce,12)!=1)return -1; uint8_t *ct=(uint8_t*)malloc(ptlen?ptlen:1); if(!ct)return -1;
      |                                           ^~~~~~~
/mnt/data/qrx_0936_work/qrx-core/src/storage/qrx_drive_crypto.c:38:5: warning: this 'if' clause does not guard... [-Wmisleading-indentation]
   38 |     if(ptlen&&EVP_EncryptUpdate(ctx,ct,&len,pt,(int)ptlen)!=1)goto done; total=len;
      |     ^~
/mnt/data/qrx_0936_work/qrx-core/src/storage/qrx_drive_crypto.c:38:74: note: ...this statement, but the latter is misleadingly indented as if it were guarded by the 'if'
   38 |     if(ptlen&&EVP_EncryptUpdate(ctx,ct,&len,pt,(int)ptlen)!=1)goto done; total=len;
      |                                                                          ^~~~~
/mnt/data/qrx_0936_work/qrx-core/src/storage/qrx_drive_crypto.c:39:5: warning: this 'if' clause does not guard... [-Wmisleading-indentation]
   39 |     if(EVP_EncryptFinal_ex(ctx,ct+total,&len)!=1)goto done; total+=len;
      |     ^~
/mnt/data/qrx_0936_work/qrx-core/src/storage/qrx_drive_crypto.c:39:61: note: ...this statement, but the latter is misleadingly indented as if it were guarded by the 'if'
   39 |     if(EVP_EncryptFinal_ex(ctx,ct+total,&len)!=1)goto done; total+=len;
      |                                                             ^~~~~
/mnt/data/qrx_0936_work/qrx-core/src/storage/qrx_drive_crypto.c: In function 'aes_gcm_decrypt':
/mnt/data/qrx_0936_work/qrx-core/src/storage/qrx_drive_crypto.c:45:5: warning: this 'if' clause does not guard... [-Wmisleading-indentation]
   45 |     if(!key||(!ct&&ctlen)||(!aad&&aadlen)||!nonce||!tag||!ptout||ctlen>INT_MAX||aadlen>INT_MAX)return -1; *ptout=NULL;
      |     ^~
/mnt/data/qrx_0936_work/qrx-core/src/storage/qrx_drive_crypto.c:45:107: note: ...this statement, but the latter is misleadingly indented as if it were guarded by the 'if'
   45 |     if(!key||(!ct&&ctlen)||(!aad&&aadlen)||!nonce||!tag||!ptout||ctlen>INT_MAX||aadlen>INT_MAX)return -1; *ptout=NULL;
      |                                                                                                           ^
/mnt/data/qrx_0936_work/qrx-core/src/storage/qrx_drive_crypto.c:49:5: warning: this 'if' clause does not guard... [-Wmisleading-indentation]
   49 |     if(ctlen&&EVP_DecryptUpdate(ctx,pt,&len,ct,(int)ctlen)!=1)goto done; total=len;
      |     ^~
/mnt/data/qrx_0936_work/qrx-core/src/storage/qrx_drive_crypto.c:49:74: note: ...this statement, but the latter is misleadingly indented as if it were guarded by the 'if'
   49 |     if(ctlen&&EVP_DecryptUpdate(ctx,pt,&len,ct,(int)ctlen)!=1)goto done; total=len;
      |                                                                          ^~~~~
/mnt/data/qrx_0936_work/qrx-core/src/storage/qrx_drive_crypto.c:51:5: warning: this 'if' clause does not guard... [-Wmisleading-indentation]
   51 |     if(EVP_DecryptFinal_ex(ctx,pt+total,&len)!=1)goto done; total+=len; if((size_t)total!=ctlen)goto done;
      |     ^~
/mnt/data/qrx_0936_work/qrx-core/src/storage/qrx_drive_crypto.c:51:61: note: ...this statement, but the latter is misleadingly indented as if it were guarded by the 'if'
   51 |     if(EVP_DecryptFinal_ex(ctx,pt+total,&len)!=1)goto done; total+=len; if((size_t)total!=ctlen)goto done;
      |                                                             ^~~~~
/mnt/data/qrx_0936_work/qrx-core/src/storage/qrx_drive_crypto.c: In function 'qrx_drive_encrypt':
/mnt/data/qrx_0936_work/qrx-core/src/storage/qrx_drive_crypto.c:57:5: warning: this 'if' clause does not guard... [-Wmisleading-indentation]
   57 |     if(!out)return -1; memset(out,0,sizeof(*out)); if(aes_gcm_encrypt(key,plaintext,plaintext_len,aad,aad_len,out->nonce,out->tag,&out->ciphertext)!=0)return -1; out->ciphertext_len=plaintext_len; return 0;
      |     ^~
/mnt/data/qrx_0936_work/qrx-core/src/storage/qrx_drive_crypto.c:57:24: note: ...this statement, but the latter is misleadingly indented as if it were guarded by the 'if'
   57 |     if(!out)return -1; memset(out,0,sizeof(*out)); if(aes_gcm_encrypt(key,plaintext,plaintext_len,aad,aad_len,out->nonce,out->tag,&out->ciphertext)!=0)return -1; out->ciphertext_len=plaintext_len; return 0;
      |                        ^~~~~~
/mnt/data/qrx_0936_work/qrx-core/src/storage/qrx_drive_crypto.c: In function 'qrx_drive_decrypt':
/mnt/data/qrx_0936_work/qrx-core/src/storage/qrx_drive_crypto.c:60:5: warning: this 'if' clause does not guard... [-Wmisleading-indentation]
   60 |     if(!c||!pt||!ptlen)return -1; if(aes_gcm_decrypt(key,c->ciphertext,c->ciphertext_len,aad,aad_len,c->nonce,c->tag,pt)!=0)return -1; *ptlen=c->ciphertext_len; return 0;
      |     ^~
/mnt/data/qrx_0936_work/qrx-core/src/storage/qrx_drive_crypto.c:60:35: note: ...this statement, but the latter is misleadingly indented as if it were guarded by the 'if'
   60 |     if(!c||!pt||!ptlen)return -1; if(aes_gcm_decrypt(key,c->ciphertext,c->ciphertext_len,aad,aad_len,c->nonce,c->tag,pt)!=0)return -1; *ptlen=c->ciphertext_len; return 0;
      |                                   ^~
/mnt/data/qrx_0936_work/qrx-core/src/storage/qrx_drive_crypto.c: In function 'qrx_drive_wrap_file_key':
/mnt/data/qrx_0936_work/qrx-core/src/storage/qrx_drive_crypto.c:65:5: warning: this 'if' clause does not guard... [-Wmisleading-indentation]
   65 |     if(!recipient_public||!file_key||!out)return -1; memset(out,0,sizeof(*out)); EVP_PKEY_CTX *ctx=EVP_PKEY_CTX_new_from_pkey(NULL,recipient_public,NULL); if(!ctx)return -1;
      |     ^~
/mnt/data/qrx_0936_work/qrx-core/src/storage/qrx_drive_crypto.c:65:54: note: ...this statement, but the latter is misleadingly indented as if it were guarded by the 'if'
   65 |     if(!recipient_public||!file_key||!out)return -1; memset(out,0,sizeof(*out)); EVP_PKEY_CTX *ctx=EVP_PKEY_CTX_new_from_pkey(NULL,recipient_public,NULL); if(!ctx)return -1;
      |                                                      ^~~~~~
/mnt/data/qrx_0936_work/qrx-core/src/storage/qrx_drive_crypto.c: In function 'qrx_drive_unwrap_file_key':
/mnt/data/qrx_0936_work/qrx-core/src/storage/qrx_drive_crypto.c:75:5: warning: this 'if' clause does not guard... [-Wmisleading-indentation]
   75 |     if(!recipient_private||!env||!env->kem_ciphertext||!env->kem_ciphertext_len||!file_key_out)return -1; EVP_PKEY_CTX *ctx=EVP_PKEY_CTX_new_from_pkey(NULL,recipient_private,NULL); if(!ctx)return -1;
      |     ^~
/mnt/data/qrx_0936_work/qrx-core/src/storage/qrx_drive_crypto.c:75:107: note: ...this statement, but the latter is misleadingly indented as if it were guarded by the 'if'
   75 |     if(!recipient_private||!env||!env->kem_ciphertext||!env->kem_ciphertext_len||!file_key_out)return -1; EVP_PKEY_CTX *ctx=EVP_PKEY_CTX_new_from_pkey(NULL,recipient_private,NULL); if(!ctx)return -1;
      |                                                                                                           ^~~~~~~~~~~~
/mnt/data/qrx_0936_work/qrx-core/src/storage/qrx_drive_crypto.c:79:5: warning: this 'if' clause does not guard... [-Wmisleading-indentation]
   79 |     if(aes_gcm_decrypt(kek,env->wrapped_file_key,32,NULL,0,env->nonce,env->tag,&pt)!=0)goto done; memcpy(file_key_out,pt,32);rc=0;
      |     ^~
/mnt/data/qrx_0936_work/qrx-core/src/storage/qrx_drive_crypto.c:79:99: note: ...this statement, but the latter is misleadingly indented as if it were guarded by the 'if'
   79 |     if(aes_gcm_decrypt(kek,env->wrapped_file_key,32,NULL,0,env->nonce,env->tag,&pt)!=0)goto done; memcpy(file_key_out,pt,32);rc=0;
      |                                                                                                   ^~~~~~
[ 17%] Building C object CMakeFiles/qrxcore.dir/src/storage/qrx_drive_manifest.c.o
[ 17%] Building C object CMakeFiles/qrxcore.dir/src/storage/qrx_drive_object.c.o
[ 18%] Building C object CMakeFiles/qrxcore.dir/src/storage/qrx_erasure.c.o
/mnt/data/qrx_0936_work/qrx-core/src/storage/qrx_drive_object.c: In function 'regular_size':
/mnt/data/qrx_0936_work/qrx-core/src/storage/qrx_drive_object.c:46:2: warning: this 'if' clause does not guard... [-Wmisleading-indentation]
   46 |  if(st.st_size<0)return -1;*out=(uint64_t)st.st_size;return 0;}
      |  ^~
/mnt/data/qrx_0936_work/qrx-core/src/storage/qrx_drive_object.c:46:28: note: ...this statement, but the latter is misleadingly indented as if it were guarded by the 'if'
   46 |  if(st.st_size<0)return -1;*out=(uint64_t)st.st_size;return 0;}
      |                            ^
/mnt/data/qrx_0936_work/qrx-core/src/storage/qrx_drive_object.c: In function 'qrx_drive_object_get_file':
/mnt/data/qrx_0936_work/qrx-core/src/storage/qrx_drive_object.c:77:5: warning: this 'if' clause does not guard... [-Wmisleading-indentation]
   77 |     if(rc!=0)remove(tmp);if(rc==0&&info){memset(info,0,sizeof(*info));info->plaintext_bytes=d.total_bytes;info->chunk_bytes=d.chunk_bytes;info->tree_level=d.tree_level;info->chunk_count=ci;snprintf(info->object_id,sizeof(info->object_id),"%s",object_id);id_to_hex(d.root_id,info->root_index_id);}qrx_drive_key_envelope_free(&d.env);OPENSSL_cleanse(key,32);return rc;}
      |     ^~
/mnt/data/qrx_0936_work/qrx-core/src/storage/qrx_drive_object.c:77:26: note: ...this statement, but the latter is misleadingly indented as if it were guarded by the 'if'
   77 |     if(rc!=0)remove(tmp);if(rc==0&&info){memset(info,0,sizeof(*info));info->plaintext_bytes=d.total_bytes;info->chunk_bytes=d.chunk_bytes;info->tree_level=d.tree_level;info->chunk_count=ci;snprintf(info->object_id,sizeof(info->object_id),"%s",object_id);id_to_hex(d.root_id,info->root_index_id);}qrx_drive_key_envelope_free(&d.env);OPENSSL_cleanse(key,32);return rc;}
      |                          ^~
/mnt/data/qrx_0936_work/qrx-core/src/storage/qrx_erasure.c: In function 'matrix_invert':
/mnt/data/qrx_0936_work/qrx-core/src/storage/qrx_erasure.c:27:5: warning: this 'for' clause does not guard... [-Wmisleading-indentation]
   27 |     for(unsigned r=0;r<n;r++)memcpy(out+r*n,aug+r*cols+n,n);free(aug);return 0;
      |     ^~~
/mnt/data/qrx_0936_work/qrx-core/src/storage/qrx_erasure.c:27:61: note: ...this statement, but the latter is misleadingly indented as if it were guarded by the 'for'
   27 |     for(unsigned r=0;r<n;r++)memcpy(out+r*n,aug+r*cols+n,n);free(aug);return 0;
      |                                                             ^~~~
/mnt/data/qrx_0936_work/qrx-core/src/storage/qrx_erasure.c: In function 'qrx_erasure_encode':
/mnt/data/qrx_0936_work/qrx-core/src/storage/qrx_erasure.c:41:5: warning: this 'if' clause does not guard... [-Wmisleading-indentation]
   41 |     if(!out||(!data&&len)||!k||!m||k+m>255)return -1;memset(out,0,sizeof(*out));size_t ss=len?(len+k-1)/k:1;unsigned n=k+m;out->shards=calloc(n,sizeof(uint8_t*));out->present=calloc(n,1);if(!out->shards||!out->present){qrx_erasure_free(out);return -1;}out->data_shards=k;out->parity_shards=m;out->shard_size=ss;out->original_size=len;
      |     ^~
/mnt/data/qrx_0936_work/qrx-core/src/storage/qrx_erasure.c:41:54: note: ...this statement, but the latter is misleadingly indented as if it were guarded by the 'if'
   41 |     if(!out||(!data&&len)||!k||!m||k+m>255)return -1;memset(out,0,sizeof(*out));size_t ss=len?(len+k-1)/k:1;unsigned n=k+m;out->shards=calloc(n,sizeof(uint8_t*));out->present=calloc(n,1);if(!out->shards||!out->present){qrx_erasure_free(out);return -1;}out->data_shards=k;out->parity_shards=m;out->shard_size=ss;out->original_size=len;
      |                                                      ^~~~~~
/mnt/data/qrx_0936_work/qrx-core/src/storage/qrx_erasure.c:45:5: warning: this 'for' clause does not guard... [-Wmisleading-indentation]
   45 |     for(unsigned r=k;r<n;r++)for(size_t b=0;b<ss;b++){uint8_t z=0;for(unsigned c=0;c<k;c++)z^=gf_mul(g[(size_t)r*k+c],out->shards[c][b]);out->shards[r][b]=z;}free(g);return 0;
      |     ^~~
/mnt/data/qrx_0936_work/qrx-core/src/storage/qrx_erasure.c:45:159: note: ...this statement, but the latter is misleadingly indented as if it were guarded by the 'for'
   45 |     for(unsigned r=k;r<n;r++)for(size_t b=0;b<ss;b++){uint8_t z=0;for(unsigned c=0;c<k;c++)z^=gf_mul(g[(size_t)r*k+c],out->shards[c][b]);out->shards[r][b]=z;}free(g);return 0;
      |                                                                                                                                                               ^~~~
/mnt/data/qrx_0936_work/qrx-core/src/storage/qrx_erasure.c: In function 'qrx_erasure_reconstruct':
/mnt/data/qrx_0936_work/qrx-core/src/storage/qrx_erasure.c:49:5: warning: this 'if' clause does not guard... [-Wmisleading-indentation]
   49 |     if(!s||!s->shards||!s->present||!s->data_shards||!s->parity_shards)return -1;unsigned k=s->data_shards,n=k+s->parity_shards;unsigned avail=0;for(unsigned i=0;i<n;i++)if(s->present[i]&&s->shards[i])avail++;if(avail<k)return -1;
      |     ^~
/mnt/data/qrx_0936_work/qrx-core/src/storage/qrx_erasure.c:49:82: note: ...this statement, but the latter is misleadingly indented as if it were guarded by the 'if'
   49 |     if(!s||!s->shards||!s->present||!s->data_shards||!s->parity_shards)return -1;unsigned k=s->data_shards,n=k+s->parity_shards;unsigned avail=0;for(unsigned i=0;i<n;i++)if(s->present[i]&&s->shards[i])avail++;if(avail<k)return -1;
      |                                                                                  ^~~~~~~~
/mnt/data/qrx_0936_work/qrx-core/src/storage/qrx_erasure.c:54:5: warning: this 'for' clause does not guard... [-Wmisleading-indentation]
   54 |     for(unsigned j=0;j<k;j++)free(orig[j]);free(orig);free(g);free(rows);free(sub);free(inv);return 0;
      |     ^~~
/mnt/data/qrx_0936_work/qrx-core/src/storage/qrx_erasure.c:54:44: note: ...this statement, but the latter is misleadingly indented as if it were guarded by the 'for'
   54 |     for(unsigned j=0;j<k;j++)free(orig[j]);free(orig);free(g);free(rows);free(sub);free(inv);return 0;
      |                                            ^~~~
/mnt/data/qrx_0936_work/qrx-core/src/storage/qrx_erasure.c: In function 'qrx_erasure_encode_file':
/mnt/data/qrx_0936_work/qrx-core/src/storage/qrx_erasure.c:63:5: warning: this 'if' clause does not guard... [-Wmisleading-indentation]
   63 |     if(!source||!outp||!k||!m||k+m>255)return -1;if(!stripe)stripe=128*1024;
      |     ^~
/mnt/data/qrx_0936_work/qrx-core/src/storage/qrx_erasure.c:63:50: note: ...this statement, but the latter is misleadingly indented as if it were guarded by the 'if'
   63 |     if(!source||!outp||!k||!m||k+m>255)return -1;if(!stripe)stripe=128*1024;
      |                                                  ^~
/mnt/data/qrx_0936_work/qrx-core/src/storage/qrx_erasure.c:74:5: warning: this 'if' clause does not guard... [-Wmisleading-indentation]
   74 |     if(fo)for(unsigned i=0;i<n;i++)if(fo[i])fclose(fo[i]);if(rc&&outp)for(unsigned i=0;i<n;i++)if(outp[i])remove(outp[i]);if(db)for(unsigned i=0;i<k;i++)free(db[i]);if(pb)for(unsigned i=0;i<m;i++)free(pb[i]);free(db);free(pb);free(fo);free(g);fclose(in);return rc;
      |     ^~
/mnt/data/qrx_0936_work/qrx-core/src/storage/qrx_erasure.c:74:59: note: ...this statement, but the latter is misleadingly indented as if it were guarded by the 'if'
   74 |     if(fo)for(unsigned i=0;i<n;i++)if(fo[i])fclose(fo[i]);if(rc&&outp)for(unsigned i=0;i<n;i++)if(outp[i])remove(outp[i]);if(db)for(unsigned i=0;i<k;i++)free(db[i]);if(pb)for(unsigned i=0;i<m;i++)free(pb[i]);free(db);free(pb);free(fo);free(g);fclose(in);return rc;
      |                                                           ^~
[ 18%] Building C object CMakeFiles/qrxcore.dir/src/storage/qrx_postor.c.o
[ 18%] Building C object CMakeFiles/qrxcore.dir/src/storage/qrx_storage_transport.c.o
/mnt/data/qrx_0936_work/qrx-core/src/storage/qrx_storage_transport.c: In function 'qrx_storage_multi_provider_fetch':
/mnt/data/qrx_0936_work/qrx-core/src/storage/qrx_storage_transport.c:57:5: warning: this 'if' clause does not guard... [-Wmisleading-indentation]
   57 |     if(stats_out)*stats_out=s.stats;for(size_t i=0;s.shards&&i<k+m;i++)free(s.shards[i]);free(s.shards);free(s.present);pthread_cond_destroy(&s.cv);pthread_mutex_destroy(&s.mu);return rc;
      |     ^~
/mnt/data/qrx_0936_work/qrx-core/src/storage/qrx_storage_transport.c:57:37: note: ...this statement, but the latter is misleadingly indented as if it were guarded by the 'if'
   57 |     if(stats_out)*stats_out=s.stats;for(size_t i=0;s.shards&&i<k+m;i++)free(s.shards[i]);free(s.shards);free(s.present);pthread_cond_destroy(&s.cv);pthread_mutex_destroy(&s.mu);return rc;
      |                                     ^~~
/mnt/data/qrx_0936_work/qrx-core/src/storage/qrx_storage_transport.c: In function 'oid_matches_ctx':
/mnt/data/qrx_0936_work/qrx-core/src/storage/qrx_storage_transport.c:69:5: warning: this 'if' clause does not guard... [-Wmisleading-indentation]
   69 |     if(!m||!want||strlen(want)!=64)return -1;unsigned char h[32];unsigned int hn=0;
      |     ^~
/mnt/data/qrx_0936_work/qrx-core/src/storage/qrx_storage_transport.c:69:46: note: ...this statement, but the latter is misleadingly indented as if it were guarded by the 'if'
   69 |     if(!m||!want||strlen(want)!=64)return -1;unsigned char h[32];unsigned int hn=0;
      |                                              ^~~~~~~~
/mnt/data/qrx_0936_work/qrx-core/src/storage/qrx_storage_transport.c: In function 'qrx_storage_stream_reconstruct_to_file':
/mnt/data/qrx_0936_work/qrx-core/src/storage/qrx_storage_transport.c:74:5: warning: this 'if' clause does not guard... [-Wmisleading-indentation]
   74 |     if(!sources||!n||n<k||!shard_size||!k||!m||k+m>n||!fetch||!out)return -1;if(!stripe)stripe=QRX_STORAGE_DEFAULT_FETCH_RANGE;if(stripe>shard_size)stripe=shard_size;
      |     ^~
/mnt/data/qrx_0936_work/qrx-core/src/storage/qrx_storage_transport.c:74:78: note: ...this statement, but the latter is misleadingly indented as if it were guarded by the 'if'
   74 |     if(!sources||!n||n<k||!shard_size||!k||!m||k+m>n||!fetch||!out)return -1;if(!stripe)stripe=QRX_STORAGE_DEFAULT_FETCH_RANGE;if(stripe>shard_size)stripe=shard_size;
      |                                                                              ^~
/mnt/data/qrx_0936_work/qrx-core/src/storage/qrx_storage_transport.c: In function 'qrx_storage_stream_reconstruct_shard_to_file':
/mnt/data/qrx_0936_work/qrx-core/src/storage/qrx_storage_transport.c:94:5: warning: this 'if' clause does not guard... [-Wmisleading-indentation]
   94 |     if(!stripe)stripe=QRX_STORAGE_DEFAULT_FETCH_RANGE;if(stripe>shard_size)stripe=shard_size;
      |     ^~
/mnt/data/qrx_0936_work/qrx-core/src/storage/qrx_storage_transport.c:94:55: note: ...this statement, but the latter is misleadingly indented as if it were guarded by the 'if'
   94 |     if(!stripe)stripe=QRX_STORAGE_DEFAULT_FETCH_RANGE;if(stripe>shard_size)stripe=shard_size;
      |                                                       ^~
/mnt/data/qrx_0936_work/qrx-core/src/storage/qrx_storage_transport.c:98:5: warning: this 'if' clause does not guard... [-Wmisleading-indentation]
   98 |     if(cn<k||qrx_erasure_reconstruct(&probe)||!probe.shards[target]||EVP_DigestUpdate(tgt_hash,probe.shards[target],first)!=1||fwrite(probe.shards[target],1,first,f)!=first)goto fail;qrx_erasure_free(&probe);
      |     ^~
/mnt/data/qrx_0936_work/qrx-core/src/storage/qrx_storage_transport.c:98:184: note: ...this statement, but the latter is misleadingly indented as if it were guarded by the 'if'
   98 |     if(cn<k||qrx_erasure_reconstruct(&probe)||!probe.shards[target]||EVP_DigestUpdate(tgt_hash,probe.shards[target],first)!=1||fwrite(probe.shards[target],1,first,f)!=first)goto fail;qrx_erasure_free(&probe);
      |                                                                                                                                                                                        ^~~~~~~~~~~~~~~~
[ 19%] Building C object CMakeFiles/qrxcore.dir/src/storage/qrx_storage_network.c.o
/mnt/data/qrx_0936_work/qrx-core/src/storage/qrx_storage_network.c: In function 'secure_temp_open':
/mnt/data/qrx_0936_work/qrx-core/src/storage/qrx_storage_network.c:22:5: warning: this 'if' clause does not guard... [-Wmisleading-indentation]
   22 |     if(!path||cap<64||!out)return -1;*out=NULL;
      |     ^~
/mnt/data/qrx_0936_work/qrx-core/src/storage/qrx_storage_network.c:22:38: note: ...this statement, but the latter is misleadingly indented as if it were guarded by the 'if'
   22 |     if(!path||cap<64||!out)return -1;*out=NULL;
      |                                      ^
/mnt/data/qrx_0936_work/qrx-core/src/storage/qrx_storage_network.c: In function 'qrx_storage_network_upload_file':
/mnt/data/qrx_0936_work/qrx-core/src/storage/qrx_storage_network.c:36:747: warning: operand of '?:' changes signedness from 'long int' to 'long unsigned int' due to unsignedness of other operand [-Wsign-compare]
   36 | int qrx_storage_network_upload_file(const QrxShardProviderSource*s,const char*cid,const char*path){if(!s||!s->endpoint||!s->object_id_hex||!cid||!path)return -1;FILE*f=fopen(path,"rb");if(!f)return -1;if(fseek(f,0,SEEK_END)){fclose(f);return -1;}long ln=ftell(f);if(ln<0||fseek(f,0,SEEK_SET)){fclose(f);return -1;}int fd=connect_ep(s->endpoint);if(fd<0){fclose(f);return fd;}char req[1024];int n=snprintf(req,sizeof(req),"QRXSTOR1 PUT\ncontract=%s\nshard=%u\nobject=%s\nlength=%llu\n\n",cid,s->source.shard_index,s->object_id_hex,(unsigned long long)ln);if(n<=0||n>=(int)sizeof(req)||send_all(fd,req,(size_t)n)){fclose(f);close_socket(fd);return -1;}char buf[65536];long rem=ln;while(rem>0){size_t want=(size_t)(rem>(long)sizeof(buf)?sizeof(buf):rem);size_t r=fread(buf,1,want,f);if(r!=want||send_all(fd,buf,r)){fclose(f);close_socket(fd);return -1;}rem-=(long)r;}fclose(f);char line[64];size_t pos=0;while(pos+1<sizeof(line)){char ch;if(recv_all(fd,&ch,1)){close_socket(fd);return -1;}line[pos++]=ch;if(ch=='\n')break;}line[pos]=0;close_socket(fd);return !strncmp(line,"OK",2)?0:-1;}
      |                                                                                                                                                                                                                                                                                                                                                                                                                                                                                                                                                                                                                                                                                                                                                                           ^~~
[ 19%] Building C object CMakeFiles/qrxcore.dir/src/storage/qrx_transfer_journal.c.o
[ 19%] Building C object CMakeFiles/qrxcore.dir/src/storage/qrx_drive_runtime.c.o
[ 20%] Building C object CMakeFiles/qrxcore.dir/src/storage/qrx_drive_private_pq.c.o
/mnt/data/qrx_0936_work/qrx-core/src/storage/qrx_drive_runtime.c:35:12: warning: 'atomic_write' defined but not used [-Wunused-function]
   35 | static int atomic_write(Job*j,const uint8_t*d,size_t n){char tmp[1200];if(snprintf(tmp,sizeof(tmp),"%s.qrxpart.%s",j->v.path,j->v.transfer_id)>=(int)sizeof(tmp))return -1;FILE*f=fopen(tmp,"wb");if(!f)return -1;size_t p=0;while(p<n){if(wait_gate(j)){fclose(f);remove(tmp);return -1;}size_t z=n-p;if(z>1024*1024)z=1024*1024;if(fwrite(d+p,1,z,f)!=z){fclose(f);remove(tmp);return -1;}p+=z;}if(fflush(f)||fclose(f)){remove(tmp);return -1;}if(rename(tmp,j->v.path)){remove(tmp);return -1;}return 0;}
      |            ^~~~~~~~~~~~
/mnt/data/qrx_0936_work/qrx-core/src/storage/qrx_drive_runtime.c:34:12: warning: 'verify_oid' defined but not used [-Wunused-function]
   34 | static int verify_oid(void*v,uint32_t si,const uint8_t*d,size_t n){FetchCtx*c=v;const char*want=NULL;for(size_t i=0;i<c->source_count;i++)if(c->sources[i].source.shard_index==si){want=c->sources[i].object_id_hex;break;}if(!want||strlen(want)!=64)return -1;unsigned char h[32];unsigned int hn=0;EVP_MD_CTX*m=EVP_MD_CTX_new();if(!m)return -1;int ok=EVP_DigestInit_ex(m,EVP_sha3_256(),NULL)==1&&EVP_DigestUpdate(m,d,n)==1&&EVP_DigestFinal_ex(m,h,&hn)==1&&hn==32;EVP_MD_CTX_free(m);if(!ok)return -1;static const char*x="0123456789abcdef";char got[65];for(int i=0;i<32;i++){got[i*2]=x[h[i]>>4];got[i*2+1]=x[h[i]&15];}got[64]=0;return strcmp(got,want)?-1:0;}
      |            ^~~~~~~~~~
[ 20%] Building C object CMakeFiles/qrxcore.dir/src/storage/qrx_drive_prepare.c.o
[ 21%] Building C object CMakeFiles/qrxcore.dir/src/storage/qrx_drive_contract.c.o
/mnt/data/qrx_0936_work/qrx-core/src/storage/qrx_drive_contract.c: In function 'qrx_drive_contract_id':
/mnt/data/qrx_0936_work/qrx-core/src/storage/qrx_drive_contract.c:14:2: warning: this 'if' clause does not guard... [-Wmisleading-indentation]
   14 |  if(!owner||!*owner||!p||!p->prepare_id[0]||!out)return-1;EVP_MD_CTX*c=EVP_MD_CTX_new();uint8_t h[32];unsigned n=0;static const char d[]="QRX-DRIVE-CONTRACT-V1";
      |  ^~
/mnt/data/qrx_0936_work/qrx-core/src/storage/qrx_drive_contract.c:14:59: note: ...this statement, but the latter is misleadingly indented as if it were guarded by the 'if'
   14 |  if(!owner||!*owner||!p||!p->prepare_id[0]||!out)return-1;EVP_MD_CTX*c=EVP_MD_CTX_new();uint8_t h[32];unsigned n=0;static const char d[]="QRX-DRIVE-CONTRACT-V1";
      |                                                           ^~~~~~~~~~
/mnt/data/qrx_0936_work/qrx-core/src/storage/qrx_drive_contract.c: In function 'qrx_drive_contract_next_step':
/mnt/data/qrx_0936_work/qrx-core/src/storage/qrx_drive_contract.c:22:2: warning: this 'if' clause does not guard... [-Wmisleading-indentation]
   22 |  if(!db||!owner||!*owner||!p||!out||!h)return-1;if(!epochs)epochs=QRX_DRIVE_CONTRACT_DEFAULT_EPOCHS;if(!rate)rate=QRX_DRIVE_CONTRACT_DEFAULT_RATE_ATOMS;if(qrx_drive_prepared_upload_verify_files(p))return-1;memset(out,0,sizeof(*out));out->assignments_required=p->total_shards;out->base_atoms_per_gib_epoch=rate;if(qrx_drive_contract_id(owner,p,out->contract_id))return-1;
      |  ^~
/mnt/data/qrx_0936_work/qrx-core/src/storage/qrx_drive_contract.c:22:49: note: ...this statement, but the latter is misleadingly indented as if it were guarded by the 'if'
   22 |  if(!db||!owner||!*owner||!p||!out||!h)return-1;if(!epochs)epochs=QRX_DRIVE_CONTRACT_DEFAULT_EPOCHS;if(!rate)rate=QRX_DRIVE_CONTRACT_DEFAULT_RATE_ATOMS;if(qrx_drive_prepared_upload_verify_files(p))return-1;memset(out,0,sizeof(*out));out->assignments_required=p->total_shards;out->base_atoms_per_gib_epoch=rate;if(qrx_drive_contract_id(owner,p,out->contract_id))return-1;
      |                                                 ^~
/mnt/data/qrx_0936_work/qrx-core/src/storage/qrx_drive_contract.c:24:2: warning: this 'if' clause does not guard... [-Wmisleading-indentation]
   24 |  if(contract_matches(&c,owner,p,rate))return-1;out->end_height=c.end_height;for(unsigned i=0;i<p->total_shards;i++){QrxStorageAssignmentRecord a;if(qrx_storage_assignment_get(db,out->contract_id,i,&a)==0){if(strcmp(a.object_id,p->shard_object_ids[i])||CRYPTO_memcmp(a.merkle_root,p->shard_merkle_roots[i],64)||a.leaf_count!=p->shard_leaf_counts[i])return-1;out->assignments_present++;continue;}char provider[129],mr[129];if(qrx_storage_assignment_provider_for_height(db,out->contract_id,p->shard_bytes,h+1,provider))return-1;hex64(p->shard_merkle_roots[i],mr);out->kind=QRX_DRIVE_CONTRACT_ASSIGN;out->shard_index=i;snprintf(out->tx_type,sizeof(out->tx_type),"STORAGE_ASSIGN");snprintf(out->to,sizeof(out->to),"%s",provider);snprintf(out->payload,sizeof(out->payload),"contract_id=%s;shard_index=%u;object_id=%s;merkle_root_hex=%s;leaf_count=%llu",out->contract_id,i,p->shard_object_ids[i],mr,(unsigned long long)p->shard_leaf_counts[i]);return 0;}
      |  ^~
/mnt/data/qrx_0936_work/qrx-core/src/storage/qrx_drive_contract.c:24:48: note: ...this statement, but the latter is misleadingly indented as if it were guarded by the 'if'
   24 |  if(contract_matches(&c,owner,p,rate))return-1;out->end_height=c.end_height;for(unsigned i=0;i<p->total_shards;i++){QrxStorageAssignmentRecord a;if(qrx_storage_assignment_get(db,out->contract_id,i,&a)==0){if(strcmp(a.object_id,p->shard_object_ids[i])||CRYPTO_memcmp(a.merkle_root,p->shard_merkle_roots[i],64)||a.leaf_count!=p->shard_leaf_counts[i])return-1;out->assignments_present++;continue;}char provider[129],mr[129];if(qrx_storage_assignment_provider_for_height(db,out->contract_id,p->shard_bytes,h+1,provider))return-1;hex64(p->shard_merkle_roots[i],mr);out->kind=QRX_DRIVE_CONTRACT_ASSIGN;out->shard_index=i;snprintf(out->tx_type,sizeof(out->tx_type),"STORAGE_ASSIGN");snprintf(out->to,sizeof(out->to),"%s",provider);snprintf(out->payload,sizeof(out->payload),"contract_id=%s;shard_index=%u;object_id=%s;merkle_root_hex=%s;leaf_count=%llu",out->contract_id,i,p->shard_object_ids[i],mr,(unsigned long long)p->shard_leaf_counts[i]);return 0;}
      |                                                ^~~
/mnt/data/qrx_0936_work/qrx-core/src/storage/qrx_drive_prepare.c: In function 'qrx_drive_prepare_public_signed_upload':
/mnt/data/qrx_0936_work/qrx-core/src/storage/qrx_drive_prepare.c:58:1767: warning: invalid use of pointers to arrays with different qualifiers in ISO C before C23 [-Wpedantic]
   58 | int qrx_drive_prepare_public_signed_upload(const char*root,const char*source,const char*profile,unsigned k,unsigned m,EVP_PKEY*signer,QrxDrivePreparedUpload*out){if(!root||!source||!profile||!k||!m||k+m>QRX_DRIVE_PREPARE_MAX_SHARDS||!signer||!out)return-1;memset(out,0,sizeof(*out));unsigned char rnd[6];if(RAND_bytes(rnd,sizeof(rnd))!=1)return-1;char rh[13];hexbytes(rnd,sizeof(rnd),rh);snprintf(out->prepare_id,sizeof(out->prepare_id),"web-%llu-%ld-%s",(unsigned long long)time(NULL),(long)GETPID,rh);snprintf(out->package_dir,sizeof(out->package_dir),"%s/%s",root,out->prepare_id);if(mkdir1(root)||mkdir1(out->package_dir))return-1;snprintf(out->encrypted_path,sizeof(out->encrypted_path),"%s/public-signed.bin",out->package_dir);if(qrx_file_copy_stream(source,out->encrypted_path,&out->plaintext_bytes))return-1;out->ciphertext_bytes=out->plaintext_bytes;out->data_shards=k;out->parity_shards=m;out->total_shards=k+m;const char*paths[QRX_DRIVE_PREPARE_MAX_SHARDS];for(unsigned i=0;i<out->total_shards;i++){snprintf(out->shard_paths[i],sizeof(out->shard_paths[i]),"%s/shard-%02u.bin",out->package_dir,i);paths[i]=out->shard_paths[i];}uint64_t orig=0,ss=0;if(qrx_erasure_encode_file(out->encrypted_path,k,m,paths,128*1024,&orig,&ss)||orig!=out->plaintext_bytes||!ss)return-1;out->shard_bytes=ss;memset(&out->manifest,0,sizeof(out->manifest));out->manifest.version=QRX_DRIVE_MANIFEST_VERSION;snprintf(out->manifest.crypto_suite,sizeof(out->manifest.crypto_suite),"%s",QRX_DRIVE_SUITE_PUBLIC_SIGNED);snprintf(out->manifest.profile,sizeof(out->manifest.profile),"%s",profile);out->manifest.plaintext_bytes=out->plaintext_bytes;out->manifest.ciphertext_bytes=out->ciphertext_bytes;out->manifest.data_shards=k;out->manifest.parity_shards=m;if(qrx_hash_all_shards512(out->shard_paths,out->total_shards,out->manifest.ciphertext_root))return-1;for(unsigned i=0;i<out->total_shards;i++){uint64_t sz=0;if(file_hash256_hex(out->shard_paths[i],out->shard_object_ids[i])||qrx_file_hash512_raw(out->shard_paths[i],out->manifest.shard_roots[i])||qrx_file_merkle_bounded(out->shard_paths[i],out->shard_merkle_roots[i],&out->shard_leaf_counts[i],&sz)||sz!=ss)return-1;}if(qrx_drive_manifest_hash(&out->manifest,out->manifest_hash)||qrx_drive_manifest_sign(signer,&out->manifest,&out->manifest_signature,&out->manifest_signature_len)){qrx_drive_prepared_upload_free(out);return-1;}if(qrx_drive_prepared_upload_save(out)){qrx_drive_prepared_upload_free(out);return-1;}return 0;}
      |                                                                                                                                                                                                                                                                                                                                                                                                                                                                                                                                                                                                                                                                                                                                                                                                                                                                                                                                                                                                                                                                                                                                                                                                                                                                                                                                                                                                                                                                                                                                                                                                                                                                                                                                                                                                                                    ~~~^~~~~~~~~~~~~
[ 21%] Building C object CMakeFiles/qrxcore.dir/src/storage/qrx_storage_p2p.c.o
[ 21%] Building C object CMakeFiles/qrxcore.dir/src/storage/qrx_storage_activation.c.o
[ 22%] Building C object CMakeFiles/qrxcore.dir/src/storage/qrx_storage_postor_runtime.c.o
/mnt/data/qrx_0936_work/qrx-core/src/storage/qrx_storage_postor_runtime.c: In function 'read_leaf':
/mnt/data/qrx_0936_work/qrx-core/src/storage/qrx_storage_postor_runtime.c:14:5: warning: this 'if' clause does not guard... [-Wmisleading-indentation]
   14 |     if(!fs||!oid||!out||!len)return -1;*out=NULL;*len=0;uint64_t off=idx*(uint64_t)QRX_DRIVE_POSTOR_LEAF_BYTES;if(off>=bytes)return -1;uint64_t rem=bytes-off;size_t want=(size_t)(rem>QRX_DRIVE_POSTOR_LEAF_BYTES?QRX_DRIVE_POSTOR_LEAF_BYTES:rem);return qrx_storage_fs_read_range(fs,oid,off,want,out,len)||*len!=want?-1:0;
      |     ^~
/mnt/data/qrx_0936_work/qrx-core/src/storage/qrx_storage_postor_runtime.c:14:40: note: ...this statement, but the latter is misleadingly indented as if it were guarded by the 'if'
   14 |     if(!fs||!oid||!out||!len)return -1;*out=NULL;*len=0;uint64_t off=idx*(uint64_t)QRX_DRIVE_POSTOR_LEAF_BYTES;if(off>=bytes)return -1;uint64_t rem=bytes-off;size_t want=(size_t)(rem>QRX_DRIVE_POSTOR_LEAF_BYTES?QRX_DRIVE_POSTOR_LEAF_BYTES:rem);return qrx_storage_fs_read_range(fs,oid,off,want,out,len)||*len!=want?-1:0;
      |                                        ^
/mnt/data/qrx_0936_work/qrx-core/src/storage/qrx_storage_postor_runtime.c: In function 'subtree_root':
/mnt/data/qrx_0936_work/qrx-core/src/storage/qrx_storage_postor_runtime.c:17:5: warning: this 'if' clause does not guard... [-Wmisleading-indentation]
   17 |     if(!width||!leaf_count)return -1;if(width==1){uint64_t idx=start<(size_t)leaf_count?(uint64_t)start:leaf_count-1;unsigned char*b=NULL;size_t n=0;if(read_leaf(fs,oid,bytes,idx,&b,&n))return -1;int rc=qrx_merkle_leaf_hash(idx,b,n,out);OPENSSL_cleanse(b,n);free(b);return rc;}
      |     ^~
/mnt/data/qrx_0936_work/qrx-core/src/storage/qrx_storage_postor_runtime.c:17:38: note: ...this statement, but the latter is misleadingly indented as if it were guarded by the 'if'
   17 |     if(!width||!leaf_count)return -1;if(width==1){uint64_t idx=start<(size_t)leaf_count?(uint64_t)start:leaf_count-1;unsigned char*b=NULL;size_t n=0;if(read_leaf(fs,oid,bytes,idx,&b,&n))return -1;int rc=qrx_merkle_leaf_hash(idx,b,n,out);OPENSSL_cleanse(b,n);free(b);return rc;}
      |                                      ^~
/mnt/data/qrx_0936_work/qrx-core/src/storage/qrx_storage_postor_runtime.c: In function 'qrx_storage_postor_build_local':
/mnt/data/qrx_0936_work/qrx-core/src/storage/qrx_storage_postor_runtime.c:28:5: warning: this 'if' clause does not guard... [-Wmisleading-indentation]
   28 |     if(!db||!fs||!provider||!d||!leaf||!leafn||!proof||d->health==QRX_POSTOR_HEALTH_ACTIVE)return-1;QrxStorageAssignmentRecord a;if(qrx_storage_assignment_get(db,d->contract_id,d->shard_index,&a)||strcmp(a.provider_id,provider)||strcmp(a.object_id,d->object_id)||a.physical_bytes!=d->physical_bytes||a.leaf_count!=d->leaf_count||d->leaf_index>=d->leaf_count)return-1;unsigned char*b=NULL;size_t n=0;if(read_leaf(fs,d->object_id,d->physical_bytes,d->leaf_index,&b,&n))return-1;size_t width=pow2_ceil_u64(d->leaf_count);if(!width){free(b);return-1;}memset(proof,0,sizeof(*proof));proof->leaf_index=d->leaf_index;proof->leaf_count=d->leaf_count;size_t idx=(size_t)d->leaf_index,block=1;while(block<width){if(proof->depth>=QRX_MERKLE_MAX_DEPTH){free(b);return-1;}size_t group=idx/block,sibling_group=group^1u,start=sibling_group*block;if(subtree_root(fs,d->object_id,d->physical_bytes,d->leaf_count,start,block,proof->siblings[proof->depth])){OPENSSL_cleanse(b,n);free(b);return-1;}proof->depth++;block<<=1;}
      |     ^~
/mnt/data/qrx_0936_work/qrx-core/src/storage/qrx_storage_postor_runtime.c:28:101: note: ...this statement, but the latter is misleadingly indented as if it were guarded by the 'if'
   28 |     if(!db||!fs||!provider||!d||!leaf||!leafn||!proof||d->health==QRX_POSTOR_HEALTH_ACTIVE)return-1;QrxStorageAssignmentRecord a;if(qrx_storage_assignment_get(db,d->contract_id,d->shard_index,&a)||strcmp(a.provider_id,provider)||strcmp(a.object_id,d->object_id)||a.physical_bytes!=d->physical_bytes||a.leaf_count!=d->leaf_count||d->leaf_index>=d->leaf_count)return-1;unsigned char*b=NULL;size_t n=0;if(read_leaf(fs,d->object_id,d->physical_bytes,d->leaf_index,&b,&n))return-1;size_t width=pow2_ceil_u64(d->leaf_count);if(!width){free(b);return-1;}memset(proof,0,sizeof(*proof));proof->leaf_index=d->leaf_index;proof->leaf_count=d->leaf_count;size_t idx=(size_t)d->leaf_index,block=1;while(block<width){if(proof->depth>=QRX_MERKLE_MAX_DEPTH){free(b);return-1;}size_t group=idx/block,sibling_group=group^1u,start=sibling_group*block;if(subtree_root(fs,d->object_id,d->physical_bytes,d->leaf_count,start,block,proof->siblings[proof->depth])){OPENSSL_cleanse(b,n);free(b);return-1;}proof->depth++;block<<=1;}
      |                                                                                                     ^~~~~~~~~~~~~~~~~~~~~~~~~~
[ 22%] Building C object CMakeFiles/qrxcore.dir/src/storage/qrx_storage_repair_runtime.c.o
[ 22%] Building C object CMakeFiles/qrxcore.dir/src/storage/qrx_storage_discovery.c.o
/mnt/data/qrx_0936_work/qrx-core/src/storage/qrx_storage_discovery.c: In function 'qrx_storage_announcement_canonical':
/mnt/data/qrx_0936_work/qrx-core/src/storage/qrx_storage_discovery.c:28:5: warning: this 'if' clause does not guard... [-Wmisleading-indentation]
   28 |     if(!a||!out||!out_len)return -1;*out=NULL;*out_len=0;
      |     ^~
/mnt/data/qrx_0936_work/qrx-core/src/storage/qrx_storage_discovery.c:28:37: note: ...this statement, but the latter is misleadingly indented as if it were guarded by the 'if'
   28 |     if(!a||!out||!out_len)return -1;*out=NULL;*out_len=0;
      |                                     ^
/mnt/data/qrx_0936_work/qrx-core/src/storage/qrx_storage_discovery.c:34:5: warning: this 'if' clause does not guard... [-Wmisleading-indentation]
   34 |     if(n<=0)return -1;uint8_t*b=malloc((size_t)n+1);if(!b)return -1;
      |     ^~
/mnt/data/qrx_0936_work/qrx-core/src/storage/qrx_storage_discovery.c:34:23: note: ...this statement, but the latter is misleadingly indented as if it were guarded by the 'if'
   34 |     if(n<=0)return -1;uint8_t*b=malloc((size_t)n+1);if(!b)return -1;
      |                       ^~~~~~~
/mnt/data/qrx_0936_work/qrx-core/src/storage/qrx_storage_discovery.c: In function 'qrx_storage_announcement_sign':
/mnt/data/qrx_0936_work/qrx-core/src/storage/qrx_storage_discovery.c:50:5: warning: this 'if' clause does not guard... [-Wmisleading-indentation]
   50 |     if(!k||!a||!sig||!slen)return -1;*sig=NULL;*slen=0;uint8_t h[64];if(qrx_storage_announcement_hash(a,h))return -1;
      |     ^~
/mnt/data/qrx_0936_work/qrx-core/src/storage/qrx_storage_discovery.c:50:38: note: ...this statement, but the latter is misleadingly indented as if it were guarded by the 'if'
   50 |     if(!k||!a||!sig||!slen)return -1;*sig=NULL;*slen=0;uint8_t h[64];if(qrx_storage_announcement_hash(a,h))return -1;
      |                                      ^
/mnt/data/qrx_0936_work/qrx-core/src/storage/qrx_storage_discovery.c: In function 'qrx_storage_announcement_verify':
/mnt/data/qrx_0936_work/qrx-core/src/storage/qrx_storage_discovery.c:57:5: warning: this 'if' clause does not guard... [-Wmisleading-indentation]
   57 |     if(!k||!a||!sig||!slen)return -1;uint8_t h[64];if(qrx_storage_announcement_hash(a,h))return -1;
      |     ^~
/mnt/data/qrx_0936_work/qrx-core/src/storage/qrx_storage_discovery.c:57:38: note: ...this statement, but the latter is misleadingly indented as if it were guarded by the 'if'
   57 |     if(!k||!a||!sig||!slen)return -1;uint8_t h[64];if(qrx_storage_announcement_hash(a,h))return -1;
      |                                      ^~~~~~~
/mnt/data/qrx_0936_work/qrx-core/src/storage/qrx_storage_discovery.c: In function 'qrx_storage_discovery_merge':
/mnt/data/qrx_0936_work/qrx-core/src/storage/qrx_storage_discovery.c:80:5: warning: this 'if' clause does not guard... [-Wmisleading-indentation]
   80 |     if(!dst||!src)return -1;int accepted=0;for(size_t i=0;i<src->count;i++){const QrxStorageDiscoveryEntry*e=&src->entries[i];if(qrx_storage_discovery_ingest(dst,db,&e->announcement,e->signature,e->signature_len,h,lookup,kctx)==0)accepted++;}return accepted;
      |     ^~
/mnt/data/qrx_0936_work/qrx-core/src/storage/qrx_storage_discovery.c:80:29: note: ...this statement, but the latter is misleadingly indented as if it were guarded by the 'if'
   80 |     if(!dst||!src)return -1;int accepted=0;for(size_t i=0;i<src->count;i++){const QrxStorageDiscoveryEntry*e=&src->entries[i];if(qrx_storage_discovery_ingest(dst,db,&e->announcement,e->signature,e->signature_len,h,lookup,kctx)==0)accepted++;}return accepted;
      |                             ^~~
/mnt/data/qrx_0936_work/qrx-core/src/storage/qrx_storage_discovery.c: In function 'discovery_sources_for_contract_state':
/mnt/data/qrx_0936_work/qrx-core/src/storage/qrx_storage_discovery.c:83:5: warning: this 'if' clause does not guard... [-Wmisleading-indentation]
   83 |     if(!t||!db||!cid||!*cid||!out||!nout||!cap)return -1;*nout=0;qrx_storage_discovery_prune(t,h);
      |     ^~
/mnt/data/qrx_0936_work/qrx-core/src/storage/qrx_storage_discovery.c:83:58: note: ...this statement, but the latter is misleadingly indented as if it were guarded by the 'if'
   83 |     if(!t||!db||!cid||!*cid||!out||!nout||!cap)return -1;*nout=0;qrx_storage_discovery_prune(t,h);
      |                                                          ^
/mnt/data/qrx_0936_work/qrx-core/src/storage/qrx_storage_discovery.c:92:5: warning: this 'if' clause does not guard... [-Wmisleading-indentation]
   92 |     if(!n)return -1;QrxShardSource raw[QRX_STORAGE_MAX_FETCH_SOURCES];for(size_t i=0;i<n;i++)raw[i]=tmp[i].source;QrxShardFetchPlan plan;
      |     ^~
/mnt/data/qrx_0936_work/qrx-core/src/storage/qrx_storage_discovery.c:92:21: note: ...this statement, but the latter is misleadingly indented as if it were guarded by the 'if'
   92 |     if(!n)return -1;QrxShardSource raw[QRX_STORAGE_MAX_FETCH_SOURCES];for(size_t i=0;i<n;i++)raw[i]=tmp[i].source;QrxShardFetchPlan plan;
      |                     ^~~~~~~~~~~~~~
/mnt/data/qrx_0936_work/qrx-core/src/storage/qrx_storage_discovery.c: In function 'qrx_storage_discovery_wire_encode':
/mnt/data/qrx_0936_work/qrx-core/src/storage/qrx_storage_discovery.c:105:5: warning: this 'if' clause does not guard... [-Wmisleading-indentation]
  105 |     if(!a||!sig||!sl||sl>65535||!out||!outn)return -1;uint8_t*c=NULL;size_t cn=0;if(qrx_storage_announcement_canonical(a,&c,&cn)||cn>65535)return -1;
      |     ^~
/mnt/data/qrx_0936_work/qrx-core/src/storage/qrx_storage_discovery.c:105:55: note: ...this statement, but the latter is misleadingly indented as if it were guarded by the 'if'
  105 |     if(!a||!sig||!sl||sl>65535||!out||!outn)return -1;uint8_t*c=NULL;size_t cn=0;if(qrx_storage_announcement_canonical(a,&c,&cn)||cn>65535)return -1;
      |                                                       ^~~~~~~
/mnt/data/qrx_0936_work/qrx-core/src/storage/qrx_storage_discovery.c: In function 'qrx_storage_discovery_wire_decode':
/mnt/data/qrx_0936_work/qrx-core/src/storage/qrx_storage_discovery.c:109:5: warning: this 'if' clause does not guard... [-Wmisleading-indentation]
  109 |     if(!in||n<16||!a||!sig||!sl||memcmp(in,"QRXDISC1",8))return -1;uint32_t cn=get_u32_be(in+8);if(cn>65535||12ULL+cn+4>n)return -1;uint32_t sn=get_u32_be(in+12+cn);if(!sn||sn>65535||16ULL+cn+sn!=n)return -1;
      |     ^~
/mnt/data/qrx_0936_work/qrx-core/src/storage/qrx_storage_discovery.c:109:68: note: ...this statement, but the latter is misleadingly indented as if it were guarded by the 'if'
  109 |     if(!in||n<16||!a||!sig||!sl||memcmp(in,"QRXDISC1",8))return -1;uint32_t cn=get_u32_be(in+8);if(cn>65535||12ULL+cn+4>n)return -1;uint32_t sn=get_u32_be(in+12+cn);if(!sn||sn>65535||16ULL+cn+sn!=n)return -1;
      |                                                                    ^~~~~~~~
[ 23%] Building C object CMakeFiles/qrxcore.dir/src/net/qrx_net_name.c.o
[ 23%] Building C object CMakeFiles/qrxcore.dir/src/net/qrx_net_consensus.c.o
[ 23%] Building C object CMakeFiles/qrxcore.dir/src/net/qrx_net_resolver.c.o
/mnt/data/qrx_0936_work/qrx-core/src/net/qrx_net_resolver.c: In function 'qrx_browser_resolve_input':
/mnt/data/qrx_0936_work/qrx-core/src/net/qrx_net_resolver.c:9:587: warning: '%s' directive output may be truncated writing up to 1023 bytes into a region of size 1016 [-Wformat-truncation=]
    9 |     char host[254],path[768];if(copy_host_path(rest,host,sizeof(host),path,sizeof(path))!=0)return -1;char norm[254];if(qrx_domain_normalize(host,norm)==0){o->route=QRX_BROWSER_ROUTE_QRX;o->dns_allowed=0;strcpy(o->qrx_name,norm);strcpy(o->path,path);snprintf(o->canonical_url,sizeof(o->canonical_url),"qrx://%s%s",norm,path);return 0;}if(explicit_qrx)return -1;o->route=QRX_BROWSER_ROUTE_WWW;o->dns_allowed=1;if(!strncmp(s,"http://",7)||!strncmp(s,"https://",8))snprintf(o->canonical_url,sizeof(o->canonical_url),"%s",s);else snprintf(o->canonical_url,sizeof(o->canonical_url),"https://%s",s);return 0;}
      |                                                                                                                                                                                                                                                                                                                                                                                                                                                                                                                                                                                                           ^~  ~
/mnt/data/qrx_0936_work/qrx-core/src/net/qrx_net_resolver.c:9:527: note: 'snprintf' output between 9 and 1032 bytes into a destination of size 1024
    9 |     char host[254],path[768];if(copy_host_path(rest,host,sizeof(host),path,sizeof(path))!=0)return -1;char norm[254];if(qrx_domain_normalize(host,norm)==0){o->route=QRX_BROWSER_ROUTE_QRX;o->dns_allowed=0;strcpy(o->qrx_name,norm);strcpy(o->path,path);snprintf(o->canonical_url,sizeof(o->canonical_url),"qrx://%s%s",norm,path);return 0;}if(explicit_qrx)return -1;o->route=QRX_BROWSER_ROUTE_WWW;o->dns_allowed=1;if(!strncmp(s,"http://",7)||!strncmp(s,"https://",8))snprintf(o->canonical_url,sizeof(o->canonical_url),"%s",s);else snprintf(o->canonical_url,sizeof(o->canonical_url),"https://%s",s);return 0;}
      |                                                                                                                                                                                                                                                                                                                                                                                                                                                                                                                                               ^~~~~~~~~~~~~~~~~~~~~~~~~~~~~~~~~~~~~~~~~~~~~~~~~~~~~~~~~~~~~~~~~~
/mnt/data/qrx_0936_work/qrx-core/src/net/qrx_net_resolver.c:9:311: warning: '%s' directive output may be truncated writing up to 767 bytes into a region of size between 765 and 1018 [-Wformat-truncation=]
    9 |     char host[254],path[768];if(copy_host_path(rest,host,sizeof(host),path,sizeof(path))!=0)return -1;char norm[254];if(qrx_domain_normalize(host,norm)==0){o->route=QRX_BROWSER_ROUTE_QRX;o->dns_allowed=0;strcpy(o->qrx_name,norm);strcpy(o->path,path);snprintf(o->canonical_url,sizeof(o->canonical_url),"qrx://%s%s",norm,path);return 0;}if(explicit_qrx)return -1;o->route=QRX_BROWSER_ROUTE_WWW;o->dns_allowed=1;if(!strncmp(s,"http://",7)||!strncmp(s,"https://",8))snprintf(o->canonical_url,sizeof(o->canonical_url),"%s",s);else snprintf(o->canonical_url,sizeof(o->canonical_url),"https://%s",s);return 0;}
      |                                                                                                                                                                                                                                                                                                                       ^~       ~~~~
/mnt/data/qrx_0936_work/qrx-core/src/net/qrx_net_resolver.c:9:251: note: 'snprintf' output between 7 and 1027 bytes into a destination of size 1024
    9 |     char host[254],path[768];if(copy_host_path(rest,host,sizeof(host),path,sizeof(path))!=0)return -1;char norm[254];if(qrx_domain_normalize(host,norm)==0){o->route=QRX_BROWSER_ROUTE_QRX;o->dns_allowed=0;strcpy(o->qrx_name,norm);strcpy(o->path,path);snprintf(o->canonical_url,sizeof(o->canonical_url),"qrx://%s%s",norm,path);return 0;}if(explicit_qrx)return -1;o->route=QRX_BROWSER_ROUTE_WWW;o->dns_allowed=1;if(!strncmp(s,"http://",7)||!strncmp(s,"https://",8))snprintf(o->canonical_url,sizeof(o->canonical_url),"%s",s);else snprintf(o->canonical_url,sizeof(o->canonical_url),"https://%s",s);return 0;}
      |                                                                                                                                                                                                                                                           ^~~~~~~~~~~~~~~~~~~~~~~~~~~~~~~~~~~~~~~~~~~~~~~~~~~~~~~~~~~~~~~~~~~~~~~~~~
/mnt/data/qrx_0936_work/qrx-core/src/net/qrx_net_resolver.c:7:469: warning: '%s' directive output may be truncated writing up to 1023 bytes into a region of size 1017 [-Wformat-truncation=]
    7 | int qrx_browser_resolve_input(const char *in,QrxBrowserResolution *o){if(!in||!o)return -1;while(isspace((unsigned char)*in))in++;size_t len=strlen(in);while(len&&isspace((unsigned char)in[len-1]))len--;if(!len||len>=QRX_BROWSER_URL_MAX)return -1;char s[QRX_BROWSER_URL_MAX];memcpy(s,in,len);s[len]=0;memset(o,0,sizeof(*o));if(strchr(s,' ')||strchr(s,'\t')){o->route=QRX_BROWSER_ROUTE_SEARCH;o->dns_allowed=1;snprintf(o->canonical_url,sizeof(o->canonical_url),"search:%s",s);return 0;}
      |                                                                                                                                                                                                                                                                                                                                                                                                                                                                                     ^~  ~
/mnt/data/qrx_0936_work/qrx-core/src/net/qrx_net_resolver.c:7:410: note: 'snprintf' output between 8 and 1031 bytes into a destination of size 1024
    7 | int qrx_browser_resolve_input(const char *in,QrxBrowserResolution *o){if(!in||!o)return -1;while(isspace((unsigned char)*in))in++;size_t len=strlen(in);while(len&&isspace((unsigned char)in[len-1]))len--;if(!len||len>=QRX_BROWSER_URL_MAX)return -1;char s[QRX_BROWSER_URL_MAX];memcpy(s,in,len);s[len]=0;memset(o,0,sizeof(*o));if(strchr(s,' ')||strchr(s,'\t')){o->route=QRX_BROWSER_ROUTE_SEARCH;o->dns_allowed=1;snprintf(o->canonical_url,sizeof(o->canonical_url),"search:%s",s);return 0;}
      |                                                                                                                                                                                                                                                                                                                                                                                                                          ^~~~~~~~~~~~~~~~~~~~~~~~~~~~~~~~~~~~~~~~~~~~~~~~~~~~~~~~~~~~~~~~~
[ 24%] Building C object CMakeFiles/qrxcore.dir/src/net/qrx_net_registry.c.o
[ 24%] Building C object CMakeFiles/qrxcore.dir/src/net/qrx_net_site.c.o
[ 25%] Building C object CMakeFiles/qrxcore.dir/src/net/qrx_net_publisher.c.o
/mnt/data/qrx_0936_work/qrx-core/src/net/qrx_net_publisher.c: In function 'qrx_net_publisher_export_distribution':
/mnt/data/qrx_0936_work/qrx-core/src/net/qrx_net_publisher.c:73:2: warning: this 'if' clause does not guard... [-Wmisleading-indentation]
   73 |  if(fflush(out)||fclose(out))rc=-1;if(rc)remove(outp);return rc;}
      |  ^~
/mnt/data/qrx_0936_work/qrx-core/src/net/qrx_net_publisher.c:73:36: note: ...this statement, but the latter is misleadingly indented as if it were guarded by the 'if'
   73 |  if(fflush(out)||fclose(out))rc=-1;if(rc)remove(outp);return rc;}
      |                                    ^~
/mnt/data/qrx_0936_work/qrx-core/src/net/qrx_net_publisher.c: In function 'qrx_net_publisher_extract_file':
/mnt/data/qrx_0936_work/qrx-core/src/net/qrx_net_publisher.c:81:2: warning: this 'if' clause does not guard... [-Wmisleading-indentation]
   81 |  if(!rc&&fgetc(f)!=EOF)rc=-1;fclose(f);if(rc||!*data_out){free(*data_out);*data_out=NULL;*len_out=0;qrx_net_published_site_free(site_out);return-1;}return 0;}
      |  ^~
/mnt/data/qrx_0936_work/qrx-core/src/net/qrx_net_publisher.c:81:30: note: ...this statement, but the latter is misleadingly indented as if it were guarded by the 'if'
   81 |  if(!rc&&fgetc(f)!=EOF)rc=-1;fclose(f);if(rc||!*data_out){free(*data_out);*data_out=NULL;*len_out=0;qrx_net_published_site_free(site_out);return-1;}return 0;}
      |                              ^~~~~~
/mnt/data/qrx_0936_work/qrx-core/src/net/qrx_net_publisher.c: In function 'pub_node_hash77':
/mnt/data/qrx_0936_work/qrx-core/src/net/qrx_net_publisher.c:92:5: warning: this 'if' clause does not guard... [-Wmisleading-indentation]
   92 |     if(c&&EVP_DigestInit_ex(c,EVP_sha3_512(),NULL)==1&&EVP_DigestUpdate(c,dom,sizeof(dom)-1)==1&&EVP_DigestUpdate(c,left,64)==1&&EVP_DigestUpdate(c,right,64)==1&&EVP_DigestFinal_ex(c,out,&n)==1&&n==64)rc=0;EVP_MD_CTX_free(c);return rc;
      |     ^~
/mnt/data/qrx_0936_work/qrx-core/src/net/qrx_net_publisher.c:92:207: note: ...this statement, but the latter is misleadingly indented as if it were guarded by the 'if'
   92 |     if(c&&EVP_DigestInit_ex(c,EVP_sha3_512(),NULL)==1&&EVP_DigestUpdate(c,dom,sizeof(dom)-1)==1&&EVP_DigestUpdate(c,left,64)==1&&EVP_DigestUpdate(c,right,64)==1&&EVP_DigestFinal_ex(c,out,&n)==1&&n==64)rc=0;EVP_MD_CTX_free(c);return rc;
      |                                                                                                                                                                                                               ^~~~~~~~~~~~~~~
/mnt/data/qrx_0936_work/qrx-core/src/net/qrx_net_publisher.c: In function 'pub_verify_stream_file77':
/mnt/data/qrx_0936_work/qrx-core/src/net/qrx_net_publisher.c:99:5: warning: this 'if' clause does not guard... [-Wmisleading-indentation]
   99 |     if(!f||!e)return -1;EVP_MD_CTX*c=EVP_MD_CTX_new();if(!c)return -1;static const char dom[]="QRX-NET-CONTENT-V1";int rc=-1;unsigned int hn=0;uint8_t content[64],buf[64*1024],last[64];PubMerkleAcc77 a;memset(&a,0,sizeof(a));
      |     ^~
/mnt/data/qrx_0936_work/qrx-core/src/net/qrx_net_publisher.c:99:25: note: ...this statement, but the latter is misleadingly indented as if it were guarded by the 'if'
   99 |     if(!f||!e)return -1;EVP_MD_CTX*c=EVP_MD_CTX_new();if(!c)return -1;static const char dom[]="QRX-NET-CONTENT-V1";int rc=-1;unsigned int hn=0;uint8_t content[64],buf[64*1024],last[64];PubMerkleAcc77 a;memset(&a,0,sizeof(a));
      |                         ^~~~~~~~~~
/mnt/data/qrx_0936_work/qrx-core/src/net/qrx_net_publisher.c:100:5: warning: this 'if' clause does not guard... [-Wmisleading-indentation]
  100 |     if(EVP_DigestInit_ex(c,EVP_sha3_512(),NULL)!=1||EVP_DigestUpdate(c,dom,sizeof(dom)-1)!=1)goto done;uint64_t rem=e->size,idx=0;
      |     ^~
/mnt/data/qrx_0936_work/qrx-core/src/net/qrx_net_publisher.c:100:104: note: ...this statement, but the latter is misleadingly indented as if it were guarded by the 'if'
  100 |     if(EVP_DigestInit_ex(c,EVP_sha3_512(),NULL)!=1||EVP_DigestUpdate(c,dom,sizeof(dom)-1)!=1)goto done;uint64_t rem=e->size,idx=0;
      |                                                                                                        ^~~~~~~~
/mnt/data/qrx_0936_work/qrx-core/src/net/qrx_net_publisher.c:103:5: warning: this 'if' clause does not guard... [-Wmisleading-indentation]
  103 |     if(EVP_DigestFinal_ex(c,content,&hn)!=1||hn!=64||CRYPTO_memcmp(content,e->content_hash,64))goto done;uint8_t mr[64];if(pub_merkle_finish77(&a,last,mr)||CRYPTO_memcmp(mr,e->merkle_root,64))goto done;rc=0;
      |     ^~
/mnt/data/qrx_0936_work/qrx-core/src/net/qrx_net_publisher.c:103:106: note: ...this statement, but the latter is misleadingly indented as if it were guarded by the 'if'
  103 |     if(EVP_DigestFinal_ex(c,content,&hn)!=1||hn!=64||CRYPTO_memcmp(content,e->content_hash,64))goto done;uint8_t mr[64];if(pub_merkle_finish77(&a,last,mr)||CRYPTO_memcmp(mr,e->merkle_root,64))goto done;rc=0;
      |                                                                                                          ^~~~~~~
/mnt/data/qrx_0936_work/qrx-core/src/net/qrx_net_publisher.c: In function 'qrx_net_publisher_verify_distribution':
/mnt/data/qrx_0936_work/qrx-core/src/net/qrx_net_publisher.c:107:5: warning: this 'if' clause does not guard... [-Wmisleading-indentation]
  107 |     if(!dist||!r)return -1;if(out)memset(out,0,sizeof(*out));FILE*f=fopen(dist,"rb");if(!f)return -1;char magic[7];uint32_t ver=0,fc=0;uint64_t pl=0;int rc=fread(magic,1,7,f)==7&&!memcmp(magic,"QRXWEB1",7)?0:-1;if(!rc)rc=pub_r32(f,&ver);if(!rc&&(ver!=1||pub_r64(f,&pl)||!pl||pl>64*1024*1024ULL))rc=-1;
      |     ^~
/mnt/data/qrx_0936_work/qrx-core/src/net/qrx_net_publisher.c:107:28: note: ...this statement, but the latter is misleadingly indented as if it were guarded by the 'if'
  107 |     if(!dist||!r)return -1;if(out)memset(out,0,sizeof(*out));FILE*f=fopen(dist,"rb");if(!f)return -1;char magic[7];uint32_t ver=0,fc=0;uint64_t pl=0;int rc=fread(magic,1,7,f)==7&&!memcmp(magic,"QRXWEB1",7)?0:-1;if(!rc)rc=pub_r32(f,&ver);if(!rc&&(ver!=1||pub_r64(f,&pl)||!pl||pl>64*1024*1024ULL))rc=-1;
      |                            ^~
/mnt/data/qrx_0936_work/qrx-core/src/net/qrx_net_publisher.c:118:5: warning: this 'if' clause does not guard... [-Wmisleading-indentation]
  118 |     if(!rc&&fgetc(f)!=EOF)rc=-1;fclose(f);if(rc){qrx_net_published_site_free(&site);return -1;}if(out)*out=site;else qrx_net_published_site_free(&site);return 0;
      |     ^~
/mnt/data/qrx_0936_work/qrx-core/src/net/qrx_net_publisher.c:118:33: note: ...this statement, but the latter is misleadingly indented as if it were guarded by the 'if'
  118 |     if(!rc&&fgetc(f)!=EOF)rc=-1;fclose(f);if(rc){qrx_net_published_site_free(&site);return -1;}if(out)*out=site;else qrx_net_published_site_free(&site);return 0;
      |                                 ^~~~~~
/mnt/data/qrx_0936_work/qrx-core/src/net/qrx_net_publisher.c: At top level:
/mnt/data/qrx_0936_work/qrx-core/src/net/qrx_net_publisher.c:71:12: warning: 'pub_copy_file' defined but not used [-Wunused-function]
   71 | static int pub_copy_file(FILE*out,const char*path,uint64_t*len_out){FILE*in=fopen(path,"rb");if(!in)return-1;unsigned char b[128*1024];uint64_t z=0;int rc=0;for(;;){size_t n=fread(b,1,sizeof(b),in);if(n){if(fwrite(b,1,n,out)!=n){rc=-1;break;}z+=n;}if(n<sizeof(b)){if(ferror(in))rc=-1;break;}}fclose(in);if(!rc&&len_out)*len_out=z;return rc;}
      |            ^~~~~~~~~~~~~
/mnt/data/qrx_0936_work/qrx-core/src/net/qrx_net_site.c: In function 'capture_public_der':
/mnt/data/qrx_0936_work/qrx-core/src/net/qrx_net_site.c:17:5: warning: this 'if' clause does not guard... [-Wmisleading-indentation]
   17 |     if(!key||!out)return -1;int n=i2d_PUBKEY(key,NULL);if(n<=0||n>65536)return -1;
      |     ^~
/mnt/data/qrx_0936_work/qrx-core/src/net/qrx_net_site.c:17:29: note: ...this statement, but the latter is misleadingly indented as if it were guarded by the 'if'
   17 |     if(!key||!out)return -1;int n=i2d_PUBKEY(key,NULL);if(n<=0||n>65536)return -1;
      |                             ^~~
[ 25%] Building C object CMakeFiles/qrxcore.dir/src/net/qrx_net_browser.c.o
/mnt/data/qrx_0936_work/qrx-core/src/net/qrx_net_browser.c: In function 'b_find_contract':
/mnt/data/qrx_0936_work/qrx-core/src/net/qrx_net_browser.c:22:124: warning: missing braces around initializer [-Wmissing-braces]
   22 | static int b_find_contract(QrxDB*db,const uint8_t root[64],uint64_t h,char cid[129],QrxStorageContractState*out){FindCtx c={db,root,h,{0},{0},0};if(qrxdb_scan_prefix(db,"storage/contract/",b_find_cb,&c)||!c.cid[0])return -1;strcpy(cid,c.cid);if(out)*out=c.c;return 0;}
      |                                                                                                                            ^
      |                                                                                                                                            {}
/mnt/data/qrx_0936_work/qrx-core/src/net/qrx_net_browser.c: In function 'qrx_net_browser_fetch':
/mnt/data/qrx_0936_work/qrx-core/src/net/qrx_net_browser.c:25:5: warning: this 'if' clause does not guard... [-Wmisleading-indentation]
   25 |     if(!db||!d||!domain||!cache||!out)return -1;memset(out,0,sizeof(*out));QrxDomainRecord r;if(qrx_net_registry_get(db,domain,&r)||!qrx_domain_is_active(&r,h)||!b_root_nonzero(r.web_manifest_root)||!b_root_nonzero(r.publishing_key_commitment))return -1;
      |     ^~
/mnt/data/qrx_0936_work/qrx-core/src/net/qrx_net_browser.c:25:49: note: ...this statement, but the latter is misleadingly indented as if it were guarded by the 'if'
   25 |     if(!db||!d||!domain||!cache||!out)return -1;memset(out,0,sizeof(*out));QrxDomainRecord r;if(qrx_net_registry_get(db,domain,&r)||!qrx_domain_is_active(&r,h)||!b_root_nonzero(r.web_manifest_root)||!b_root_nonzero(r.publishing_key_commitment))return -1;
      |                                                 ^~~~~~
/mnt/data/qrx_0936_work/qrx-core/src/net/qrx_net_browser.c:26:5: warning: this 'if' clause does not guard... [-Wmisleading-indentation]
   26 |     if(b_req_path(request,out->request_path))return -1;snprintf(out->domain,sizeof(out->domain),"%s",r.name);b_hex64(r.web_manifest_root,out->manifest_root_hex);QrxStorageContractState c;if(b_find_contract(db,r.web_manifest_root,h,out->contract_id,&c))return -1;
      |     ^~
/mnt/data/qrx_0936_work/qrx-core/src/net/qrx_net_browser.c:26:56: note: ...this statement, but the latter is misleadingly indented as if it were guarded by the 'if'
   26 |     if(b_req_path(request,out->request_path))return -1;snprintf(out->domain,sizeof(out->domain),"%s",r.name);b_hex64(r.web_manifest_root,out->manifest_root_hex);QrxStorageContractState c;if(b_find_contract(db,r.web_manifest_root,h,out->contract_id,&c))return -1;
      |                                                        ^~~~~~~~
/mnt/data/qrx_0936_work/qrx-core/src/net/qrx_net_browser.c:31:5: warning: this 'if' clause does not guard... [-Wmisleading-indentation]
   31 |     if(snprintf(files,sizeof(files),"%s/files-%s",d2,out->manifest_root_hex)>=(int)sizeof(files)||b_mk(files))return -1;char safe[QRX_NET_SITE_PATH_MAX+1];snprintf(safe,sizeof(safe),"%s",out->request_path);for(char*p=safe;*p;p++)if(*p=='/')*p='_';if(snprintf(fpath,sizeof(fpath),"%s/%s",files,safe)>=(int)sizeof(fpath))return -1;if(b_extract_verified(dist,&r,h,out->request_path,fpath,&out->site_sequence))return -1;snprintf(out->distribution_cache_path,sizeof(out->distribution_cache_path),"%s",dist);snprintf(out->file_cache_path,sizeof(out->file_cache_path),"%s",fpath);return 0;
      |     ^~
/mnt/data/qrx_0936_work/qrx-core/src/net/qrx_net_browser.c:31:121: note: ...this statement, but the latter is misleadingly indented as if it were guarded by the 'if'
   31 |     if(snprintf(files,sizeof(files),"%s/files-%s",d2,out->manifest_root_hex)>=(int)sizeof(files)||b_mk(files))return -1;char safe[QRX_NET_SITE_PATH_MAX+1];snprintf(safe,sizeof(safe),"%s",out->request_path);for(char*p=safe;*p;p++)if(*p=='/')*p='_';if(snprintf(fpath,sizeof(fpath),"%s/%s",files,safe)>=(int)sizeof(fpath))return -1;if(b_extract_verified(dist,&r,h,out->request_path,fpath,&out->site_sequence))return -1;snprintf(out->distribution_cache_path,sizeof(out->distribution_cache_path),"%s",dist);snprintf(out->file_cache_path,sizeof(out->file_cache_path),"%s",fpath);return 0;
      |                                                                                                                         ^~~~
/mnt/data/qrx_0936_work/qrx-core/src/net/qrx_net_browser.c:31:563: warning: '%s' directive output may be truncated writing up to 1499 bytes into a region of size 1400 [-Wformat-truncation=]
   31 |     if(snprintf(files,sizeof(files),"%s/files-%s",d2,out->manifest_root_hex)>=(int)sizeof(files)||b_mk(files))return -1;char safe[QRX_NET_SITE_PATH_MAX+1];snprintf(safe,sizeof(safe),"%s",out->request_path);for(char*p=safe;*p;p++)if(*p=='/')*p='_';if(snprintf(fpath,sizeof(fpath),"%s/%s",files,safe)>=(int)sizeof(fpath))return -1;if(b_extract_verified(dist,&r,h,out->request_path,fpath,&out->site_sequence))return -1;snprintf(out->distribution_cache_path,sizeof(out->distribution_cache_path),"%s",dist);snprintf(out->file_cache_path,sizeof(out->file_cache_path),"%s",fpath);return 0;
      |                                                                                                                                                                                                                                                                                                                                                                                                                                                                                                                                                                                   ^~  ~~~~~
/mnt/data/qrx_0936_work/qrx-core/src/net/qrx_net_browser.c:31:503: note: 'snprintf' output between 1 and 1500 bytes into a destination of size 1400
   31 |     if(snprintf(files,sizeof(files),"%s/files-%s",d2,out->manifest_root_hex)>=(int)sizeof(files)||b_mk(files))return -1;char safe[QRX_NET_SITE_PATH_MAX+1];snprintf(safe,sizeof(safe),"%s",out->request_path);for(char*p=safe;*p;p++)if(*p=='/')*p='_';if(snprintf(fpath,sizeof(fpath),"%s/%s",files,safe)>=(int)sizeof(fpath))return -1;if(b_extract_verified(dist,&r,h,out->request_path,fpath,&out->site_sequence))return -1;snprintf(out->distribution_cache_path,sizeof(out->distribution_cache_path),"%s",dist);snprintf(out->file_cache_path,sizeof(out->file_cache_path),"%s",fpath);return 0;
      |                                                                                                                                                                                                                                                                                                                                                                                                                                                                                                                       ^~~~~~~~~~~~~~~~~~~~~~~~~~~~~~~~~~~~~~~~~~~~~~~~~~~~~~~~~~~~~~~~~~~~~~
[ 26%] Building C object CMakeFiles/qrxcore.dir/src/net/qrx_net_permissions.c.o
[ 26%] Building C object CMakeFiles/qrxcore.dir/src/net/qrx_net_sandbox.c.o
[ 26%] Building C object CMakeFiles/qrxcore.dir/src/net/qrx_net_dapp_bridge.c.o
[ 26%] Building C object CMakeFiles/qrxcore.dir/src/net/qrx_net_ads.c.o
/mnt/data/qrx_0936_work/qrx-core/src/net/qrx_net_dapp_bridge.c: In function 'qrx_dapp_bridge_save':
/mnt/data/qrx_0936_work/qrx-core/src/net/qrx_net_dapp_bridge.c:26:2: warning: this 'if' clause does not guard... [-Wmisleading-indentation]
   26 |  if(!path||!g||g->mode!=QRX_DAPP_GRANT_PERSISTENT)return -1;char tmp[1024],pk[129],mr[129];if(snprintf(tmp,sizeof(tmp),"%s.tmp",path)>=(int)sizeof(tmp))return -1;hx64(g->grant.publishing_key_commitment,pk);hx64(g->manifest_root,mr);FILE*f=fopen(tmp,"wb");if(!f)return -1;int ok=fprintf(f,"2|%s|%s|%s|%s|%u|%llu|%llu|%u|%llu|%llu|%llu\n",g->grant.domain,g->grant.owner,pk,mr,g->grant.scopes,(unsigned long long)g->grant.granted_height,(unsigned long long)g->grant.expiry_height,(unsigned)g->mode,(unsigned long long)g->grant_id,(unsigned long long)g->last_nonce,(unsigned long long)g->window_start_height)>0&&fflush(f)==0&&fclose(f)==0;if(!ok){remove(tmp);return -1;}if(rename(tmp,path)){remove(tmp);return -1;}return 0;
      |  ^~
/mnt/data/qrx_0936_work/qrx-core/src/net/qrx_net_dapp_bridge.c:26:61: note: ...this statement, but the latter is misleadingly indented as if it were guarded by the 'if'
   26 |  if(!path||!g||g->mode!=QRX_DAPP_GRANT_PERSISTENT)return -1;char tmp[1024],pk[129],mr[129];if(snprintf(tmp,sizeof(tmp),"%s.tmp",path)>=(int)sizeof(tmp))return -1;hx64(g->grant.publishing_key_commitment,pk);hx64(g->manifest_root,mr);FILE*f=fopen(tmp,"wb");if(!f)return -1;int ok=fprintf(f,"2|%s|%s|%s|%s|%u|%llu|%llu|%u|%llu|%llu|%llu\n",g->grant.domain,g->grant.owner,pk,mr,g->grant.scopes,(unsigned long long)g->grant.granted_height,(unsigned long long)g->grant.expiry_height,(unsigned)g->mode,(unsigned long long)g->grant_id,(unsigned long long)g->last_nonce,(unsigned long long)g->window_start_height)>0&&fflush(f)==0&&fclose(f)==0;if(!ok){remove(tmp);return -1;}if(rename(tmp,path)){remove(tmp);return -1;}return 0;
      |                                                             ^~~~
/mnt/data/qrx_0936_work/qrx-core/src/net/qrx_net_dapp_bridge.c: In function 'qrx_dapp_bridge_load':
/mnt/data/qrx_0936_work/qrx-core/src/net/qrx_net_dapp_bridge.c:29:2: warning: this 'if' clause does not guard... [-Wmisleading-indentation]
   29 |  if(!path||!g)return -1;FILE*f=fopen(path,"rb");if(!f)return -1;char line[1800];if(!fgets(line,sizeof(line),f)){fclose(f);return -1;}fclose(f);char d[254],o[160],pk[129],mr[129];unsigned sc=0,mode=0;unsigned long long gh=0,eh=0,gid=0,nonce=0,ws=0;if(sscanf(line,"2|%253[^|]|%159[^|]|%128[^|]|%128[^|]|%u|%llu|%llu|%u|%llu|%llu|%llu",d,o,pk,mr,&sc,&gh,&eh,&mode,&gid,&nonce,&ws)!=11)return -1;memset(g,0,sizeof(*g));strcpy(g->grant.domain,d);strcpy(g->grant.owner,o);if(uh64(pk,g->grant.publishing_key_commitment)||uh64(mr,g->manifest_root))return -1;g->grant.scopes=sc;g->grant.granted_height=gh;g->grant.expiry_height=eh;g->mode=(QrxDappGrantMode)mode;g->grant_id=gid;g->last_nonce=nonce;g->window_start_height=ws;return g->mode==QRX_DAPP_GRANT_PERSISTENT&&gid&&sc&&!(sc&~QRX_DAPP_SCOPE_ALLOWED_MASK)?0:-1;
      |  ^~
/mnt/data/qrx_0936_work/qrx-core/src/net/qrx_net_dapp_bridge.c:29:25: note: ...this statement, but the latter is misleadingly indented as if it were guarded by the 'if'
   29 |  if(!path||!g)return -1;FILE*f=fopen(path,"rb");if(!f)return -1;char line[1800];if(!fgets(line,sizeof(line),f)){fclose(f);return -1;}fclose(f);char d[254],o[160],pk[129],mr[129];unsigned sc=0,mode=0;unsigned long long gh=0,eh=0,gid=0,nonce=0,ws=0;if(sscanf(line,"2|%253[^|]|%159[^|]|%128[^|]|%128[^|]|%u|%llu|%llu|%u|%llu|%llu|%llu",d,o,pk,mr,&sc,&gh,&eh,&mode,&gid,&nonce,&ws)!=11)return -1;memset(g,0,sizeof(*g));strcpy(g->grant.domain,d);strcpy(g->grant.owner,o);if(uh64(pk,g->grant.publishing_key_commitment)||uh64(mr,g->manifest_root))return -1;g->grant.scopes=sc;g->grant.granted_height=gh;g->grant.expiry_height=eh;g->mode=(QrxDappGrantMode)mode;g->grant_id=gid;g->last_nonce=nonce;g->window_start_height=ws;return g->mode==QRX_DAPP_GRANT_PERSISTENT&&gid&&sc&&!(sc&~QRX_DAPP_SCOPE_ALLOWED_MASK)?0:-1;
      |                         ^~~~
[ 27%] Building C object CMakeFiles/qrxcore.dir/src/net/qrx_net_youth.c.o
[ 27%] Building C object CMakeFiles/qrxcore.dir/src/genesis/qrx_bootstrap_validators.c.o
[ 27%] Building C object CMakeFiles/qrxcore.dir/src/genesis/qrx_genesis_governance.c.o
[ 28%] Linking C static library libqrxcore.a
[ 28%] Built target qrxcore
[ 29%] Building C object CMakeFiles/qrx.dir/src/qrx_main.c.o
[ 29%] Building C object CMakeFiles/qrxd.dir/src/qrxd.c.o
[ 29%] Linking C executable qrx
[ 29%] Built target qrx
[ 29%] Building C object CMakeFiles/qrx-cli.dir/src/qrx_cli.c.o
[ 30%] Linking C executable qrx-cli
[ 30%] Built target qrx-cli
[ 30%] Linking C executable qrxd
[ 30%] Building C object CMakeFiles/qrxdb_verify.dir/src/qrxdb_verify_tool.c.o
[ 30%] Linking C executable qrxdb_verify
[ 30%] Built target qrxd
[ 30%] Built target qrxdb_verify
[ 31%] Building C object CMakeFiles/qrxdb_salvage.dir/src/qrxdb_salvage_tool.c.o
[ 32%] Building C object CMakeFiles/qrxdb_compact.dir/src/qrxdb_compact_tool.c.o
[ 32%] Linking C executable qrxdb_salvage
[ 32%] Linking C executable qrxdb_compact
[ 32%] Built target qrxdb_salvage
[ 32%] Built target qrxdb_compact
[ 32%] Building C object CMakeFiles/qrxdb_snapshot.dir/src/qrxdb_snapshot_tool.c.o
[ 32%] Building C object CMakeFiles/qrx_velocity_engine_test.dir/tests/velocity_phase4_engine.c.o
[ 33%] Linking C executable qrxdb_snapshot
[ 33%] Linking C executable qrx_velocity_engine_test
[ 33%] Built target qrxdb_snapshot
[ 34%] Building C object CMakeFiles/qrx_velocity_mvcc_test.dir/tests/velocity_phase4b_mvcc.c.o
[ 34%] Built target qrx_velocity_engine_test
[ 34%] Building C object CMakeFiles/qrx_velocity_stateful_mvcc_test.dir/tests/velocity_phase4c_stateful.c.o
[ 34%] Linking C executable qrx_velocity_mvcc_test
[ 34%] Linking C executable qrx_velocity_stateful_mvcc_test
[ 34%] Built target qrx_velocity_mvcc_test
[ 34%] Building C object CMakeFiles/qrx_velocity_dynamic_mvcc_test.dir/tests/velocity_phase4d_dynamic.c.o
[ 34%] Built target qrx_velocity_stateful_mvcc_test
[ 34%] Building C object CMakeFiles/qrx_velocity_speculative_mvcc_test.dir/tests/velocity_phase4e_speculative.c.o
[ 35%] Linking C executable qrx_velocity_dynamic_mvcc_test
[ 36%] Linking C executable qrx_velocity_speculative_mvcc_test
[ 36%] Built target qrx_velocity_dynamic_mvcc_test
[ 36%] Building C object CMakeFiles/qrx_velocity_block_scheduler_test.dir/tests/velocity_phase4f_scheduler.c.o
[ 36%] Built target qrx_velocity_speculative_mvcc_test
[ 36%] Building C object CMakeFiles/qrx_btc_spv_hardening_test.dir/tests/qrx_btc_spv_hardening.c.o
[ 37%] Linking C executable qrx_velocity_block_scheduler_test
[ 37%] Linking C executable qrx_btc_spv_hardening_test
[ 37%] Built target qrx_velocity_block_scheduler_test
[ 38%] Building C object CMakeFiles/qrx_resource_foundation_test.dir/tests/resource_phase080_foundation.c.o
[ 38%] Built target qrx_btc_spv_hardening_test
[ 38%] Linking C executable qrx_resource_foundation_test
[ 39%] Building C object CMakeFiles/qrx_storage_filesystem_test.dir/tests/storage_phase081_filesystem.c.o
[ 39%] Linking C executable qrx_storage_filesystem_test
[ 39%] Built target qrx_resource_foundation_test
[ 39%] Building C object CMakeFiles/qrx_storage_capacity_test.dir/tests/storage_phase082_capacity.c.o
[ 39%] Built target qrx_storage_filesystem_test
[ 40%] Linking C executable qrx_storage_capacity_test
[ 41%] Building C object CMakeFiles/qrx_capacity_proof_test.dir/tests/storage_phase084_capacity_proof.c.o
[ 41%] Built target qrx_storage_capacity_test
[ 41%] Linking C executable qrx_capacity_proof_test
[ 42%] Building C object CMakeFiles/qrx_drive_pq_crypto_test.dir/tests/storage_phase085_pq_crypto.c.o
[ 42%] Built target qrx_capacity_proof_test
[ 42%] Linking C executable qrx_drive_pq_crypto_test
[ 42%] Building C object CMakeFiles/qrx_drive_manifest_test.dir/tests/storage_phase086_manifest.c.o
[ 42%] Built target qrx_drive_pq_crypto_test
[ 42%] Linking C executable qrx_drive_manifest_test
[ 42%] Building C object CMakeFiles/qrx_erasure_test.dir/tests/storage_phase087_erasure.c.o
[ 42%] Built target qrx_drive_manifest_test
[ 42%] Linking C executable qrx_erasure_test
[ 42%] Building C object CMakeFiles/qrx_storage_placement_test.dir/tests/storage_phase088_placement.c.o
[ 43%] Linking C executable qrx_storage_placement_test
[ 43%] Built target qrx_erasure_test
[ 43%] Building C object CMakeFiles/qrx_postor_test.dir/tests/storage_phase089_postor.c.o
[ 43%] Built target qrx_storage_placement_test
[ 43%] Building C object CMakeFiles/qrx_storage_market_test.dir/tests/storage_phase090_market.c.o
[ 43%] Linking C executable qrx_postor_test
[ 44%] Linking C executable qrx_storage_market_test
[ 44%] Built target qrx_postor_test
[ 44%] Built target qrx_storage_market_test
[ 44%] Building C object CMakeFiles/qrx_storage_repair_test.dir/tests/storage_phase091_repair.c.o
[ 44%] Building C object CMakeFiles/qrx_storage_atlas_test.dir/tests/storage_phase092_atlas.c.o
[ 44%] Linking C executable qrx_storage_repair_test
[ 44%] Linking C executable qrx_storage_atlas_test
[ 44%] Built target qrx_storage_repair_test
[ 44%] Built target qrx_storage_atlas_test
[ 45%] Building C object CMakeFiles/qrx_storage_transport_test.dir/tests/storage_phase093_transport.c.o
[ 45%] Building C object CMakeFiles/qrx_net_name_test.dir/tests/net_phase844_name.c.o
[ 45%] Linking C executable qrx_storage_transport_test
[ 46%] Linking C executable qrx_net_name_test
[ 46%] Built target qrx_storage_transport_test
[ 46%] Building C object CMakeFiles/qrx_net_registry_test.dir/tests/net_phase844_registry.c.o
[ 46%] Built target qrx_net_name_test
[ 47%] Building C object CMakeFiles/qrx_net_resolver_test.dir/tests/net_phase846_resolver.c.o
[ 47%] Linking C executable qrx_net_resolver_test
[ 47%] Linking C executable qrx_net_registry_test
[ 47%] Built target qrx_net_resolver_test
[ 47%] Built target qrx_net_registry_test
[ 47%] Building C object CMakeFiles/qrx_net_site_test.dir/tests/net_phase847_site.c.o
[ 47%] Building C object CMakeFiles/qrx_net_permissions_test.dir/tests/net_phase854_permissions.c.o
[ 48%] Linking C executable qrx_net_site_test
[ 49%] Linking C executable qrx_net_permissions_test
[ 49%] Built target qrx_net_site_test
[ 49%] Built target qrx_net_permissions_test
[ 49%] Building C object CMakeFiles/qrx_storage_consensus_test.dir/tests/storage_phase094_consensus.c.o
[ 50%] Building C object CMakeFiles/qrx_net_consensus_test.dir/tests/net_phase855_consensus.c.o
[ 50%] Linking C executable qrx_storage_consensus_test
[ 50%] Linking C executable qrx_net_consensus_test
[ 50%] Built target qrx_storage_consensus_test
[ 50%] Built target qrx_net_consensus_test
[ 51%] Building C object CMakeFiles/qrx_storage_attestation_test.dir/tests/storage_phase095_attestation.c.o
[ 52%] Building C object CMakeFiles/qrx_storage_p2p_test.dir/tests/storage_phase096_p2p.c.o
[ 52%] Linking C executable qrx_storage_p2p_test
[ 52%] Linking C executable qrx_storage_attestation_test
[ 52%] Built target qrx_storage_p2p_test
[ 52%] Built target qrx_storage_attestation_test
[ 53%] Building C object CMakeFiles/qrx_storage_large_object_test.dir/tests/storage_phase097_large_object.c.o
[ 54%] Building C object CMakeFiles/qrx_storage_discovery_test.dir/tests/storage_phase099_discovery.c.o
[ 54%] Linking C executable qrx_storage_large_object_test
[ 54%] Linking C executable qrx_storage_discovery_test
[ 54%] Built target qrx_storage_large_object_test
[ 54%] Built target qrx_storage_discovery_test
[ 55%] Building C object CMakeFiles/qrx_resource_dashboard_test.dir/tests/storage_phase100_dashboard.c.o
[ 55%] Building C object CMakeFiles/qrx_resource_live_test.dir/tests/storage_phase101_live_dashboard.c.o
[ 55%] Linking C executable qrx_resource_dashboard_test
[ 56%] Linking C executable qrx_resource_live_test
[ 56%] Built target qrx_resource_dashboard_test
[ 56%] Built target qrx_resource_live_test
[ 56%] Building C object CMakeFiles/qrx_drive_live_test.dir/tests/storage_phase102_drive_live.c.o
[ 57%] Building C object CMakeFiles/qrx_storage_network_transfer_test.dir/tests/storage_phase103_network_transfer.c.o
[ 58%] Linking C executable qrx_drive_live_test
[ 58%] Linking C executable qrx_storage_network_transfer_test
[ 58%] Built target qrx_storage_network_transfer_test
[ 58%] Built target qrx_drive_live_test
[ 58%] Building C object CMakeFiles/qrx_drive_runtime_test.dir/tests/storage_phase104_drive_runtime.c.o
[ 59%] Building C object CMakeFiles/qrx_drive_recovery_test.dir/tests/storage_phase105_drive_recovery.c.o
[ 59%] Linking C executable qrx_drive_recovery_test
[ 59%] Built target qrx_drive_recovery_test
[ 59%] Building C object CMakeFiles/qrx_storage_gossip_streaming_test.dir/tests/storage_phase106_gossip_streaming.c.o
[ 60%] Linking C executable qrx_drive_runtime_test
[ 61%] Linking C executable qrx_storage_gossip_streaming_test
[ 61%] Built target qrx_drive_runtime_test
[ 61%] Building C object CMakeFiles/qrx_storage_identity_gossip_test.dir/tests/storage_phase107_identity_gossip.c.o
[ 61%] Built target qrx_storage_gossip_streaming_test
[ 61%] Building C object CMakeFiles/qrx_drive_private_pq_test.dir/tests/storage_phase108_private_pq.c.o
[ 61%] Linking C executable qrx_storage_identity_gossip_test
[ 61%] Linking C executable qrx_drive_private_pq_test
[ 61%] Built target qrx_storage_identity_gossip_test
[ 61%] Building C object CMakeFiles/qrx_drive_prepare_test.dir/tests/storage_phase109_prepare.c.o
[ 61%] Built target qrx_drive_private_pq_test
[ 61%] Building C object CMakeFiles/qrx_drive_prepared_runtime_test.dir/tests/storage_phase110_prepared_runtime.c.o
[ 62%] Linking C executable qrx_drive_prepare_test
[ 63%] Linking C executable qrx_drive_prepared_runtime_test
[ 63%] Built target qrx_drive_prepare_test
[ 64%] Building C object CMakeFiles/qrx_drive_contract_orchestration_test.dir/tests/storage_phase111_contract_orchestration.c.o
[ 64%] Built target qrx_drive_prepared_runtime_test
[ 64%] Building C object CMakeFiles/qrx_storage_multifetch_test.dir/tests/storage_phase098_multifetch.c.o
[ 64%] Linking C executable qrx_drive_contract_orchestration_test
[ 64%] Linking C executable qrx_storage_multifetch_test
[ 64%] Built target qrx_drive_contract_orchestration_test
[ 64%] Built target qrx_storage_multifetch_test
[ 65%] Building C object CMakeFiles/storage_phase112_provider_activation.dir/tests/storage_phase112_provider_activation.c.o
[ 65%] Building C object CMakeFiles/storage_phase113_postor_runtime.dir/tests/storage_phase113_postor_runtime.c.o
[ 65%] Linking C executable storage_phase112_provider_activation
[ 66%] Linking C executable storage_phase113_postor_runtime
[ 66%] Built target storage_phase112_provider_activation
[ 66%] Built target storage_phase113_postor_runtime
[ 66%] Building C object CMakeFiles/storage_phase114_repair_runtime.dir/tests/storage_phase114_repair_runtime.c.o
[ 67%] Building C object CMakeFiles/net_phase115_domain_management.dir/tests/net_phase115_domain_management.c.o
[ 68%] Linking C executable storage_phase114_repair_runtime
[ 68%] Linking C executable net_phase115_domain_management
[ 68%] Built target storage_phase114_repair_runtime
[ 68%] Built target net_phase115_domain_management
[ 68%] Building C object CMakeFiles/net_phase116_site_package.dir/tests/net_phase116_site_package.c.o
[ 68%] Building C object CMakeFiles/net_phase117_directory_publisher.dir/tests/net_phase117_directory_publisher.c.o
[ 69%] Linking C executable net_phase116_site_package
[ 70%] Linking C executable net_phase117_directory_publisher
[ 70%] Built target net_phase116_site_package
[ 70%] Built target net_phase117_directory_publisher
[ 70%] Building C object CMakeFiles/net_phase118_hosting_activation.dir/tests/net_phase118_hosting_activation.c.o
[ 71%] Building C object CMakeFiles/net_phase119_browser_fetch.dir/tests/net_phase119_browser_fetch.c.o
[ 71%] Linking C executable net_phase118_hosting_activation
[ 71%] Linking C executable net_phase119_browser_fetch
[ 71%] Built target net_phase118_hosting_activation
[ 71%] Built target net_phase119_browser_fetch
[ 71%] Building C object CMakeFiles/net_phase121_dapp_bridge.dir/tests/net_phase121_dapp_bridge.c.o
[ 71%] Building C object CMakeFiles/net_phase120_browser_sandbox.dir/tests/net_phase120_browser_sandbox.c.o
[ 72%] Linking C executable net_phase120_browser_sandbox
[ 72%] Linking C executable net_phase121_dapp_bridge
[ 72%] Built target net_phase120_browser_sandbox
[ 73%] Building C object CMakeFiles/net_phase122_ad_economy.dir/tests/net_phase122_ad_economy.c.o
[ 73%] Built target net_phase121_dapp_bridge
[ 74%] Building C object CMakeFiles/net_phase123_youth_safety.dir/tests/net_phase123_youth_safety.c.o
[ 74%] Linking C executable net_phase122_ad_economy
[ 74%] Linking C executable net_phase123_youth_safety
[ 74%] Built target net_phase123_youth_safety
[ 74%] Built target net_phase122_ad_economy
[ 74%] Building C object CMakeFiles/net_phase124_hosting_missions.dir/tests/net_phase124_hosting_missions.c.o
[ 74%] Building C object CMakeFiles/net_phase125_final_readiness.dir/tests/net_phase125_final_readiness.c.o
[ 75%] Linking C executable net_phase124_hosting_missions
[ 75%] Linking C executable net_phase125_final_readiness
[ 75%] Built target net_phase124_hosting_missions
[ 75%] Built target net_phase125_final_readiness
[ 75%] Building C object CMakeFiles/compute_phase126_foundation.dir/tests/compute_phase126_foundation.c.o
[ 76%] Building C object CMakeFiles/compute_phase127_capability_discovery.dir/tests/compute_phase127_capability_discovery.c.o
[ 76%] Linking C executable compute_phase126_foundation
[ 76%] Linking C executable compute_phase127_capability_discovery
[ 76%] Built target compute_phase126_foundation
[ 76%] Built target compute_phase127_capability_discovery
[ 76%] Building C object CMakeFiles/compute_phase128_benchmark_normalization.dir/tests/compute_phase128_benchmark_normalization.c.o
[ 76%] Building C object CMakeFiles/compute_phase129_model_registry.dir/tests/compute_phase129_model_registry.c.o
[ 77%] Linking C executable compute_phase128_benchmark_normalization
[ 77%] Linking C executable compute_phase129_model_registry
[ 77%] Built target compute_phase128_benchmark_normalization
[ 77%] Built target compute_phase129_model_registry
[ 78%] Building C object CMakeFiles/compute_phase130_job_protocol.dir/tests/compute_phase130_job_protocol.c.o
[ 78%] Building C object CMakeFiles/compute_phase131_market_escrow.dir/tests/compute_phase131_market_escrow.c.o
[ 78%] Linking C executable compute_phase130_job_protocol
[ 79%] Linking C executable compute_phase131_market_escrow
[ 79%] Built target compute_phase130_job_protocol
[ 79%] Built target compute_phase131_market_escrow
[ 79%] Building C object CMakeFiles/compute_phase132_secure_sandbox.dir/tests/compute_phase132_secure_sandbox.c.o
[ 79%] Building C object CMakeFiles/compute_phase133_pouc_verification.dir/tests/compute_phase133_pouc_verification.c.o
[ 80%] Linking C executable compute_phase132_secure_sandbox
[ 80%] Linking C executable compute_phase133_pouc_verification
[ 80%] Built target compute_phase132_secure_sandbox
[ 80%] Built target compute_phase133_pouc_verification
[ 81%] Building C object CMakeFiles/compute_phase134_aura_runtime.dir/tests/compute_phase134_aura_runtime.c.o
[ 81%] Building C object CMakeFiles/compute_phase135_aura_chat.dir/tests/compute_phase135_aura_chat.c.o
[ 81%] Linking C executable compute_phase134_aura_runtime
[ 82%] Linking C executable compute_phase135_aura_chat
[ 82%] Built target compute_phase134_aura_runtime
[ 82%] Built target compute_phase135_aura_chat
[ 82%] Building C object CMakeFiles/compute_phase136_aura_artifacts.dir/tests/compute_phase136_aura_artifacts.c.o
[ 83%] Building C object CMakeFiles/compute_phase137_aura_code_workspace.dir/tests/compute_phase137_aura_code_workspace.c.o
[ 83%] Linking C executable compute_phase136_aura_artifacts
[ 83%] Linking C executable compute_phase137_aura_code_workspace
[ 83%] Built target compute_phase136_aura_artifacts
[ 83%] Built target compute_phase137_aura_code_workspace
[ 83%] Building C object CMakeFiles/compute_phase138_aura_code_lifecycle.dir/tests/compute_phase138_aura_code_lifecycle.c.o
[ 83%] Building C object CMakeFiles/compute_phase139_moe_traffic_optimistic.dir/tests/compute_phase139_moe_traffic_optimistic.c.o
[ 84%] Linking C executable compute_phase138_aura_code_lifecycle
[ 85%] Linking C executable compute_phase139_moe_traffic_optimistic
[ 85%] Built target compute_phase138_aura_code_lifecycle
[ 85%] Built target compute_phase139_moe_traffic_optimistic
[ 85%] Building C object CMakeFiles/compute_phase140_moe_coordinator_prefetch.dir/tests/compute_phase140_moe_coordinator_prefetch.c.o
[ 86%] Building C object CMakeFiles/compute_phase141_moe_batch_stream_aggregation.dir/tests/compute_phase141_moe_batch_stream_aggregation.c.o
[ 86%] Linking C executable compute_phase140_moe_coordinator_prefetch
[ 86%] Linking C executable compute_phase141_moe_batch_stream_aggregation
[ 86%] Built target compute_phase140_moe_coordinator_prefetch
[ 86%] Built target compute_phase141_moe_batch_stream_aggregation
[ 86%] Building C object CMakeFiles/compute_phase142_moe_adaptive_scheduler_telemetry.dir/tests/compute_phase142_moe_adaptive_scheduler_telemetry.c.o
[ 86%] Building C object CMakeFiles/compute_phase143_moe_runtime_benchmark.dir/tests/compute_phase143_moe_runtime_benchmark.c.o
[ 87%] Linking C executable compute_phase142_moe_adaptive_scheduler_telemetry
[ 87%] Linking C executable compute_phase143_moe_runtime_benchmark
[ 87%] Built target compute_phase142_moe_adaptive_scheduler_telemetry
[ 87%] Built target compute_phase143_moe_runtime_benchmark
[ 88%] Building C object CMakeFiles/compute_phase144_native_runtime_calibration.dir/tests/compute_phase144_native_runtime_calibration.c.o
[ 89%] Building C object CMakeFiles/compute_phase145_resource_globe.dir/tests/compute_phase145_resource_globe.c.o
[ 89%] Linking C executable compute_phase144_native_runtime_calibration
[ 89%] Linking C executable compute_phase145_resource_globe
[ 89%] Built target compute_phase144_native_runtime_calibration
[ 89%] Built target compute_phase145_resource_globe
[ 89%] Building C object CMakeFiles/compute_phase146_opportunity_engine.dir/tests/compute_phase146_opportunity_engine.c.o
[ 89%] Building C object CMakeFiles/compute_phase147_task_globe.dir/tests/compute_phase147_task_globe.c.o
[ 90%] Linking C executable compute_phase146_opportunity_engine
[ 90%] Linking C executable compute_phase147_task_globe
[ 90%] Built target compute_phase146_opportunity_engine
[ 90%] Built target compute_phase147_task_globe
[ 91%] Building C object CMakeFiles/compute_phase148_qrx_os_compute.dir/tests/compute_phase148_qrx_os_compute.c.o
[ 91%] Building C object CMakeFiles/compute_phase149_resource_provider_ux.dir/tests/compute_phase149_resource_provider_ux.c.o
[ 92%] Linking C executable compute_phase149_resource_provider_ux
[ 92%] Linking C executable compute_phase148_qrx_os_compute
[ 92%] Built target compute_phase149_resource_provider_ux
[ 92%] Built target compute_phase148_qrx_os_compute
[ 92%] Building C object CMakeFiles/compute_phase150_provider_runtime_market.dir/tests/compute_phase150_provider_runtime_market.c.o
[ 93%] Building C object CMakeFiles/compute_phase151_adversarial_testnet.dir/tests/compute_phase151_adversarial_testnet.c.o
[ 93%] Linking C executable compute_phase150_provider_runtime_market
[ 93%] Linking C executable compute_phase151_adversarial_testnet
[ 93%] Built target compute_phase150_provider_runtime_market
[ 93%] Built target compute_phase151_adversarial_testnet
[ 94%] Building C object CMakeFiles/compute_phase152_pouc_mainnet_activation.dir/tests/compute_phase152_pouc_mainnet_activation.c.o
[ 94%] Building C object CMakeFiles/compute_phase153_pouc_durable_journal.dir/tests/compute_phase153_pouc_durable_journal.c.o
[ 94%] Linking C executable compute_phase152_pouc_mainnet_activation
[ 95%] Linking C executable compute_phase153_pouc_durable_journal
[ 95%] Built target compute_phase152_pouc_mainnet_activation
[ 95%] Built target compute_phase153_pouc_durable_journal
[ 95%] Building C object CMakeFiles/compute_phase154_pouc_block_pipeline.dir/tests/compute_phase154_pouc_block_pipeline.c.o
[ 96%] Building C object CMakeFiles/compute_phase155_pouc_upstream_transactions.dir/tests/compute_phase155_pouc_upstream_transactions.c.o
[ 96%] Linking C executable compute_phase154_pouc_block_pipeline
[ 96%] Linking C executable compute_phase155_pouc_upstream_transactions
[ 96%] Built target compute_phase154_pouc_block_pipeline
[ 96%] Built target compute_phase155_pouc_upstream_transactions
[ 96%] Building C object CMakeFiles/compute_phase156_verifier_selection_rewards_slashing.dir/tests/compute_phase156_verifier_selection_rewards_slashing.c.o
[ 96%] Building C object CMakeFiles/compute_phase157_verifier_timeout_reorg_penalty.dir/tests/compute_phase157_verifier_timeout_reorg_penalty.c.o
[ 97%] Linking C executable compute_phase156_verifier_selection_rewards_slashing
[ 98%] Linking C executable compute_phase157_verifier_timeout_reorg_penalty
[ 98%] Built target compute_phase156_verifier_selection_rewards_slashing
[ 98%] Built target compute_phase157_verifier_timeout_reorg_penalty
[ 98%] Building C object CMakeFiles/compute_phase158_canonical_reorg_reward_governance.dir/tests/compute_phase158_canonical_reorg_reward_governance.c.o
[ 99%] Building C object CMakeFiles/compute_phase159_pouc_upstream_undo_e2e_reorg.dir/tests/compute_phase159_pouc_upstream_undo_e2e_reorg.c.o
[ 99%] Linking C executable compute_phase158_canonical_reorg_reward_governance
[ 99%] Linking C executable compute_phase159_pouc_upstream_undo_e2e_reorg
[ 99%] Built target compute_phase158_canonical_reorg_reward_governance
[ 99%] Building C object CMakeFiles/compute_phase160_aura_adaptive_model_fabric.dir/tests/compute_phase160_aura_adaptive_model_fabric.c.o
[ 99%] Built target compute_phase159_pouc_upstream_undo_e2e_reorg
[ 99%] Building C object CMakeFiles/compute_phase161_aura_pod_gossip_live_globe.dir/tests/compute_phase161_aura_pod_gossip_live_globe.c.o
[100%] Linking C executable compute_phase160_aura_adaptive_model_fabric
[100%] Built target compute_phase160_aura_adaptive_model_fabric
[100%] Linking C executable compute_phase161_aura_pod_gossip_live_globe
[100%] Built target compute_phase161_aura_pod_gossip_live_globe
